fipstate,fipscty,naics,emp_nf,emp,qp1_nf,qp1,ap_nf,ap,est,n<5,n5_9,n10_19,n20_49,n50_99,n100_249,n250_499,n500_999,n1000,n1000_1,n1000_2,n1000_3,n1000_4
22,005,------,G,45262,G,853572,G,3201885,2626,1257,527,395,288,91,51,10,4,3,N,N,N,N
22,005,21----,G,235,G,6892,G,23221,13,5,N,N,3,N,N,N,N,N,N,N,N,N
22,005,211///,J,42,J,1830,J,6101,4,N,N,N,N,N,N,N,N,N,N,N,N,N
22,005,2111//,J,42,J,1830,J,6101,4,N,N,N,N,N,N,N,N,N,N,N,N,N
22,005,21113/,J,42,J,1830,J,6101,4,N,N,N,N,N,N,N,N,N,N,N,N,N
22,005,211130,J,42,J,1830,J,6101,4,N,N,N,N,N,N,N,N,N,N,N,N,N
22,005,213///,G,192,G,5053,G,17083,8,N,N,N,N,N,N,N,N,N,N,N,N,N
22,005,2131//,G,192,G,5053,G,17083,8,N,N,N,N,N,N,N,N,N,N,N,N,N
22,005,21311/,G,192,G,5053,G,17083,8,N,N,N,N,N,N,N,N,N,N,N,N,N
22,005,213112,G,192,G,5053,G,17083,8,N,N,N,N,N,N,N,N,N,N,N,N,N
22,005,22----,G,140,G,2989,G,12202,9,3,N,N,N,N,N,N,N,N,N,N,N,N
22,005,221///,G,140,G,2989,G,12202,9,3,N,N,N,N,N,N,N,N,N,N,N,N
22,005,2211//,J,55,J,1487,J,5697,4,N,N,N,N,N,N,N,N,N,N,N,N,N
22,005,22112/,J,55,J,1487,J,5697,4,N,N,N,N,N,N,N,N,N,N,N,N,N
22,005,221122,J,55,J,1487,J,5697,4,N,N,N,N,N,N,N,N,N,N,N,N,N
22,005,2213//,J,59,J,1116,J,4519,3,N,N,N,N,N,N,N,N,N,N,N,N,N
22,005,23----,G,9636,G,244438,G,901130,290,167,45,25,23,12,13,N,N,N,N,N,N,N
22,005,236///,G,588,G,11055,G,51786,76,58,10,3,N,N,N,N,N,N,N,N,N,N
22,005,2361//,H,197,H,3267,H,14021,52,46,5,N,N,N,N,N,N,N,N,N,N,N
22,005,23611/,H,197,H,3267,H,14021,52,46,5,N,N,N,N,N,N,N,N,N,N,N
22,005,236115,H,39,G,519,G,2365,17,15,N,N,N,N,N,N,N,N,N,N,N,N
22,005,236117,H,31,G,378,G,1466,11,9,N,N,N,N,N,N,N,N,N,N,N,N
22,005,236118,H,38,G,350,G,1395,22,21,N,N,N,N,N,N,N,N,N,N,N,N
22,005,2362//,G,391,G,7788,G,37765,24,12,5,3,N,N,N,N,N,N,N,N,N,N
22,005,23621/,G,268,G,5560,G,25192,4,N,N,N,N,N,N,N,N,N,N,N,N,N
22,005,236210,G,268,G,5560,G,25192,4,N,N,N,N,N,N,N,N,N,N,N,N,N
22,005,23622/,G,123,G,2228,H,12573,20,11,5,3,N,N,N,N,N,N,N,N,N,N
22,005,236220,G,123,G,2228,H,12573,20,11,5,3,N,N,N,N,N,N,N,N,N,N
22,005,237///,G,1705,G,34301,H,173093,39,14,6,4,N,6,6,N,N,N,N,N,N,N
22,005,2371//,H,679,H,14097,H,67045,19,8,3,N,N,3,3,N,N,N,N,N,N,N
22,005,23711/,G,6,H,63,H,331,5,5,N,N,N,N,N,N,N,N,N,N,N,N
22,005,237110,G,6,H,63,H,331,5,5,N,N,N,N,N,N,N,N,N,N,N,N
22,005,23712/,J,531,J,11905,J,51608,7,N,N,N,N,3,N,N,N,N,N,N,N,N
22,005,237120,J,531,J,11905,J,51608,7,N,N,N,N,3,N,N,N,N,N,N,N,N
22,005,23713/,J,142,J,2129,G,15106,7,3,N,N,N,N,N,N,N,N,N,N,N,N
22,005,237130,J,142,J,2129,G,15106,7,3,N,N,N,N,N,N,N,N,N,N,N,N
22,005,2372//,G,4,G,127,G,491,3,3,N,N,N,N,N,N,N,N,N,N,N,N
22,005,23721/,G,4,G,127,G,491,3,3,N,N,N,N,N,N,N,N,N,N,N,N
22,005,237210,G,4,G,127,G,491,3,3,N,N,N,N,N,N,N,N,N,N,N,N
22,005,2373//,G,249,G,4854,G,19790,7,N,N,N,N,N,N,N,N,N,N,N,N,N
22,005,23731/,G,249,G,4854,G,19790,7,N,N,N,N,N,N,N,N,N,N,N,N,N
22,005,237310,G,249,G,4854,G,19790,7,N,N,N,N,N,N,N,N,N,N,N,N,N
22,005,2379//,G,773,G,15223,H,85767,10,N,N,N,N,N,N,N,N,N,N,N,N,N
22,005,23799/,G,773,G,15223,H,85767,10,N,N,N,N,N,N,N,N,N,N,N,N,N
22,005,237990,G,773,G,15223,H,85767,10,N,N,N,N,N,N,N,N,N,N,N,N,N
22,005,238///,G,7343,H,199082,G,676251,175,95,29,18,19,5,5,N,N,N,N,N,N,N
22,005,2381//,H,729,H,15665,H,71466,37,24,3,3,4,N,N,N,N,N,N,N,N,N
22,005,23811/,H,43,G,834,G,2988,6,3,N,N,N,N,N,N,N,N,N,N,N,N
22,005,238110,H,43,G,834,G,2988,6,3,N,N,N,N,N,N,N,N,N,N,N,N
22,005,23812/,J,386,J,9350,J,45835,5,3,N,N,N,N,N,N,N,N,N,N,N,N
22,005,238120,J,386,J,9350,J,45835,5,3,N,N,N,N,N,N,N,N,N,N,N,N
22,005,23814/,G,26,J,492,J,1909,3,N,N,N,N,N,N,N,N,N,N,N,N,N
22,005,238140,G,26,J,492,J,1909,3,N,N,N,N,N,N,N,N,N,N,N,N,N
22,005,23816/,H,133,H,2870,H,12364,17,14,N,N,N,N,N,N,N,N,N,N,N,N
22,005,238160,H,133,H,2870,H,12364,17,14,N,N,N,N,N,N,N,N,N,N,N,N
22,005,2382//,H,3865,H,130365,H,415257,76,34,14,12,8,3,4,N,N,N,N,N,N,N
22,005,23821/,J,569,J,10608,J,44640,30,11,6,7,3,N,N,N,N,N,N,N,N,N
22,005,238210,J,569,J,10608,J,44640,30,11,6,7,3,N,N,N,N,N,N,N,N,N
22,005,23822/,G,697,G,13851,G,54730,39,20,7,3,5,N,N,N,N,N,N,N,N,N
22,005,238220,G,697,G,13851,G,54730,39,20,7,3,5,N,N,N,N,N,N,N,N,N
22,005,23829/,J,2599,J,105906,J,315887,7,3,N,N,N,N,N,N,N,N,N,N,N,N
22,005,238290,J,2599,J,105906,J,315887,7,3,N,N,N,N,N,N,N,N,N,N,N,N
22,005,2383//,H,1558,H,16742,H,63891,29,18,6,N,N,N,N,N,N,N,N,N,N,N
22,005,23831/,H,22,H,203,H,1128,5,4,N,N,N,N,N,N,N,N,N,N,N,N
22,005,238310,H,22,H,203,H,1128,5,4,N,N,N,N,N,N,N,N,N,N,N,N
22,005,23832/,H,1263,H,14941,H,55590,7,3,N,N,N,N,N,N,N,N,N,N,N,N
22,005,238320,H,1263,H,14941,H,55590,7,3,N,N,N,N,N,N,N,N,N,N,N,N
22,005,23833/,J,11,H,93,G,371,5,5,N,N,N,N,N,N,N,N,N,N,N,N
22,005,238330,J,11,H,93,G,371,5,5,N,N,N,N,N,N,N,N,N,N,N,N
22,005,23835/,G,50,H,680,H,2587,9,6,N,N,N,N,N,N,N,N,N,N,N,N
22,005,238350,G,50,H,680,H,2587,9,6,N,N,N,N,N,N,N,N,N,N,N,N
22,005,23839/,J,212,J,825,J,4215,3,N,N,N,N,N,N,N,N,N,N,N,N,N
22,005,238390,J,212,J,825,J,4215,3,N,N,N,N,N,N,N,N,N,N,N,N,N
22,005,2389//,J,1191,J,36310,J,125637,33,19,6,N,5,N,N,N,N,N,N,N,N,N
22,005,23891/,J,1028,J,30625,J,100343,13,6,3,N,N,N,N,N,N,N,N,N,N,N
22,005,238910,J,1028,J,30625,J,100343,13,6,3,N,N,N,N,N,N,N,N,N,N,N
22,005,23899/,G,163,H,5685,H,25294,20,13,3,N,4,N,N,N,N,N,N,N,N,N
22,005,238990,G,163,H,5685,H,25294,20,13,3,N,4,N,N,N,N,N,N,N,N,N
22,005,31----,H,6439,H,216703,H,753151,110,34,27,16,19,4,4,3,N,N,N,N,N,N
22,005,311///,H,122,H,1037,H,4437,10,3,3,N,N,N,N,N,N,N,N,N,N,N
22,005,3116//,J,52,H,561,H,2441,3,N,N,N,N,N,N,N,N,N,N,N,N,N
22,005,31161/,J,52,H,561,H,2441,3,N,N,N,N,N,N,N,N,N,N,N,N,N
22,005,311612,J,52,H,561,H,2441,3,N,N,N,N,N,N,N,N,N,N,N,N,N
22,005,3119//,J,25,J,109,J,547,3,N,N,N,N,N,N,N,N,N,N,N,N,N
22,005,312///,J,18,H,196,J,981,4,N,3,N,N,N,N,N,N,N,N,N,N,N
22,005,3121//,J,18,H,196,J,981,4,N,3,N,N,N,N,N,N,N,N,N,N,N
22,005,325///,H,5542,H,203934,H,694713,25,N,N,N,6,3,4,3,N,N,N,N,N,N
22,005,3251//,J,3684,J,132326,J,448408,15,N,N,N,5,N,N,3,N,N,N,N,N,N
22,005,32512/,J,592,J,9586,J,38602,6,N,N,N,3,N,N,N,N,N,N,N,N,N
22,005,325120,J,592,J,9586,J,38602,6,N,N,N,3,N,N,N,N,N,N,N,N,N
22,005,32519/,J,2381,J,96858,J,322154,6,N,N,N,N,N,N,N,N,N,N,N,N,N
22,005,325199,J,2343,J,95520,J,316070,5,N,N,N,N,N,N,N,N,N,N,N,N,N
22,005,3252//,J,437,J,16200,J,63507,3,N,N,N,N,N,N,N,N,N,N,N,N,N
22,005,32521/,J,437,J,16200,J,63507,3,N,N,N,N,N,N,N,N,N,N,N,N,N
22,005,3253//,J,721,J,24466,J,98590,3,N,N,N,N,N,N,N,N,N,N,N,N,N
22,005,32531/,J,721,J,24466,J,98590,3,N,N,N,N,N,N,N,N,N,N,N,N,N
22,005,327///,H,162,H,2371,H,10541,15,4,4,4,3,N,N,N,N,N,N,N,N,N
22,005,3273//,J,104,J,1603,J,6940,9,N,N,4,N,N,N,N,N,N,N,N,N,N
22,005,32732/,J,80,J,1393,J,6084,6,N,N,4,N,N,N,N,N,N,N,N,N,N
22,005,327320,J,80,J,1393,J,6084,6,N,N,4,N,N,N,N,N,N,N,N,N,N
22,005,3279//,J,48,J,682,J,3088,4,N,N,N,N,N,N,N,N,N,N,N,N,N
22,005,32799/,J,48,J,682,J,3088,4,N,N,N,N,N,N,N,N,N,N,N,N,N
22,005,327991,G,21,G,281,G,1414,3,N,N,N,N,N,N,N,N,N,N,N,N,N
22,005,332///,G,296,G,5168,G,25903,27,12,6,5,3,N,N,N,N,N,N,N,N,N
22,005,3323//,H,109,G,1662,G,10161,9,6,N,N,N,N,N,N,N,N,N,N,N,N
22,005,33231/,H,98,G,1486,H,9364,5,3,N,N,N,N,N,N,N,N,N,N,N,N
22,005,332312,H,94,G,1453,H,9231,3,N,N,N,N,N,N,N,N,N,N,N,N,N
22,005,33232/,J,11,J,176,J,797,4,3,N,N,N,N,N,N,N,N,N,N,N,N
22,005,332323,J,11,J,176,J,797,4,3,N,N,N,N,N,N,N,N,N,N,N,N
22,005,3327//,G,91,G,1734,G,8572,10,4,N,3,N,N,N,N,N,N,N,N,N,N
22,005,33271/,G,91,G,1734,G,8572,10,4,N,3,N,N,N,N,N,N,N,N,N,N
22,005,332710,G,91,G,1734,G,8572,10,4,N,3,N,N,N,N,N,N,N,N,N,N
22,005,3329//,G,72,G,1434,G,5510,4,N,N,N,N,N,N,N,N,N,N,N,N,N
22,005,33291/,G,63,G,1302,G,4944,3,N,N,N,N,N,N,N,N,N,N,N,N,N
22,005,332911,G,63,G,1302,G,4944,3,N,N,N,N,N,N,N,N,N,N,N,N,N
22,005,333///,H,112,H,1724,H,7478,5,N,N,N,3,N,N,N,N,N,N,N,N,N
22,005,3339//,H,84,H,1226,H,5125,3,N,N,N,N,N,N,N,N,N,N,N,N,N
22,005,337///,J,40,J,482,J,1817,5,N,N,N,N,N,N,N,N,N,N,N,N,N
22,005,3371//,J,36,J,438,J,1622,4,N,N,N,N,N,N,N,N,N,N,N,N,N
22,005,33711/,J,36,J,438,J,1622,4,N,N,N,N,N,N,N,N,N,N,N,N,N
22,005,337110,J,36,J,438,J,1622,4,N,N,N,N,N,N,N,N,N,N,N,N,N
22,005,339///,J,25,H,314,H,1423,5,N,3,N,N,N,N,N,N,N,N,N,N,N
22,005,3399//,J,18,H,187,H,856,4,N,N,N,N,N,N,N,N,N,N,N,N,N
22,005,33995/,G,15,G,126,G,521,3,N,N,N,N,N,N,N,N,N,N,N,N,N
22,005,339950,G,15,G,126,G,521,3,N,N,N,N,N,N,N,N,N,N,N,N,N
22,005,42----,G,2490,G,54828,G,226632,158,55,36,25,32,8,N,N,N,N,N,N,N,N
22,005,423///,G,1654,G,36184,G,154741,121,45,30,20,20,5,N,N,N,N,N,N,N,N
22,005,4231//,H,28,G,292,G,1440,3,N,N,N,N,N,N,N,N,N,N,N,N,N
22,005,4232//,J,29,J,377,J,1409,3,N,N,N,N,N,N,N,N,N,N,N,N,N
22,005,4233//,H,54,G,907,G,3945,10,6,N,N,N,N,N,N,N,N,N,N,N,N
22,005,42332/,G,13,G,204,G,895,4,3,N,N,N,N,N,N,N,N,N,N,N,N
22,005,423320,G,13,G,204,G,895,4,3,N,N,N,N,N,N,N,N,N,N,N,N
22,005,42333/,J,24,J,331,J,1359,3,N,N,N,N,N,N,N,N,N,N,N,N,N
22,005,423330,J,24,J,331,J,1359,3,N,N,N,N,N,N,N,N,N,N,N,N,N
22,005,4234//,G,75,G,1153,G,4956,9,7,N,N,N,N,N,N,N,N,N,N,N,N
22,005,42345/,H,68,G,1104,G,4309,5,3,N,N,N,N,N,N,N,N,N,N,N,N
22,005,423450,H,68,G,1104,G,4309,5,3,N,N,N,N,N,N,N,N,N,N,N,N
22,005,4236//,G,169,G,4843,H,21612,11,4,N,N,4,N,N,N,N,N,N,N,N,N
22,005,42361/,G,168,G,4825,H,21397,9,N,N,N,4,N,N,N,N,N,N,N,N,N
22,005,423610,G,168,G,4825,H,21397,9,N,N,N,4,N,N,N,N,N,N,N,N,N
22,005,4237//,J,97,H,2816,H,9535,8,4,N,N,N,N,N,N,N,N,N,N,N,N
22,005,42373/,J,14,J,426,J,1506,5,4,N,N,N,N,N,N,N,N,N,N,N,N
22,005,423730,J,14,J,426,J,1506,5,4,N,N,N,N,N,N,N,N,N,N,N,N
22,005,4238//,G,775,H,18030,H,78032,60,19,18,11,9,3,N,N,N,N,N,N,N,N
22,005,42381/,G,80,G,1712,G,7727,6,3,N,N,N,N,N,N,N,N,N,N,N,N
22,005,423810,G,80,G,1712,G,7727,6,3,N,N,N,N,N,N,N,N,N,N,N,N
22,005,42382/,J,43,J,598,J,2888,4,N,N,N,N,N,N,N,N,N,N,N,N,N
22,005,423820,J,43,J,598,J,2888,4,N,N,N,N,N,N,N,N,N,N,N,N,N
22,005,42383/,G,467,G,10884,G,48134,30,8,9,7,3,3,N,N,N,N,N,N,N,N
22,005,423830,G,467,G,10884,G,48134,30,8,9,7,3,3,N,N,N,N,N,N,N,N
22,005,42384/,H,172,H,4212,H,18046,18,7,6,N,3,N,N,N,N,N,N,N,N,N
22,005,423840,H,172,H,4212,H,18046,18,7,6,N,3,N,N,N,N,N,N,N,N,N
22,005,4239//,H,417,H,7574,H,33111,15,3,4,3,N,N,N,N,N,N,N,N,N,N
22,005,42399/,H,382,H,7221,H,31529,10,N,N,N,N,N,N,N,N,N,N,N,N,N
22,005,423990,H,382,H,7221,H,31529,10,N,N,N,N,N,N,N,N,N,N,N,N,N
22,005,424///,G,778,H,17529,G,66555,31,7,5,5,10,3,N,N,N,N,N,N,N,N
22,005,4244//,J,101,J,950,J,3476,4,N,N,N,N,N,N,N,N,N,N,N,N,N
22,005,4246//,J,378,J,11771,H,41525,12,N,N,N,6,N,N,N,N,N,N,N,N,N
22,005,42461/,H,78,G,1656,H,5420,4,N,N,N,N,N,N,N,N,N,N,N,N,N
22,005,424610,H,78,G,1656,H,5420,4,N,N,N,N,N,N,N,N,N,N,N,N,N
22,005,42469/,J,300,J,10115,J,36105,8,N,N,N,4,N,N,N,N,N,N,N,N,N
22,005,424690,J,300,J,10115,J,36105,8,N,N,N,4,N,N,N,N,N,N,N,N,N
22,005,4247//,H,168,H,2698,H,12418,4,N,N,N,N,N,N,N,N,N,N,N,N,N
22,005,42471/,G,111,G,1553,G,6609,3,N,N,N,N,N,N,N,N,N,N,N,N,N
22,005,424710,G,111,G,1553,G,6609,3,N,N,N,N,N,N,N,N,N,N,N,N,N
22,005,4249//,G,40,H,508,G,1819,5,N,N,N,N,N,N,N,N,N,N,N,N,N
22,005,425///,H,58,J,1115,J,5336,6,3,N,N,N,N,N,N,N,N,N,N,N,N
22,005,4251//,H,58,J,1115,J,5336,6,3,N,N,N,N,N,N,N,N,N,N,N,N
22,005,42512/,H,58,J,1115,J,5336,6,3,N,N,N,N,N,N,N,N,N,N,N,N
22,005,425120,H,58,J,1115,J,5336,6,3,N,N,N,N,N,N,N,N,N,N,N,N
22,005,44----,G,6428,G,55434,G,214015,397,127,114,89,42,13,10,N,N,N,N,N,N,N
22,005,441///,G,962,G,12627,G,53392,48,8,16,15,3,4,N,N,N,N,N,N,N,N
22,005,4411//,G,575,G,9235,G,38510,8,N,N,N,N,4,N,N,N,N,N,N,N,N
22,005,44111/,G,564,G,9010,G,37437,7,N,N,N,N,4,N,N,N,N,N,N,N,N
22,005,441110,G,564,G,9010,G,37437,7,N,N,N,N,4,N,N,N,N,N,N,N,N
22,005,4412//,H,55,G,602,H,2082,5,N,N,3,N,N,N,N,N,N,N,N,N,N
22,005,44122/,H,55,G,602,H,2082,5,N,N,3,N,N,N,N,N,N,N,N,N,N
22,005,441228,J,44,H,511,H,1690,4,N,N,N,N,N,N,N,N,N,N,N,N,N
22,005,4413//,G,332,G,2790,H,12800,35,8,14,10,3,N,N,N,N,N,N,N,N,N
22,005,44131/,H,195,H,1290,H,5692,18,3,6,7,N,N,N,N,N,N,N,N,N,N
22,005,441310,H,195,H,1290,H,5692,18,3,6,7,N,N,N,N,N,N,N,N,N,N
22,005,44132/,G,137,G,1500,G,7108,17,5,8,3,N,N,N,N,N,N,N,N,N,N
22,005,441320,G,137,G,1500,G,7108,17,5,8,3,N,N,N,N,N,N,N,N,N,N
22,005,442///,G,76,H,702,H,2847,14,10,N,N,N,N,N,N,N,N,N,N,N,N
22,005,4421//,G,52,H,424,H,1730,9,7,N,N,N,N,N,N,N,N,N,N,N,N
22,005,44211/,G,52,H,424,H,1730,9,7,N,N,N,N,N,N,N,N,N,N,N,N
22,005,442110,G,52,H,424,H,1730,9,7,N,N,N,N,N,N,N,N,N,N,N,N
22,005,4422//,H,24,G,278,H,1117,5,3,N,N,N,N,N,N,N,N,N,N,N,N
22,005,44221/,G,11,G,165,G,630,3,N,N,N,N,N,N,N,N,N,N,N,N,N
22,005,442210,G,11,G,165,G,630,3,N,N,N,N,N,N,N,N,N,N,N,N,N
22,005,443///,G,20,J,243,J,978,4,3,N,N,N,N,N,N,N,N,N,N,N,N
22,005,4431//,G,20,J,243,J,978,4,3,N,N,N,N,N,N,N,N,N,N,N,N
22,005,44314/,G,20,J,243,J,978,4,3,N,N,N,N,N,N,N,N,N,N,N,N
22,005,443142,J,7,H,40,H,162,3,3,N,N,N,N,N,N,N,N,N,N,N,N
22,005,444///,G,874,G,8805,G,33681,36,5,8,13,7,N,N,N,N,N,N,N,N,N
22,005,4441//,H,709,G,7471,G,28248,28,5,8,9,3,N,N,N,N,N,N,N,N,N
22,005,44411/,J,403,J,2752,J,11108,3,N,N,N,N,N,N,N,N,N,N,N,N,N
22,005,444110,J,403,J,2752,J,11108,3,N,N,N,N,N,N,N,N,N,N,N,N,N
22,005,44412/,J,27,J,518,J,1615,4,N,N,N,N,N,N,N,N,N,N,N,N,N
22,005,444120,J,27,J,518,J,1615,4,N,N,N,N,N,N,N,N,N,N,N,N,N
22,005,44413/,G,78,G,592,G,2557,9,N,5,3,N,N,N,N,N,N,N,N,N,N
22,005,444130,G,78,G,592,G,2557,9,N,5,3,N,N,N,N,N,N,N,N,N,N
22,005,44419/,H,201,H,3609,H,12968,12,3,N,4,N,N,N,N,N,N,N,N,N,N
22,005,444190,H,201,H,3609,H,12968,12,3,N,4,N,N,N,N,N,N,N,N,N,N
22,005,4442//,G,165,G,1334,G,5433,8,N,N,4,4,N,N,N,N,N,N,N,N,N
22,005,44422/,H,121,H,763,G,3062,6,N,N,3,3,N,N,N,N,N,N,N,N,N
22,005,444220,H,121,H,763,G,3062,6,N,N,3,3,N,N,N,N,N,N,N,N,N
22,005,445///,G,1226,G,8335,G,31062,46,20,9,N,4,7,4,N,N,N,N,N,N,N
22,005,4451//,G,1179,G,8085,G,29988,36,15,5,N,4,7,4,N,N,N,N,N,N,N
22,005,44511/,G,1116,G,7791,G,28804,25,7,3,N,3,7,4,N,N,N,N,N,N,N
22,005,445110,G,1116,G,7791,G,28804,25,7,3,N,3,7,4,N,N,N,N,N,N,N
22,005,44512/,G,63,G,294,G,1184,11,8,N,N,N,N,N,N,N,N,N,N,N,N
22,005,445120,G,63,G,294,G,1184,11,8,N,N,N,N,N,N,N,N,N,N,N,N
22,005,4452//,H,25,G,135,H,622,7,4,3,N,N,N,N,N,N,N,N,N,N,N
22,005,44521/,G,14,G,83,G,309,4,N,N,N,N,N,N,N,N,N,N,N,N,N
22,005,445210,G,14,G,83,G,309,4,N,N,N,N,N,N,N,N,N,N,N,N,N
22,005,44522/,J,11,G,52,H,313,3,N,N,N,N,N,N,N,N,N,N,N,N,N
22,005,445220,J,11,G,52,H,313,3,N,N,N,N,N,N,N,N,N,N,N,N,N
22,005,4453//,H,22,J,115,J,452,3,N,N,N,N,N,N,N,N,N,N,N,N,N
22,005,44531/,H,22,J,115,J,452,3,N,N,N,N,N,N,N,N,N,N,N,N,N
22,005,445310,H,22,J,115,J,452,3,N,N,N,N,N,N,N,N,N,N,N,N,N
22,005,446///,G,437,G,3573,G,14680,38,13,12,N,11,N,N,N,N,N,N,N,N,N
22,005,4461//,G,437,G,3573,G,14680,38,13,12,N,11,N,N,N,N,N,N,N,N,N
22,005,44611/,G,284,G,2805,G,11570,17,N,5,N,9,N,N,N,N,N,N,N,N,N
22,005,446110,G,284,G,2805,G,11570,17,N,5,N,9,N,N,N,N,N,N,N,N,N
22,005,44612/,G,122,G,486,G,1968,12,6,4,N,N,N,N,N,N,N,N,N,N,N
22,005,446120,G,122,G,486,G,1968,12,6,4,N,N,N,N,N,N,N,N,N,N,N
22,005,44619/,J,24,J,216,H,867,7,4,3,N,N,N,N,N,N,N,N,N,N,N
22,005,446191,J,15,G,110,G,451,3,N,N,N,N,N,N,N,N,N,N,N,N,N
22,005,446199,J,9,J,106,J,416,4,3,N,N,N,N,N,N,N,N,N,N,N,N
22,005,447///,G,432,G,2756,G,11068,49,12,19,15,3,N,N,N,N,N,N,N,N,N
22,005,4471//,G,432,G,2756,G,11068,49,12,19,15,3,N,N,N,N,N,N,N,N,N
22,005,44711/,G,419,G,2678,G,10800,47,12,17,15,3,N,N,N,N,N,N,N,N,N
22,005,447110,G,419,G,2678,G,10800,47,12,17,15,3,N,N,N,N,N,N,N,N,N
22,005,448///,H,718,G,3976,G,16335,67,20,18,19,10,N,N,N,N,N,N,N,N,N
22,005,4481//,H,518,H,2156,H,9156,51,17,10,17,7,N,N,N,N,N,N,N,N,N
22,005,44811/,J,11,G,65,G,283,3,N,N,N,N,N,N,N,N,N,N,N,N,N
22,005,448110,J,11,G,65,G,283,3,N,N,N,N,N,N,N,N,N,N,N,N,N
22,005,44812/,G,150,H,548,H,2244,19,7,5,7,N,N,N,N,N,N,N,N,N,N
22,005,448120,G,150,H,548,H,2244,19,7,5,7,N,N,N,N,N,N,N,N,N,N
22,005,44814/,H,271,G,1143,G,4967,18,3,N,8,5,N,N,N,N,N,N,N,N,N
22,005,448140,H,271,G,1143,G,4967,18,3,N,8,5,N,N,N,N,N,N,N,N,N
22,005,44815/,J,27,J,183,J,672,3,N,N,N,N,N,N,N,N,N,N,N,N,N
22,005,448150,J,27,J,183,J,672,3,N,N,N,N,N,N,N,N,N,N,N,N,N
22,005,44819/,H,39,H,148,H,656,6,4,N,N,N,N,N,N,N,N,N,N,N,N
22,005,448190,H,39,H,148,H,656,6,4,N,N,N,N,N,N,N,N,N,N,N,N
22,005,4482//,H,172,H,1521,H,6105,12,N,5,N,3,N,N,N,N,N,N,N,N,N
22,005,44821/,H,172,H,1521,H,6105,12,N,5,N,3,N,N,N,N,N,N,N,N,N
22,005,448210,H,172,H,1521,H,6105,12,N,5,N,3,N,N,N,N,N,N,N,N,N
22,005,4483//,H,28,G,299,G,1074,4,N,3,N,N,N,N,N,N,N,N,N,N,N
22,005,44831/,G,24,G,265,G,928,3,N,3,N,N,N,N,N,N,N,N,N,N,N
22,005,448310,G,24,G,265,G,928,3,N,3,N,N,N,N,N,N,N,N,N,N,N
22,005,451///,J,109,J,554,J,2362,5,N,N,N,N,N,N,N,N,N,N,N,N,N
22,005,4511//,J,109,J,554,J,2362,5,N,N,N,N,N,N,N,N,N,N,N,N,N
22,005,452///,H,1153,J,10649,J,33568,33,N,19,10,N,N,N,N,N,N,N,N,N,N
22,005,4523//,H,1153,J,10649,J,33568,33,N,19,10,N,N,N,N,N,N,N,N,N,N
22,005,45231/,H,1153,J,10649,J,33568,33,N,19,10,N,N,N,N,N,N,N,N,N,N
22,005,452311,J,893,J,9493,J,28186,3,N,N,N,N,N,N,N,N,N,N,N,N,N
22,005,452319,G,260,G,1156,G,5382,30,N,19,10,N,N,N,N,N,N,N,N,N,N
22,005,453///,H,307,G,2322,G,9751,35,19,5,8,N,N,N,N,N,N,N,N,N,N
22,005,4532//,G,23,H,151,H,513,5,3,N,N,N,N,N,N,N,N,N,N,N,N
22,005,45322/,J,11,H,63,G,164,3,N,N,N,N,N,N,N,N,N,N,N,N,N
22,005,453220,J,11,H,63,G,164,3,N,N,N,N,N,N,N,N,N,N,N,N,N
22,005,4533//,J,122,G,403,G,1717,7,N,N,3,N,N,N,N,N,N,N,N,N,N
22,005,45331/,J,122,G,403,G,1717,7,N,N,3,N,N,N,N,N,N,N,N,N,N
22,005,453310,J,122,G,403,G,1717,7,N,N,3,N,N,N,N,N,N,N,N,N,N
22,005,4539//,G,151,G,1717,G,7330,21,13,3,3,N,N,N,N,N,N,N,N,N,N
22,005,45391/,J,41,J,324,J,1308,3,N,N,N,N,N,N,N,N,N,N,N,N,N
22,005,453910,J,41,J,324,J,1308,3,N,N,N,N,N,N,N,N,N,N,N,N,N
22,005,45393/,G,27,H,546,H,2252,4,N,3,N,N,N,N,N,N,N,N,N,N,N
22,005,453930,G,27,H,546,H,2252,4,N,3,N,N,N,N,N,N,N,N,N,N,N
22,005,45399/,H,83,H,847,H,3770,14,11,N,N,N,N,N,N,N,N,N,N,N,N
22,005,453991,J,19,G,117,G,486,8,8,N,N,N,N,N,N,N,N,N,N,N,N
22,005,453998,H,64,H,730,H,3284,6,3,N,N,N,N,N,N,N,N,N,N,N,N
22,005,454///,H,114,G,892,H,4291,22,14,5,N,N,N,N,N,N,N,N,N,N,N
22,005,4541//,G,44,G,305,G,1402,14,10,3,N,N,N,N,N,N,N,N,N,N,N
22,005,45411/,G,44,G,305,G,1402,14,10,3,N,N,N,N,N,N,N,N,N,N,N
22,005,454110,G,44,G,305,G,1402,14,10,3,N,N,N,N,N,N,N,N,N,N,N
22,005,4543//,G,34,H,242,H,1185,7,4,N,N,N,N,N,N,N,N,N,N,N,N
22,005,45439/,G,34,H,242,H,1185,7,4,N,N,N,N,N,N,N,N,N,N,N,N
22,005,454390,G,34,H,242,H,1185,7,4,N,N,N,N,N,N,N,N,N,N,N,N
22,005,48----,G,1677,G,32054,G,129775,102,55,12,14,10,8,3,N,N,N,N,N,N,N
22,005,483///,J,192,J,3641,J,17248,10,7,N,N,N,N,N,N,N,N,N,N,N,N
22,005,4832//,J,189,J,3574,J,16946,9,6,N,N,N,N,N,N,N,N,N,N,N,N
22,005,48321/,J,189,J,3574,J,16946,9,6,N,N,N,N,N,N,N,N,N,N,N,N
22,005,483211,J,189,J,3574,J,16946,9,6,N,N,N,N,N,N,N,N,N,N,N,N
22,005,484///,H,691,H,13426,H,52625,40,24,4,4,4,N,N,N,N,N,N,N,N,N
22,005,4841//,H,113,H,1558,H,6691,20,15,N,N,N,N,N,N,N,N,N,N,N,N
22,005,48411/,G,65,G,986,G,3978,12,9,N,N,N,N,N,N,N,N,N,N,N,N
22,005,484110,G,65,G,986,G,3978,12,9,N,N,N,N,N,N,N,N,N,N,N,N
22,005,48412/,J,48,J,572,J,2713,8,6,N,N,N,N,N,N,N,N,N,N,N,N
22,005,484121,J,16,J,219,J,1071,7,6,N,N,N,N,N,N,N,N,N,N,N,N
22,005,4842//,H,578,G,11868,H,45934,20,9,N,3,N,N,N,N,N,N,N,N,N,N
22,005,48422/,H,24,G,356,G,1342,8,7,N,N,N,N,N,N,N,N,N,N,N,N
22,005,484220,H,24,G,356,G,1342,8,7,N,N,N,N,N,N,N,N,N,N,N,N
22,005,48423/,H,554,H,11512,H,44592,12,N,N,N,N,N,N,N,N,N,N,N,N,N
22,005,484230,H,554,H,11512,H,44592,12,N,N,N,N,N,N,N,N,N,N,N,N,N
22,005,486///,J,110,J,3293,J,11275,6,N,N,3,N,N,N,N,N,N,N,N,N,N
22,005,4862//,J,65,J,1126,J,4607,3,N,N,N,N,N,N,N,N,N,N,N,N,N
22,005,48621/,J,65,J,1126,J,4607,3,N,N,N,N,N,N,N,N,N,N,N,N,N
22,005,486210,J,65,J,1126,J,4607,3,N,N,N,N,N,N,N,N,N,N,N,N,N
22,005,488///,G,315,G,4288,G,19651,35,19,6,5,4,N,N,N,N,N,N,N,N,N
22,005,4882//,H,57,H,708,G,3385,6,N,N,N,N,N,N,N,N,N,N,N,N,N
22,005,48821/,H,57,H,708,G,3385,6,N,N,N,N,N,N,N,N,N,N,N,N,N
22,005,488210,H,57,H,708,G,3385,6,N,N,N,N,N,N,N,N,N,N,N,N,N
22,005,4883//,H,125,H,2133,H,9878,10,7,N,N,N,N,N,N,N,N,N,N,N,N
22,005,48833/,H,31,H,607,G,2494,6,5,N,N,N,N,N,N,N,N,N,N,N,N
22,005,488330,H,31,H,607,G,2494,6,5,N,N,N,N,N,N,N,N,N,N,N,N
22,005,48839/,J,92,J,1513,J,7343,3,N,N,N,N,N,N,N,N,N,N,N,N,N
22,005,488390,J,92,J,1513,J,7343,3,N,N,N,N,N,N,N,N,N,N,N,N,N
22,005,4884//,J,47,J,277,J,1111,7,5,N,N,N,N,N,N,N,N,N,N,N,N
22,005,48841/,G,9,J,79,H,304,5,5,N,N,N,N,N,N,N,N,N,N,N,N
22,005,488410,G,9,J,79,H,304,5,5,N,N,N,N,N,N,N,N,N,N,N,N
22,005,4885//,G,74,G,1067,G,4867,9,4,N,4,N,N,N,N,N,N,N,N,N,N
22,005,48851/,G,74,G,1067,G,4867,9,4,N,4,N,N,N,N,N,N,N,N,N,N
22,005,488510,G,74,G,1067,G,4867,9,4,N,4,N,N,N,N,N,N,N,N,N,N
22,005,493///,H,179,G,5516,G,19941,7,3,N,N,N,N,N,N,N,N,N,N,N,N
22,005,4931//,H,179,G,5516,G,19941,7,3,N,N,N,N,N,N,N,N,N,N,N,N
22,005,49311/,J,70,J,2176,J,8404,3,N,N,N,N,N,N,N,N,N,N,N,N,N
22,005,493110,J,70,J,2176,J,8404,3,N,N,N,N,N,N,N,N,N,N,N,N,N
22,005,49319/,J,109,J,3340,J,11537,4,N,N,N,N,N,N,N,N,N,N,N,N,N
22,005,493190,J,109,J,3340,J,11537,4,N,N,N,N,N,N,N,N,N,N,N,N,N
22,005,51----,H,144,H,2271,H,8614,17,10,4,N,N,N,N,N,N,N,N,N,N,N
22,005,517///,J,111,H,2055,H,7610,12,7,3,N,N,N,N,N,N,N,N,N,N,N
22,005,5173//,J,102,H,1966,H,7222,9,4,3,N,N,N,N,N,N,N,N,N,N,N
22,005,51731/,J,102,H,1966,H,7222,9,4,3,N,N,N,N,N,N,N,N,N,N,N
22,005,517312,H,48,G,926,G,3446,7,3,3,N,N,N,N,N,N,N,N,N,N,N
22,005,5179//,G,9,G,89,G,388,3,3,N,N,N,N,N,N,N,N,N,N,N,N
22,005,51791/,G,9,G,89,G,388,3,3,N,N,N,N,N,N,N,N,N,N,N,N
22,005,517911,G,9,G,89,G,388,3,3,N,N,N,N,N,N,N,N,N,N,N,N
22,005,52----,G,939,G,13742,G,57647,151,97,33,15,4,N,N,N,N,N,N,N,N,N
22,005,522///,H,535,G,6960,G,27225,80,48,23,5,3,N,N,N,N,N,N,N,N,N
22,005,5221//,H,366,H,5018,H,19329,33,9,16,5,N,N,N,N,N,N,N,N,N,N
22,005,52211/,J,275,H,3688,H,14436,23,6,11,4,N,N,N,N,N,N,N,N,N,N
22,005,522110,J,275,H,3688,H,14436,23,6,11,4,N,N,N,N,N,N,N,N,N,N
22,005,52213/,H,91,G,1330,G,4893,10,3,5,N,N,N,N,N,N,N,N,N,N,N
22,005,522130,H,91,G,1330,G,4893,10,3,5,N,N,N,N,N,N,N,N,N,N,N
22,005,5222//,H,148,G,1733,G,7120,37,30,6,N,N,N,N,N,N,N,N,N,N,N
22,005,52229/,H,148,G,1733,G,7120,37,30,6,N,N,N,N,N,N,N,N,N,N,N
22,005,522291,J,90,G,1078,G,4226,27,24,3,N,N,N,N,N,N,N,N,N,N,N
22,005,522292,H,31,G,418,G,1986,9,6,3,N,N,N,N,N,N,N,N,N,N,N
22,005,5223//,J,21,H,209,H,776,10,9,N,N,N,N,N,N,N,N,N,N,N,N
22,005,52231/,J,9,J,98,J,378,3,N,N,N,N,N,N,N,N,N,N,N,N,N
22,005,522310,J,9,J,98,J,378,3,N,N,N,N,N,N,N,N,N,N,N,N,N
22,005,52239/,J,11,G,98,G,343,6,6,N,N,N,N,N,N,N,N,N,N,N,N
22,005,522390,J,11,G,98,G,343,6,6,N,N,N,N,N,N,N,N,N,N,N,N
22,005,523///,J,70,H,1234,H,5666,20,16,N,N,N,N,N,N,N,N,N,N,N,N
22,005,5231//,J,19,J,336,H,1200,4,N,N,N,N,N,N,N,N,N,N,N,N,N
22,005,52312/,J,18,J,322,J,1163,3,N,N,N,N,N,N,N,N,N,N,N,N,N
22,005,523120,J,18,J,322,J,1163,3,N,N,N,N,N,N,N,N,N,N,N,N,N
22,005,5239//,J,51,H,898,H,4466,16,14,N,N,N,N,N,N,N,N,N,N,N,N
22,005,52392/,J,21,J,529,J,2957,10,10,N,N,N,N,N,N,N,N,N,N,N,N
22,005,523920,J,21,J,529,J,2957,10,10,N,N,N,N,N,N,N,N,N,N,N,N
22,005,52393/,G,14,H,253,G,1091,5,4,N,N,N,N,N,N,N,N,N,N,N,N
22,005,523930,G,14,H,253,G,1091,5,4,N,N,N,N,N,N,N,N,N,N,N,N
22,005,524///,H,334,H,5548,G,24756,51,33,8,8,N,N,N,N,N,N,N,N,N,N
22,005,5241//,J,119,J,2251,H,9624,5,4,N,N,N,N,N,N,N,N,N,N,N,N
22,005,52412/,G,7,G,179,H,1796,4,4,N,N,N,N,N,N,N,N,N,N,N,N
22,005,5242//,H,215,G,3297,G,15132,46,29,8,8,N,N,N,N,N,N,N,N,N,N
22,005,52421/,H,170,G,2713,G,12979,39,25,8,5,N,N,N,N,N,N,N,N,N,N
22,005,524210,H,170,G,2713,G,12979,39,25,8,5,N,N,N,N,N,N,N,N,N,N
22,005,52429/,G,45,H,584,G,2153,7,4,N,3,N,N,N,N,N,N,N,N,N,N
22,005,524291,G,7,G,115,G,401,4,4,N,N,N,N,N,N,N,N,N,N,N,N
22,005,524298,G,38,H,469,G,1752,3,N,N,3,N,N,N,N,N,N,N,N,N,N
22,005,53----,G,940,G,15666,G,61909,166,123,20,16,6,N,N,N,N,N,N,N,N,N
22,005,531///,H,214,H,2069,H,10320,115,104,9,N,N,N,N,N,N,N,N,N,N,N
22,005,5311//,G,79,H,648,H,4417,35,30,5,N,N,N,N,N,N,N,N,N,N,N
22,005,53111/,J,19,H,116,G,721,11,10,N,N,N,N,N,N,N,N,N,N,N,N
22,005,531110,J,19,H,116,G,721,11,10,N,N,N,N,N,N,N,N,N,N,N,N
22,005,53112/,J,22,J,318,J,1196,7,5,N,N,N,N,N,N,N,N,N,N,N,N
22,005,531120,J,22,J,318,J,1196,7,5,N,N,N,N,N,N,N,N,N,N,N,N
22,005,53113/,J,36,H,204,H,2221,15,13,N,N,N,N,N,N,N,N,N,N,N,N
22,005,531130,J,36,H,204,H,2221,15,13,N,N,N,N,N,N,N,N,N,N,N,N
22,005,5312//,H,90,G,855,G,3636,64,60,4,N,N,N,N,N,N,N,N,N,N,N
22,005,53121/,H,90,G,855,G,3636,64,60,4,N,N,N,N,N,N,N,N,N,N,N
22,005,531210,H,90,G,855,G,3636,64,60,4,N,N,N,N,N,N,N,N,N,N,N
22,005,5313//,H,45,J,566,H,2267,16,14,N,N,N,N,N,N,N,N,N,N,N,N
22,005,53131/,J,20,J,439,J,1931,6,5,N,N,N,N,N,N,N,N,N,N,N,N
22,005,531311,G,8,H,59,G,238,4,4,N,N,N,N,N,N,N,N,N,N,N,N
22,005,53132/,J,9,G,81,H,137,3,3,N,N,N,N,N,N,N,N,N,N,N,N
22,005,531320,J,9,G,81,H,137,3,3,N,N,N,N,N,N,N,N,N,N,N,N
22,005,53139/,J,16,J,46,J,199,7,6,N,N,N,N,N,N,N,N,N,N,N,N
22,005,531390,J,16,J,46,J,199,7,6,N,N,N,N,N,N,N,N,N,N,N,N
22,005,532///,G,725,G,13575,G,51529,50,18,11,14,6,N,N,N,N,N,N,N,N,N
22,005,5321//,J,23,J,570,J,1217,3,N,N,N,N,N,N,N,N,N,N,N,N,N
22,005,5322//,J,25,H,249,H,940,7,4,3,N,N,N,N,N,N,N,N,N,N,N
22,005,53228/,J,20,H,197,H,733,5,3,N,N,N,N,N,N,N,N,N,N,N,N
22,005,532289,J,13,G,108,G,441,3,N,N,N,N,N,N,N,N,N,N,N,N,N
22,005,5324//,G,642,G,12582,G,48490,38,14,5,13,5,N,N,N,N,N,N,N,N,N
22,005,53241/,J,210,H,5966,H,22183,20,7,N,8,4,N,N,N,N,N,N,N,N,N
22,005,532412,J,210,H,5966,H,22183,20,7,N,8,4,N,N,N,N,N,N,N,N,N
22,005,53249/,J,430,H,6611,H,26285,17,6,4,5,N,N,N,N,N,N,N,N,N,N
22,005,532490,J,430,H,6611,H,26285,17,6,4,5,N,N,N,N,N,N,N,N,N,N
22,005,54----,G,1801,G,39947,G,153780,235,161,41,15,12,3,3,N,N,N,N,N,N,N
22,005,541///,G,1801,G,39947,G,153780,235,161,41,15,12,3,3,N,N,N,N,N,N,N
22,005,5411//,H,153,G,2374,G,10978,41,29,9,3,N,N,N,N,N,N,N,N,N,N
22,005,54111/,H,114,G,1830,G,8765,30,21,7,N,N,N,N,N,N,N,N,N,N,N
22,005,541110,H,114,G,1830,G,8765,30,21,7,N,N,N,N,N,N,N,N,N,N,N
22,005,54119/,G,39,G,544,G,2213,11,8,N,N,N,N,N,N,N,N,N,N,N,N
22,005,541191,G,22,G,422,G,1690,4,N,N,N,N,N,N,N,N,N,N,N,N,N
22,005,541199,G,17,G,122,G,523,7,6,N,N,N,N,N,N,N,N,N,N,N,N
22,005,5412//,J,367,J,15098,J,47034,31,21,7,N,N,N,N,N,N,N,N,N,N,N
22,005,54121/,J,367,J,15098,J,47034,31,21,7,N,N,N,N,N,N,N,N,N,N,N
22,005,541211,H,43,G,786,G,2233,9,5,N,N,N,N,N,N,N,N,N,N,N,N
22,005,541213,J,31,J,139,H,433,7,3,4,N,N,N,N,N,N,N,N,N,N,N
22,005,541219,H,30,H,291,H,1183,14,13,N,N,N,N,N,N,N,N,N,N,N,N
22,005,5413//,H,789,H,14737,H,62520,74,48,10,6,6,N,N,N,N,N,N,N,N,N
22,005,54131/,J,7,H,93,H,406,3,N,N,N,N,N,N,N,N,N,N,N,N,N
22,005,541310,J,7,H,93,H,406,3,N,N,N,N,N,N,N,N,N,N,N,N,N
22,005,54133/,J,476,J,9167,J,40315,49,34,4,5,3,N,N,N,N,N,N,N,N,N
22,005,541330,J,476,J,9167,J,40315,49,34,4,5,3,N,N,N,N,N,N,N,N,N
22,005,54135/,G,9,J,121,H,555,3,N,N,N,N,N,N,N,N,N,N,N,N,N
22,005,541350,G,9,J,121,H,555,3,N,N,N,N,N,N,N,N,N,N,N,N,N
22,005,54137/,J,14,G,248,G,887,4,4,N,N,N,N,N,N,N,N,N,N,N,N
22,005,541370,J,14,G,248,G,887,4,4,N,N,N,N,N,N,N,N,N,N,N,N
22,005,54138/,G,260,G,4768,G,18880,9,N,3,N,3,N,N,N,N,N,N,N,N,N
22,005,541380,G,260,G,4768,G,18880,9,N,3,N,3,N,N,N,N,N,N,N,N,N
22,005,5415//,H,84,H,1368,H,7377,20,16,3,N,N,N,N,N,N,N,N,N,N,N
22,005,54151/,H,84,H,1368,H,7377,20,16,3,N,N,N,N,N,N,N,N,N,N,N
22,005,541511,J,7,G,118,G,621,7,7,N,N,N,N,N,N,N,N,N,N,N,N
22,005,541512,H,65,G,1128,H,6283,10,7,N,N,N,N,N,N,N,N,N,N,N,N
22,005,541513,J,12,J,122,J,473,3,N,N,N,N,N,N,N,N,N,N,N,N,N
22,005,5416//,H,104,H,1882,H,7683,32,27,3,N,N,N,N,N,N,N,N,N,N,N
22,005,54161/,J,45,G,891,G,3452,22,20,N,N,N,N,N,N,N,N,N,N,N,N
22,005,541611,J,19,G,621,G,2244,12,11,N,N,N,N,N,N,N,N,N,N,N,N
22,005,541613,J,13,G,118,G,566,6,6,N,N,N,N,N,N,N,N,N,N,N,N
22,005,54169/,J,56,J,952,H,4045,8,5,N,N,N,N,N,N,N,N,N,N,N,N
22,005,541690,J,56,J,952,H,4045,8,5,N,N,N,N,N,N,N,N,N,N,N,N
22,005,5418//,G,15,H,100,G,472,6,4,N,N,N,N,N,N,N,N,N,N,N,N
22,005,54189/,J,6,J,59,H,323,4,3,N,N,N,N,N,N,N,N,N,N,N,N
22,005,541890,J,6,J,59,H,323,4,3,N,N,N,N,N,N,N,N,N,N,N,N
22,005,5419//,H,285,H,4373,H,17631,29,14,7,3,4,N,N,N,N,N,N,N,N,N
22,005,54192/,J,8,H,67,H,278,3,N,N,N,N,N,N,N,N,N,N,N,N,N
22,005,541921,J,8,H,67,H,278,3,N,N,N,N,N,N,N,N,N,N,N,N,N
22,005,54194/,G,134,G,1476,G,5658,14,5,4,3,N,N,N,N,N,N,N,N,N,N
22,005,541940,G,134,G,1476,G,5658,14,5,4,3,N,N,N,N,N,N,N,N,N,N
22,005,54199/,J,136,J,2770,J,11456,11,7,N,N,N,N,N,N,N,N,N,N,N,N
22,005,541990,J,136,J,2770,J,11456,11,7,N,N,N,N,N,N,N,N,N,N,N,N
22,005,55----,G,401,H,11172,H,39399,14,5,3,N,4,N,N,N,N,N,N,N,N,N
22,005,551///,G,401,H,11172,H,39399,14,5,3,N,4,N,N,N,N,N,N,N,N,N
22,005,5511//,G,401,H,11172,H,39399,14,5,3,N,4,N,N,N,N,N,N,N,N,N
22,005,55111/,G,401,H,11172,H,39399,14,5,3,N,4,N,N,N,N,N,N,N,N,N
22,005,551114,G,400,H,11120,H,39206,13,4,3,N,4,N,N,N,N,N,N,N,N,N
22,005,56----,G,2275,G,34135,G,126879,139,76,22,17,12,7,4,N,N,N,N,N,N,N
22,005,561///,G,1441,G,14691,G,61687,119,71,19,13,7,6,3,N,N,N,N,N,N,N
22,005,5611//,H,78,H,2076,J,9570,8,5,N,N,N,N,N,N,N,N,N,N,N,N
22,005,56111/,H,78,H,2076,J,9570,8,5,N,N,N,N,N,N,N,N,N,N,N,N
22,005,561110,H,78,H,2076,J,9570,8,5,N,N,N,N,N,N,N,N,N,N,N,N
22,005,5612//,G,84,H,1201,G,3644,3,N,N,N,3,N,N,N,N,N,N,N,N,N
22,005,56121/,G,84,H,1201,G,3644,3,N,N,N,3,N,N,N,N,N,N,N,N,N
22,005,561210,G,84,H,1201,G,3644,3,N,N,N,3,N,N,N,N,N,N,N,N,N
22,005,5613//,H,522,H,5652,H,24039,14,5,N,N,3,N,N,N,N,N,N,N,N,N
22,005,56131/,J,52,J,462,J,1971,3,N,N,N,N,N,N,N,N,N,N,N,N,N
22,005,56132/,J,463,J,5064,J,21525,9,N,N,N,3,N,N,N,N,N,N,N,N,N
22,005,561320,J,463,J,5064,J,21525,9,N,N,N,3,N,N,N,N,N,N,N,N,N
22,005,5614//,H,22,H,182,G,828,12,10,N,N,N,N,N,N,N,N,N,N,N,N
22,005,56143/,J,15,G,113,G,447,5,3,N,N,N,N,N,N,N,N,N,N,N,N
22,005,561431,J,10,J,70,J,293,4,3,N,N,N,N,N,N,N,N,N,N,N,N
22,005,56149/,G,7,H,69,G,381,7,7,N,N,N,N,N,N,N,N,N,N,N,N
22,005,561492,G,7,H,69,G,381,7,7,N,N,N,N,N,N,N,N,N,N,N,N
22,005,5615//,J,5,G,58,G,333,5,5,N,N,N,N,N,N,N,N,N,N,N,N
22,005,56151/,J,4,H,50,G,299,4,4,N,N,N,N,N,N,N,N,N,N,N,N
22,005,561510,J,4,H,50,G,299,4,4,N,N,N,N,N,N,N,N,N,N,N,N
22,005,5616//,J,100,J,834,J,3586,4,N,N,N,N,N,N,N,N,N,N,N,N,N
22,005,56162/,G,17,J,190,J,712,3,N,N,N,N,N,N,N,N,N,N,N,N,N
22,005,5617//,G,544,G,3694,G,16039,68,41,14,10,N,N,N,N,N,N,N,N,N,N
22,005,56171/,H,31,G,335,G,1395,4,N,N,N,N,N,N,N,N,N,N,N,N,N
22,005,561710,H,31,G,335,G,1395,4,N,N,N,N,N,N,N,N,N,N,N,N,N
22,005,56172/,H,334,G,1566,G,6561,23,12,5,3,N,N,N,N,N,N,N,N,N,N
22,005,561720,H,334,G,1566,G,6561,23,12,5,3,N,N,N,N,N,N,N,N,N,N
22,005,56173/,G,143,G,1501,G,6857,34,23,6,5,N,N,N,N,N,N,N,N,N,N
22,005,561730,G,143,G,1501,G,6857,34,23,6,5,N,N,N,N,N,N,N,N,N,N
22,005,56179/,J,19,H,178,G,701,5,3,N,N,N,N,N,N,N,N,N,N,N,N
22,005,561790,J,19,H,178,G,701,5,3,N,N,N,N,N,N,N,N,N,N,N,N
22,005,5619//,H,86,H,994,H,3648,5,3,N,N,N,N,N,N,N,N,N,N,N,N
22,005,56199/,H,78,H,912,H,3329,3,N,N,N,N,N,N,N,N,N,N,N,N,N
22,005,561990,H,78,H,912,H,3329,3,N,N,N,N,N,N,N,N,N,N,N,N,N
22,005,562///,G,834,G,19444,G,65192,20,5,3,4,5,N,N,N,N,N,N,N,N,N
22,005,5621//,J,37,J,516,J,2297,4,N,N,N,N,N,N,N,N,N,N,N,N,N
22,005,56211/,J,37,J,516,J,2297,4,N,N,N,N,N,N,N,N,N,N,N,N,N
22,005,562111,H,25,J,329,J,1520,3,N,N,N,N,N,N,N,N,N,N,N,N,N
22,005,5629//,G,778,G,18583,G,61511,15,4,N,N,4,N,N,N,N,N,N,N,N,N
22,005,56291/,J,227,J,4485,H,17647,7,N,N,N,N,N,N,N,N,N,N,N,N,N
22,005,562910,J,227,J,4485,H,17647,7,N,N,N,N,N,N,N,N,N,N,N,N,N
22,005,56299/,H,509,H,12355,H,37696,7,N,N,N,N,N,N,N,N,N,N,N,N,N
22,005,562991,J,9,J,144,J,594,3,N,N,N,N,N,N,N,N,N,N,N,N,N
22,005,562998,H,500,H,12211,H,37102,4,N,N,N,N,N,N,N,N,N,N,N,N,N
22,005,61----,H,548,H,3309,H,13106,29,9,8,5,4,N,N,N,N,N,N,N,N,N
22,005,611///,H,548,H,3309,H,13106,29,9,8,5,4,N,N,N,N,N,N,N,N,N
22,005,6111//,H,314,H,2374,H,9043,5,N,N,N,N,N,N,N,N,N,N,N,N,N
22,005,61111/,H,314,H,2374,H,9043,5,N,N,N,N,N,N,N,N,N,N,N,N,N
22,005,611110,H,314,H,2374,H,9043,5,N,N,N,N,N,N,N,N,N,N,N,N,N
22,005,6116//,G,190,H,493,G,2271,18,6,6,3,3,N,N,N,N,N,N,N,N,N
22,005,61161/,J,33,H,76,G,232,4,N,N,N,N,N,N,N,N,N,N,N,N,N
22,005,611610,J,33,H,76,G,232,4,N,N,N,N,N,N,N,N,N,N,N,N,N
22,005,61162/,H,138,H,353,G,1789,11,3,4,N,3,N,N,N,N,N,N,N,N,N
22,005,611620,H,138,H,353,G,1789,11,3,4,N,3,N,N,N,N,N,N,N,N,N
22,005,61169/,G,19,J,64,H,250,3,N,N,N,N,N,N,N,N,N,N,N,N,N
22,005,6117//,G,15,G,108,G,557,3,N,N,N,N,N,N,N,N,N,N,N,N,N
22,005,61171/,G,15,G,108,G,557,3,N,N,N,N,N,N,N,N,N,N,N,N,N
22,005,611710,G,15,G,108,G,557,3,N,N,N,N,N,N,N,N,N,N,N,N,N
22,005,62----,G,3704,H,44803,H,190558,249,93,62,46,33,12,N,N,N,N,N,N,N,N
22,005,621///,G,1606,H,26085,H,111602,169,77,42,28,19,N,N,N,N,N,N,N,N,N
22,005,6211//,H,471,J,12297,J,50940,35,22,5,3,3,N,N,N,N,N,N,N,N,N
22,005,62111/,H,471,J,12297,J,50940,35,22,5,3,3,N,N,N,N,N,N,N,N,N
22,005,621111,H,467,J,12153,J,50368,33,20,5,3,3,N,N,N,N,N,N,N,N,N
22,005,6212//,G,408,G,5282,H,23417,42,9,18,10,5,N,N,N,N,N,N,N,N,N
22,005,62121/,G,408,G,5282,H,23417,42,9,18,10,5,N,N,N,N,N,N,N,N,N
22,005,621210,G,408,G,5282,H,23417,42,9,18,10,5,N,N,N,N,N,N,N,N,N
22,005,6213//,G,408,G,4421,G,19528,58,30,13,9,6,N,N,N,N,N,N,N,N,N
22,005,62131/,H,50,H,554,H,2959,10,4,5,N,N,N,N,N,N,N,N,N,N,N
22,005,621310,H,50,H,554,H,2959,10,4,5,N,N,N,N,N,N,N,N,N,N,N
22,005,62132/,G,72,H,670,H,2855,6,N,3,N,N,N,N,N,N,N,N,N,N,N
22,005,621320,G,72,H,670,H,2855,6,N,3,N,N,N,N,N,N,N,N,N,N,N
22,005,62133/,H,79,H,544,H,2589,9,4,N,N,N,N,N,N,N,N,N,N,N,N
22,005,621330,H,79,H,544,H,2589,9,4,N,N,N,N,N,N,N,N,N,N,N,N
22,005,62134/,H,194,G,2484,G,10320,21,9,3,7,N,N,N,N,N,N,N,N,N,N
22,005,621340,H,194,G,2484,G,10320,21,9,3,7,N,N,N,N,N,N,N,N,N,N
22,005,62139/,G,13,G,169,G,805,12,12,N,N,N,N,N,N,N,N,N,N,N,N
22,005,621399,G,13,G,169,G,805,12,12,N,N,N,N,N,N,N,N,N,N,N,N
22,005,6214//,G,177,G,2528,G,10915,15,5,3,N,5,N,N,N,N,N,N,N,N,N
22,005,62149/,G,173,G,2520,G,10721,13,3,3,N,5,N,N,N,N,N,N,N,N,N
22,005,621492,J,29,J,365,J,1405,3,N,N,N,N,N,N,N,N,N,N,N,N,N
22,005,621493,H,134,H,1991,H,8716,9,N,N,N,4,N,N,N,N,N,N,N,N,N
22,005,6215//,J,49,H,674,H,2957,10,6,N,N,N,N,N,N,N,N,N,N,N,N
22,005,62151/,J,49,H,674,H,2957,10,6,N,N,N,N,N,N,N,N,N,N,N,N
22,005,621511,J,31,H,298,H,1350,7,5,N,N,N,N,N,N,N,N,N,N,N,N
22,005,621512,J,18,J,376,J,1607,3,N,N,N,N,N,N,N,N,N,N,N,N,N
22,005,6216//,G,90,H,826,H,3401,7,3,N,N,N,N,N,N,N,N,N,N,N,N
22,005,62161/,G,90,H,826,H,3401,7,3,N,N,N,N,N,N,N,N,N,N,N,N
22,005,621610,G,90,H,826,H,3401,7,3,N,N,N,N,N,N,N,N,N,N,N,N
22,005,622///,H,607,H,8449,H,36070,4,N,N,N,N,N,N,N,N,N,N,N,N,N
22,005,623///,G,643,G,5450,G,22653,15,N,3,N,N,7,N,N,N,N,N,N,N,N
22,005,6231//,G,410,G,3847,G,15946,5,N,N,N,N,5,N,N,N,N,N,N,N,N
22,005,62311/,G,410,G,3847,G,15946,5,N,N,N,N,5,N,N,N,N,N,N,N,N
22,005,623110,G,410,G,3847,G,15946,5,N,N,N,N,5,N,N,N,N,N,N,N,N
22,005,6232//,H,91,G,699,G,3117,6,N,3,N,N,N,N,N,N,N,N,N,N,N
22,005,62321/,J,29,J,249,J,1111,5,N,3,N,N,N,N,N,N,N,N,N,N,N
22,005,623210,J,29,J,249,J,1111,5,N,3,N,N,N,N,N,N,N,N,N,N,N
22,005,6233//,H,142,J,904,J,3590,4,N,N,N,N,N,N,N,N,N,N,N,N,N
22,005,62331/,H,142,J,904,J,3590,4,N,N,N,N,N,N,N,N,N,N,N,N,N
22,005,623312,H,142,J,904,J,3590,4,N,N,N,N,N,N,N,N,N,N,N,N,N
22,005,624///,G,848,G,4819,G,20233,61,14,17,17,11,N,N,N,N,N,N,N,N,N
22,005,6241//,G,263,G,1924,G,8509,17,6,4,4,N,N,N,N,N,N,N,N,N,N
22,005,62411/,J,35,H,386,H,1608,5,N,N,N,N,N,N,N,N,N,N,N,N,N
22,005,624110,J,35,H,386,H,1608,5,N,N,N,N,N,N,N,N,N,N,N,N,N
22,005,62412/,H,180,H,955,H,4233,4,N,N,N,N,N,N,N,N,N,N,N,N,N
22,005,624120,H,180,H,955,H,4233,4,N,N,N,N,N,N,N,N,N,N,N,N,N
22,005,62419/,G,48,G,583,H,2668,8,4,N,N,N,N,N,N,N,N,N,N,N,N
22,005,624190,G,48,G,583,H,2668,8,4,N,N,N,N,N,N,N,N,N,N,N,N
22,005,6244//,G,585,G,2895,G,11724,44,8,13,13,9,N,N,N,N,N,N,N,N,N
22,005,62441/,G,585,G,2895,G,11724,44,8,13,13,9,N,N,N,N,N,N,N,N,N
22,005,624410,G,585,G,2895,G,11724,44,8,13,13,9,N,N,N,N,N,N,N,N,N
22,005,71----,G,419,G,1865,G,7955,33,18,N,8,3,N,N,N,N,N,N,N,N,N
22,005,711///,J,11,J,62,H,296,7,7,N,N,N,N,N,N,N,N,N,N,N,N
22,005,7115//,G,8,H,41,G,214,6,6,N,N,N,N,N,N,N,N,N,N,N,N
22,005,71151/,G,8,H,41,G,214,6,6,N,N,N,N,N,N,N,N,N,N,N,N
22,005,711510,G,8,H,41,G,214,6,6,N,N,N,N,N,N,N,N,N,N,N,N
22,005,713///,G,407,G,1797,G,7627,25,10,N,8,3,N,N,N,N,N,N,N,N,N
22,005,7131//,J,21,J,65,J,270,3,N,N,N,N,N,N,N,N,N,N,N,N,N
22,005,7139//,H,329,G,1084,G,4683,20,8,N,7,N,N,N,N,N,N,N,N,N,N
22,005,71394/,H,139,H,486,G,2100,14,5,N,6,N,N,N,N,N,N,N,N,N,N
22,005,713940,H,139,H,486,G,2100,14,5,N,6,N,N,N,N,N,N,N,N,N,N
22,005,71399/,J,105,J,161,J,520,4,3,N,N,N,N,N,N,N,N,N,N,N,N
22,005,713990,J,105,J,161,J,520,4,3,N,N,N,N,N,N,N,N,N,N,N,N
22,005,72----,G,4293,G,20751,G,85645,266,76,52,69,54,12,3,N,N,N,N,N,N,N
22,005,721///,H,410,H,2528,H,12094,28,7,9,8,3,N,N,N,N,N,N,N,N,N
22,005,7211//,H,406,H,2496,H,11973,27,6,9,8,3,N,N,N,N,N,N,N,N,N
22,005,72111/,H,406,H,2496,H,11973,27,6,9,8,3,N,N,N,N,N,N,N,N,N
22,005,721110,H,406,H,2496,H,11973,27,6,9,8,3,N,N,N,N,N,N,N,N,N
22,005,722///,G,3883,G,18223,G,73551,238,69,43,61,51,12,N,N,N,N,N,N,N,N
22,005,7223//,G,113,G,620,G,2556,13,5,3,4,N,N,N,N,N,N,N,N,N,N
22,005,72232/,H,93,G,380,G,1595,9,3,N,4,N,N,N,N,N,N,N,N,N,N
22,005,722320,H,93,G,380,G,1595,9,3,N,4,N,N,N,N,N,N,N,N,N,N
22,005,7224//,G,84,G,443,G,2034,15,8,4,3,N,N,N,N,N,N,N,N,N,N
22,005,72241/,G,84,G,443,G,2034,15,8,4,3,N,N,N,N,N,N,N,N,N,N
22,005,722410,G,84,G,443,G,2034,15,8,4,3,N,N,N,N,N,N,N,N,N,N
22,005,7225//,G,3686,G,17160,G,68961,210,56,36,54,50,12,N,N,N,N,N,N,N,N
22,005,72251/,G,3686,G,17160,G,68961,210,56,36,54,50,12,N,N,N,N,N,N,N,N
22,005,722511,G,1301,G,7517,G,28485,61,15,14,10,15,6,N,N,N,N,N,N,N,N
22,005,722513,G,2104,G,8425,G,35424,118,29,14,37,31,6,N,N,N,N,N,N,N,N
22,005,722515,G,245,H,1052,G,4304,29,12,8,6,3,N,N,N,N,N,N,N,N,N
22,005,81----,G,2728,H,52210,H,193995,241,137,43,31,22,6,N,N,N,N,N,N,N,N
22,005,811///,G,1956,H,46625,H,170477,102,48,16,17,13,6,N,N,N,N,N,N,N,N
22,005,8111//,H,377,G,4260,G,17395,59,29,14,12,4,N,N,N,N,N,N,N,N,N
22,005,81111/,H,144,G,1833,G,7539,30,19,7,N,N,N,N,N,N,N,N,N,N,N
22,005,811111,H,132,G,1719,G,7059,25,15,6,N,N,N,N,N,N,N,N,N,N,N
22,005,811118,J,1,J,8,G,62,3,3,N,N,N,N,N,N,N,N,N,N,N,N
22,005,81112/,G,147,G,1840,G,7582,20,9,4,5,N,N,N,N,N,N,N,N,N,N
22,005,811121,G,115,G,1563,G,6428,15,7,3,3,N,N,N,N,N,N,N,N,N,N
22,005,811122,H,32,H,277,H,1154,5,N,N,N,N,N,N,N,N,N,N,N,N,N
22,005,81119/,H,86,H,587,H,2274,9,N,3,5,N,N,N,N,N,N,N,N,N,N
22,005,811191,J,26,J,219,J,910,3,N,N,N,N,N,N,N,N,N,N,N,N,N
22,005,811192,G,54,H,316,G,1170,5,N,N,3,N,N,N,N,N,N,N,N,N,N
22,005,8112//,J,24,J,511,J,1709,5,3,N,N,N,N,N,N,N,N,N,N,N,N
22,005,81121/,J,24,J,511,J,1709,5,3,N,N,N,N,N,N,N,N,N,N,N,N
22,005,8113//,H,1547,H,41768,H,150844,30,8,N,4,9,6,N,N,N,N,N,N,N,N
22,005,81131/,H,1547,H,41768,H,150844,30,8,N,4,9,6,N,N,N,N,N,N,N,N
22,005,811310,H,1547,H,41768,H,150844,30,8,N,4,9,6,N,N,N,N,N,N,N,N
22,005,8114//,J,8,H,86,G,529,8,8,N,N,N,N,N,N,N,N,N,N,N,N
22,005,81141/,G,3,G,21,H,226,3,3,N,N,N,N,N,N,N,N,N,N,N,N
22,005,81149/,J,5,H,65,H,303,5,5,N,N,N,N,N,N,N,N,N,N,N,N
22,005,811490,J,5,H,65,H,303,5,5,N,N,N,N,N,N,N,N,N,N,N,N
22,005,812///,H,338,H,2200,H,9345,80,53,20,5,N,N,N,N,N,N,N,N,N,N
22,005,8121//,G,198,G,1185,G,5118,60,42,17,N,N,N,N,N,N,N,N,N,N,N
22,005,81211/,G,152,G,839,G,3659,49,36,13,N,N,N,N,N,N,N,N,N,N,N
22,005,812112,J,43,G,216,G,893,17,14,3,N,N,N,N,N,N,N,N,N,N,N
22,005,812113,G,94,G,503,G,2174,30,22,8,N,N,N,N,N,N,N,N,N,N,N
22,005,81219/,G,46,G,346,G,1459,11,6,4,N,N,N,N,N,N,N,N,N,N,N
22,005,812199,G,46,G,346,G,1459,11,6,4,N,N,N,N,N,N,N,N,N,N,N
22,005,8122//,J,51,J,570,J,2179,5,N,N,3,N,N,N,N,N,N,N,N,N,N
22,005,81221/,J,49,J,545,J,2050,4,N,N,3,N,N,N,N,N,N,N,N,N,N
22,005,812210,J,49,J,545,J,2050,4,N,N,3,N,N,N,N,N,N,N,N,N,N
22,005,8123//,G,13,H,83,H,346,4,3,N,N,N,N,N,N,N,N,N,N,N,N
22,005,81232/,G,13,H,83,H,346,4,3,N,N,N,N,N,N,N,N,N,N,N,N
22,005,812320,G,13,H,83,H,346,4,3,N,N,N,N,N,N,N,N,N,N,N,N
22,005,8129//,J,76,H,362,H,1702,11,7,N,N,N,N,N,N,N,N,N,N,N,N
22,005,81291/,J,75,H,346,H,1604,9,5,N,N,N,N,N,N,N,N,N,N,N,N
22,005,812910,J,75,H,346,H,1604,9,5,N,N,N,N,N,N,N,N,N,N,N,N
22,005,813///,H,434,H,3385,H,14173,59,36,7,9,7,N,N,N,N,N,N,N,N,N
22,005,8131//,H,317,H,2301,H,9461,44,26,5,8,5,N,N,N,N,N,N,N,N,N
22,005,81311/,H,317,H,2301,H,9461,44,26,5,8,5,N,N,N,N,N,N,N,N,N
22,005,813110,H,317,H,2301,H,9461,44,26,5,8,5,N,N,N,N,N,N,N,N,N
22,005,8132//,J,12,H,32,G,130,4,3,N,N,N,N,N,N,N,N,N,N,N,N
22,005,81321/,J,12,H,32,G,130,4,3,N,N,N,N,N,N,N,N,N,N,N,N
22,005,813211,J,11,G,30,G,123,3,N,N,N,N,N,N,N,N,N,N,N,N,N
22,005,8134//,J,73,J,804,J,3534,3,N,N,N,N,N,N,N,N,N,N,N,N,N
22,005,81341/,J,73,J,804,J,3534,3,N,N,N,N,N,N,N,N,N,N,N,N,N
22,005,813410,J,73,J,804,J,3534,3,N,N,N,N,N,N,N,N,N,N,N,N,N
22,005,8139//,H,27,G,204,G,880,7,5,N,N,N,N,N,N,N,N,N,N,N,N
22,005,81391/,G,12,G,115,G,525,3,N,N,N,N,N,N,N,N,N,N,N,N,N
22,005,813910,G,12,G,115,G,525,3,N,N,N,N,N,N,N,N,N,N,N,N,N
22,005,99----,J,4,J,13,G,89,5,5,N,N,N,N,N,N,N,N,N,N,N,N
22,033,------,G,244574,G,3776601,G,14905462,12542,6215,2396,1769,1337,504,226,55,22,18,7,7,3,N
22,033,11----,J,22,G,133,G,642,7,6,N,N,N,N,N,N,N,N,N,N,N,N
22,033,115///,J,15,G,119,G,583,5,4,N,N,N,N,N,N,N,N,N,N,N,N
22,033,1153//,G,6,H,90,H,441,3,3,N,N,N,N,N,N,N,N,N,N,N,N
22,033,11531/,G,6,H,90,H,441,3,3,N,N,N,N,N,N,N,N,N,N,N,N
22,033,115310,G,6,H,90,H,441,3,3,N,N,N,N,N,N,N,N,N,N,N,N
22,033,21----,H,107,G,2266,G,12117,13,8,N,3,N,N,N,N,N,N,N,N,N,N
22,033,211///,J,22,J,717,J,3433,4,3,N,N,N,N,N,N,N,N,N,N,N,N
22,033,2111//,J,22,J,717,J,3433,4,3,N,N,N,N,N,N,N,N,N,N,N,N
22,033,21112/,J,6,H,63,H,264,3,3,N,N,N,N,N,N,N,N,N,N,N,N
22,033,211120,J,6,H,63,H,264,3,3,N,N,N,N,N,N,N,N,N,N,N,N
22,033,213///,J,28,J,550,J,4226,7,5,N,N,N,N,N,N,N,N,N,N,N,N
22,033,2131//,J,28,J,550,J,4226,7,5,N,N,N,N,N,N,N,N,N,N,N,N
22,033,21311/,J,28,J,550,J,4226,7,5,N,N,N,N,N,N,N,N,N,N,N,N
22,033,213112,J,17,J,528,J,4130,5,4,N,N,N,N,N,N,N,N,N,N,N,N
22,033,22----,G,1105,H,32782,H,118662,29,11,N,6,3,4,N,N,N,N,N,N,N,N
22,033,221///,G,1105,H,32782,H,118662,29,11,N,6,3,4,N,N,N,N,N,N,N,N
22,033,2211//,J,773,J,26566,J,93635,18,6,N,4,N,4,N,N,N,N,N,N,N,N
22,033,22112/,J,684,J,23197,J,83267,16,5,N,4,N,3,N,N,N,N,N,N,N,N
22,033,221122,J,682,J,23080,J,82691,14,3,N,4,N,3,N,N,N,N,N,N,N,N
22,033,2213//,J,318,J,5871,J,22759,9,4,N,N,N,N,N,N,N,N,N,N,N,N
22,033,22131/,J,290,J,5478,J,21072,7,4,N,N,N,N,N,N,N,N,N,N,N,N
22,033,221310,J,290,J,5478,J,21072,7,4,N,N,N,N,N,N,N,N,N,N,N,N
22,033,23----,H,47760,H,907029,H,3528685,928,511,158,99,93,37,16,N,5,7,N,N,N,N
22,033,236///,G,4016,H,76727,G,287965,309,206,49,18,27,5,3,N,N,N,N,N,N,N
22,033,2361//,H,1006,G,14617,G,60440,212,167,26,8,9,N,N,N,N,N,N,N,N,N
22,033,23611/,H,1006,G,14617,G,60440,212,167,26,8,9,N,N,N,N,N,N,N,N,N
22,033,236115,J,107,H,1825,H,7762,42,33,7,N,N,N,N,N,N,N,N,N,N,N
22,033,236117,H,260,H,4624,H,19146,37,30,N,N,4,N,N,N,N,N,N,N,N,N
22,033,236118,H,636,G,8129,G,33382,132,103,18,5,4,N,N,N,N,N,N,N,N,N
22,033,2362//,H,3010,H,62110,G,227525,97,39,23,10,18,4,N,N,N,N,N,N,N,N
22,033,23621/,H,1961,H,42041,H,143855,10,N,N,N,N,N,N,N,N,N,N,N,N,N
22,033,236210,H,1961,H,42041,H,143855,10,N,N,N,N,N,N,N,N,N,N,N,N,N
22,033,23622/,G,1049,G,20069,G,83670,87,37,21,9,17,3,N,N,N,N,N,N,N,N
22,033,236220,G,1049,G,20069,G,83670,87,37,21,9,17,3,N,N,N,N,N,N,N,N
22,033,237///,H,32001,H,596803,H,2310286,67,19,11,10,7,7,5,N,3,4,N,N,N,N
22,033,2371//,H,30799,H,567754,H,2163117,34,6,4,5,4,5,3,N,N,4,N,N,N,N
22,033,23711/,H,1831,H,38382,H,213913,9,3,N,N,3,N,N,N,N,N,N,N,N,N
22,033,237110,H,1831,H,38382,H,213913,9,3,N,N,3,N,N,N,N,N,N,N,N,N
22,033,23712/,J,24355,H,451484,J,1667782,8,N,N,N,N,N,N,N,N,N,N,N,N,N
22,033,237120,J,24355,H,451484,J,1667782,8,N,N,N,N,N,N,N,N,N,N,N,N,N
22,033,23713/,J,4613,J,77888,J,281422,17,3,N,4,N,4,N,N,N,N,N,N,N,N
22,033,237130,J,4613,J,77888,J,281422,17,3,N,4,N,4,N,N,N,N,N,N,N,N
22,033,2372//,H,23,H,305,H,1061,10,9,N,N,N,N,N,N,N,N,N,N,N,N
22,033,23721/,H,23,H,305,H,1061,10,9,N,N,N,N,N,N,N,N,N,N,N,N
22,033,237210,H,23,H,305,H,1061,10,9,N,N,N,N,N,N,N,N,N,N,N,N
22,033,2373//,H,1041,H,27368,H,141932,15,N,4,3,N,N,N,N,N,N,N,N,N,N
22,033,23731/,H,1041,H,27368,H,141932,15,N,4,3,N,N,N,N,N,N,N,N,N,N
22,033,237310,H,1041,H,27368,H,141932,15,N,4,3,N,N,N,N,N,N,N,N,N,N
22,033,2379//,G,138,H,1376,G,4176,8,N,N,N,N,N,N,N,N,N,N,N,N,N
22,033,23799/,G,138,H,1376,G,4176,8,N,N,N,N,N,N,N,N,N,N,N,N,N
22,033,237990,G,138,H,1376,G,4176,8,N,N,N,N,N,N,N,N,N,N,N,N,N
22,033,238///,G,11743,G,233499,G,930434,552,286,98,71,59,25,8,N,N,N,N,N,N,N
22,033,2381//,G,1329,G,22315,G,98995,110,67,13,13,11,3,3,N,N,N,N,N,N,N
22,033,23811/,G,628,G,11372,G,51979,19,13,N,N,N,N,3,N,N,N,N,N,N,N
22,033,238110,G,628,G,11372,G,51979,19,13,N,N,N,N,3,N,N,N,N,N,N,N
22,033,23812/,H,92,G,1208,H,5697,5,N,N,N,N,N,N,N,N,N,N,N,N,N
22,033,238120,H,92,G,1208,H,5697,5,N,N,N,N,N,N,N,N,N,N,N,N,N
22,033,23813/,H,35,H,658,H,2585,6,4,N,N,N,N,N,N,N,N,N,N,N,N
22,033,238130,H,35,H,658,H,2585,6,4,N,N,N,N,N,N,N,N,N,N,N,N
22,033,23814/,H,94,J,1858,H,8320,15,11,N,N,N,N,N,N,N,N,N,N,N,N
22,033,238140,H,94,J,1858,H,8320,15,11,N,N,N,N,N,N,N,N,N,N,N,N
22,033,23815/,G,98,G,1059,G,4454,6,N,N,N,3,N,N,N,N,N,N,N,N,N
22,033,238150,G,98,G,1059,G,4454,6,N,N,N,3,N,N,N,N,N,N,N,N,N
22,033,23816/,G,254,G,4278,H,17889,42,26,6,8,N,N,N,N,N,N,N,N,N,N
22,033,238160,G,254,G,4278,H,17889,42,26,6,8,N,N,N,N,N,N,N,N,N,N
22,033,23817/,G,22,G,279,G,1490,8,6,N,N,N,N,N,N,N,N,N,N,N,N
22,033,238170,G,22,G,279,G,1490,8,6,N,N,N,N,N,N,N,N,N,N,N,N
22,033,23819/,G,106,G,1603,G,6581,9,5,N,N,3,N,N,N,N,N,N,N,N,N
22,033,238190,G,106,G,1603,G,6581,9,5,N,N,3,N,N,N,N,N,N,N,N,N
22,033,2382//,G,8245,G,179612,G,702115,252,115,41,35,34,20,3,N,N,N,N,N,N,N
22,033,23821/,G,5850,G,136523,G,517625,97,36,13,12,21,12,N,N,N,N,N,N,N,N
22,033,238210,G,5850,G,136523,G,517625,97,36,13,12,21,12,N,N,N,N,N,N,N,N
22,033,23822/,G,1632,G,26260,G,114688,137,73,25,18,12,8,N,N,N,N,N,N,N,N
22,033,238220,G,1632,G,26260,G,114688,137,73,25,18,12,8,N,N,N,N,N,N,N,N
22,033,23829/,J,763,J,16829,J,69802,18,6,3,5,N,N,N,N,N,N,N,N,N,N
22,033,238290,J,763,J,16829,J,69802,18,6,3,5,N,N,N,N,N,N,N,N,N,N
22,033,2383//,H,1240,H,17477,H,65590,101,57,26,12,4,N,N,N,N,N,N,N,N,N
22,033,23831/,J,635,J,9877,J,32112,20,10,7,N,N,N,N,N,N,N,N,N,N,N
22,033,238310,J,635,J,9877,J,32112,20,10,7,N,N,N,N,N,N,N,N,N,N,N
22,033,23832/,H,136,J,1601,J,8436,31,24,3,3,N,N,N,N,N,N,N,N,N,N
22,033,238320,H,136,J,1601,J,8436,31,24,3,3,N,N,N,N,N,N,N,N,N,N
22,033,23833/,G,103,G,1370,G,6173,17,9,5,N,N,N,N,N,N,N,N,N,N,N
22,033,238330,G,103,G,1370,G,6173,17,9,5,N,N,N,N,N,N,N,N,N,N,N
22,033,23834/,G,48,H,495,H,1912,5,N,N,N,N,N,N,N,N,N,N,N,N,N
22,033,238340,G,48,H,495,H,1912,5,N,N,N,N,N,N,N,N,N,N,N,N,N
22,033,23835/,H,231,J,3174,J,13252,19,10,7,N,N,N,N,N,N,N,N,N,N,N
22,033,238350,H,231,J,3174,J,13252,19,10,7,N,N,N,N,N,N,N,N,N,N,N
22,033,23839/,H,87,H,960,H,3705,9,N,3,3,N,N,N,N,N,N,N,N,N,N
22,033,238390,H,87,H,960,H,3705,9,N,3,3,N,N,N,N,N,N,N,N,N,N
22,033,2389//,G,929,H,14095,G,63734,89,47,18,11,10,N,N,N,N,N,N,N,N,N
22,033,23891/,G,309,H,4931,G,19858,24,8,7,3,6,N,N,N,N,N,N,N,N,N
22,033,238910,G,309,H,4931,G,19858,24,8,7,3,6,N,N,N,N,N,N,N,N,N
22,033,23899/,H,620,H,9164,G,43876,65,39,11,8,4,N,N,N,N,N,N,N,N,N
22,033,238990,H,620,H,9164,G,43876,65,39,11,8,4,N,N,N,N,N,N,N,N,N
22,033,31----,H,9577,H,238529,H,920043,295,92,73,47,46,20,11,4,N,N,N,N,N,N
22,033,311///,G,839,G,11927,G,46187,24,9,6,N,N,4,3,N,N,N,N,N,N,N
22,033,3118//,H,329,H,5096,H,19612,11,5,N,N,N,N,N,N,N,N,N,N,N,N
22,033,31181/,H,329,H,5096,H,19612,11,5,N,N,N,N,N,N,N,N,N,N,N,N
22,033,311811,G,147,G,1113,G,3928,7,3,N,N,N,N,N,N,N,N,N,N,N,N
22,033,311812,H,182,J,3983,J,15684,4,N,N,N,N,N,N,N,N,N,N,N,N,N
22,033,3119//,J,260,J,4151,J,16254,7,3,N,N,N,N,N,N,N,N,N,N,N,N
22,033,312///,J,242,J,4091,J,15584,5,N,3,N,N,N,N,N,N,N,N,N,N,N
22,033,3121//,J,242,J,4091,J,15584,5,N,3,N,N,N,N,N,N,N,N,N,N,N
22,033,314///,J,91,H,762,H,3109,8,3,N,N,3,N,N,N,N,N,N,N,N,N
22,033,3149//,J,87,H,742,H,3030,6,N,N,N,3,N,N,N,N,N,N,N,N,N
22,033,31491/,J,58,J,519,J,2064,3,N,N,N,N,N,N,N,N,N,N,N,N,N
22,033,314910,J,58,J,519,J,2064,3,N,N,N,N,N,N,N,N,N,N,N,N,N
22,033,31499/,H,29,H,223,H,966,3,N,N,N,N,N,N,N,N,N,N,N,N,N
22,033,314999,H,29,H,223,H,966,3,N,N,N,N,N,N,N,N,N,N,N,N,N
22,033,321///,G,184,G,2370,G,8452,17,4,6,4,3,N,N,N,N,N,N,N,N,N
22,033,3219//,G,173,H,2234,G,8115,16,4,6,3,3,N,N,N,N,N,N,N,N,N
22,033,32191/,G,106,G,1065,G,4399,13,3,6,3,N,N,N,N,N,N,N,N,N,N
22,033,321911,G,78,G,844,G,3491,6,N,N,3,N,N,N,N,N,N,N,N,N,N
22,033,321918,J,19,G,161,G,734,5,N,3,N,N,N,N,N,N,N,N,N,N,N
22,033,323///,G,358,G,4381,G,17586,33,16,8,3,4,N,N,N,N,N,N,N,N,N
22,033,3231//,G,358,G,4381,G,17586,33,16,8,3,4,N,N,N,N,N,N,N,N,N
22,033,32311/,G,357,G,4371,G,17548,32,15,8,3,4,N,N,N,N,N,N,N,N,N
22,033,323111,G,304,G,3966,G,15701,22,10,4,3,3,N,N,N,N,N,N,N,N,N
22,033,323113,G,53,H,405,H,1847,10,5,4,N,N,N,N,N,N,N,N,N,N,N
22,033,324///,J,1927,J,71962,J,270450,4,N,N,N,N,N,N,N,N,N,N,N,N,N
22,033,3241//,J,1927,J,71962,J,270450,4,N,N,N,N,N,N,N,N,N,N,N,N,N
22,033,325///,H,2324,H,77544,H,298403,30,11,N,3,4,5,N,3,N,N,N,N,N,N
22,033,3251//,G,1655,H,56595,H,213685,14,3,N,N,N,4,N,N,N,N,N,N,N,N
22,033,32518/,J,203,J,6662,J,23625,6,N,N,N,N,N,N,N,N,N,N,N,N,N
22,033,325180,J,203,J,6662,J,23625,6,N,N,N,N,N,N,N,N,N,N,N,N,N
22,033,32519/,J,224,J,13091,J,39896,4,N,N,N,N,N,N,N,N,N,N,N,N,N
22,033,325199,J,224,J,13091,J,39896,4,N,N,N,N,N,N,N,N,N,N,N,N,N
22,033,3252//,J,549,J,16938,J,72469,5,N,N,N,N,N,N,N,N,N,N,N,N,N
22,033,32521/,J,549,J,16938,J,72469,5,N,N,N,N,N,N,N,N,N,N,N,N,N
22,033,325211,J,549,J,16938,J,72469,5,N,N,N,N,N,N,N,N,N,N,N,N,N
22,033,3256//,J,20,H,297,H,1304,6,5,N,N,N,N,N,N,N,N,N,N,N,N
22,033,32562/,J,6,G,142,G,653,4,4,N,N,N,N,N,N,N,N,N,N,N,N
22,033,325620,J,6,G,142,G,653,4,4,N,N,N,N,N,N,N,N,N,N,N,N
22,033,326///,G,197,G,2994,G,13658,12,4,N,N,6,N,N,N,N,N,N,N,N,N
22,033,3261//,H,127,H,1537,H,7466,9,4,N,N,4,N,N,N,N,N,N,N,N,N
22,033,32619/,G,96,G,986,G,4615,8,4,N,N,3,N,N,N,N,N,N,N,N,N
22,033,326199,G,94,G,969,G,4542,7,3,N,N,3,N,N,N,N,N,N,N,N,N
22,033,3262//,G,70,G,1457,G,6192,3,N,N,N,N,N,N,N,N,N,N,N,N,N
22,033,327///,H,570,H,9220,H,37312,21,6,4,5,3,N,3,N,N,N,N,N,N,N
22,033,3272//,G,55,G,577,G,2350,4,N,N,N,N,N,N,N,N,N,N,N,N,N
22,033,32721/,G,55,G,577,G,2350,4,N,N,N,N,N,N,N,N,N,N,N,N,N
22,033,3273//,H,491,H,8277,H,33470,12,N,N,3,N,N,3,N,N,N,N,N,N,N
22,033,32732/,J,195,J,3062,J,12789,7,N,N,N,N,N,N,N,N,N,N,N,N,N
22,033,327320,J,195,J,3062,J,12789,7,N,N,N,N,N,N,N,N,N,N,N,N,N
22,033,32739/,J,98,J,2453,J,8535,3,N,N,N,N,N,N,N,N,N,N,N,N,N
22,033,327390,J,98,J,2453,J,8535,3,N,N,N,N,N,N,N,N,N,N,N,N,N
22,033,3279//,J,20,J,307,J,1268,4,N,N,N,N,N,N,N,N,N,N,N,N,N
22,033,32799/,J,16,J,286,J,1188,3,N,N,N,N,N,N,N,N,N,N,N,N,N
22,033,331///,G,188,H,5799,H,20760,4,N,N,N,N,N,N,N,N,N,N,N,N,N
22,033,332///,G,896,H,17441,G,66344,55,10,19,13,8,5,N,N,N,N,N,N,N,N
22,033,3323//,G,171,H,2650,H,11319,14,3,5,3,3,N,N,N,N,N,N,N,N,N
22,033,33231/,J,96,J,1698,J,7431,7,N,3,N,N,N,N,N,N,N,N,N,N,N
22,033,332312,J,96,J,1698,J,7431,7,N,3,N,N,N,N,N,N,N,N,N,N,N
22,033,33232/,J,75,H,952,H,3888,7,N,N,N,N,N,N,N,N,N,N,N,N,N
22,033,332322,H,47,G,576,G,2179,3,N,N,N,N,N,N,N,N,N,N,N,N,N
22,033,332323,J,25,J,346,J,1618,3,N,N,N,N,N,N,N,N,N,N,N,N,N
22,033,3327//,G,276,G,4956,G,22322,18,3,8,3,N,N,N,N,N,N,N,N,N,N
22,033,33271/,G,244,G,4542,G,20641,15,3,6,N,N,N,N,N,N,N,N,N,N,N
22,033,332710,G,244,G,4542,G,20641,15,3,6,N,N,N,N,N,N,N,N,N,N,N
22,033,33272/,G,32,G,414,G,1681,3,N,N,N,N,N,N,N,N,N,N,N,N,N
22,033,332721,G,32,G,414,G,1681,3,N,N,N,N,N,N,N,N,N,N,N,N,N
22,033,3328//,H,116,H,1621,G,6345,5,N,N,N,N,N,N,N,N,N,N,N,N,N
22,033,33281/,H,116,H,1621,G,6345,5,N,N,N,N,N,N,N,N,N,N,N,N,N
22,033,332812,H,116,H,1621,G,6345,5,N,N,N,N,N,N,N,N,N,N,N,N,N
22,033,3329//,H,184,H,3034,H,13520,12,3,3,3,N,N,N,N,N,N,N,N,N,N
22,033,33291/,H,27,H,495,H,1920,3,N,N,N,N,N,N,N,N,N,N,N,N,N
22,033,33299/,H,157,H,2539,H,11600,9,N,N,N,N,N,N,N,N,N,N,N,N,N
22,033,332996,J,105,J,1854,H,8426,4,N,N,N,N,N,N,N,N,N,N,N,N,N
22,033,332999,G,52,G,685,H,3174,5,N,N,N,N,N,N,N,N,N,N,N,N,N
22,033,333///,G,169,G,2697,G,12219,14,4,4,3,3,N,N,N,N,N,N,N,N,N
22,033,3334//,G,52,H,780,H,3136,6,N,N,3,N,N,N,N,N,N,N,N,N,N
22,033,33341/,G,52,H,780,H,3136,6,N,N,3,N,N,N,N,N,N,N,N,N,N
22,033,333415,G,52,H,780,H,3136,6,N,N,3,N,N,N,N,N,N,N,N,N,N
22,033,3339//,J,87,J,1444,J,6649,5,N,N,N,N,N,N,N,N,N,N,N,N,N
22,033,33399/,J,14,J,134,J,643,3,N,N,N,N,N,N,N,N,N,N,N,N,N
22,033,334///,H,78,H,1131,H,5356,5,N,N,N,N,N,N,N,N,N,N,N,N,N
22,033,3345//,G,59,G,912,G,4354,3,N,N,N,N,N,N,N,N,N,N,N,N,N
22,033,33451/,G,59,G,912,G,4354,3,N,N,N,N,N,N,N,N,N,N,N,N,N
22,033,336///,G,70,H,1168,H,3708,4,N,N,N,N,N,N,N,N,N,N,N,N,N
22,033,3363//,J,27,H,244,H,706,3,N,N,N,N,N,N,N,N,N,N,N,N,N
22,033,337///,G,154,G,1588,G,6469,17,7,4,4,N,N,N,N,N,N,N,N,N,N
22,033,3371//,H,116,H,1215,H,4856,14,6,4,3,N,N,N,N,N,N,N,N,N,N
22,033,33711/,H,107,H,1158,H,4618,12,5,3,3,N,N,N,N,N,N,N,N,N,N
22,033,337110,H,107,H,1158,H,4618,12,5,3,3,N,N,N,N,N,N,N,N,N,N
22,033,339///,G,853,G,12819,G,52971,36,12,11,6,N,3,N,N,N,N,N,N,N,N
22,033,3391//,H,59,G,801,G,3498,9,3,4,N,N,N,N,N,N,N,N,N,N,N
22,033,33911/,H,59,G,801,G,3498,9,3,4,N,N,N,N,N,N,N,N,N,N,N
22,033,339116,H,53,G,659,G,2903,8,3,3,N,N,N,N,N,N,N,N,N,N,N
22,033,3399//,G,794,G,12018,G,49473,27,9,7,4,N,3,N,N,N,N,N,N,N,N
22,033,33995/,H,298,H,2879,H,11724,14,6,4,3,N,N,N,N,N,N,N,N,N,N
22,033,339950,H,298,H,2879,H,11724,14,6,4,3,N,N,N,N,N,N,N,N,N,N
22,033,33999/,H,270,H,5008,H,21736,9,N,3,N,N,3,N,N,N,N,N,N,N,N
22,033,339991,H,245,H,4835,H,20511,5,N,N,N,N,3,N,N,N,N,N,N,N,N
22,033,339999,H,25,J,173,G,1225,4,N,3,N,N,N,N,N,N,N,N,N,N,N
22,033,42----,G,9574,G,196741,G,757594,639,251,144,130,84,19,7,3,N,N,N,N,N,N
22,033,423///,G,5955,G,138946,G,511565,445,163,104,95,67,12,3,N,N,N,N,N,N,N
22,033,4231//,G,696,G,11677,G,44895,40,7,10,14,6,3,N,N,N,N,N,N,N,N
22,033,42311/,G,316,H,6055,H,21080,13,N,N,4,3,N,N,N,N,N,N,N,N,N
22,033,423110,G,316,H,6055,H,21080,13,N,N,4,3,N,N,N,N,N,N,N,N,N
22,033,42312/,G,169,G,2008,G,7941,19,5,8,5,N,N,N,N,N,N,N,N,N,N
22,033,423120,G,169,G,2008,G,7941,19,5,8,5,N,N,N,N,N,N,N,N,N,N
22,033,42313/,G,211,G,3614,H,15874,8,N,N,5,N,N,N,N,N,N,N,N,N,N
22,033,423130,G,211,G,3614,H,15874,8,N,N,5,N,N,N,N,N,N,N,N,N,N
22,033,4232//,H,138,G,2217,G,9567,15,7,4,3,N,N,N,N,N,N,N,N,N,N
22,033,42321/,J,34,H,507,H,2274,5,N,4,N,N,N,N,N,N,N,N,N,N,N
22,033,423210,J,34,H,507,H,2274,5,N,4,N,N,N,N,N,N,N,N,N,N,N
22,033,42322/,G,104,G,1710,G,7293,10,6,N,3,N,N,N,N,N,N,N,N,N,N
22,033,423220,G,104,G,1710,G,7293,10,6,N,3,N,N,N,N,N,N,N,N,N,N
22,033,4233//,J,320,H,7219,H,22382,30,7,9,10,4,N,N,N,N,N,N,N,N,N
22,033,42331/,J,86,J,1874,J,5569,6,N,3,N,N,N,N,N,N,N,N,N,N,N
22,033,423310,J,86,J,1874,J,5569,6,N,3,N,N,N,N,N,N,N,N,N,N,N
22,033,42332/,H,95,G,1560,G,5516,12,5,4,N,N,N,N,N,N,N,N,N,N,N
22,033,423320,H,95,G,1560,G,5516,12,5,4,N,N,N,N,N,N,N,N,N,N,N
22,033,42333/,J,98,J,3086,J,8139,6,N,N,5,N,N,N,N,N,N,N,N,N,N
22,033,423330,J,98,J,3086,J,8139,6,N,N,5,N,N,N,N,N,N,N,N,N,N
22,033,42339/,J,41,H,699,H,3158,6,N,N,N,N,N,N,N,N,N,N,N,N,N
22,033,423390,J,41,H,699,H,3158,6,N,N,N,N,N,N,N,N,N,N,N,N,N
22,033,4234//,G,439,H,8596,H,38378,46,26,8,4,7,N,N,N,N,N,N,N,N,N
22,033,42342/,G,217,H,4327,H,20332,18,6,6,N,4,N,N,N,N,N,N,N,N,N
22,033,423420,G,217,H,4327,H,20332,18,6,6,N,4,N,N,N,N,N,N,N,N,N
22,033,42343/,H,109,H,2319,H,9261,6,4,N,N,N,N,N,N,N,N,N,N,N,N
22,033,423430,H,109,H,2319,H,9261,6,4,N,N,N,N,N,N,N,N,N,N,N,N
22,033,42344/,G,53,G,738,G,3303,3,N,N,N,N,N,N,N,N,N,N,N,N,N
22,033,423440,G,53,G,738,G,3303,3,N,N,N,N,N,N,N,N,N,N,N,N,N
22,033,42345/,J,46,H,958,G,4416,15,13,N,N,N,N,N,N,N,N,N,N,N,N
22,033,423450,J,46,H,958,G,4416,15,13,N,N,N,N,N,N,N,N,N,N,N,N
22,033,42349/,J,14,G,254,H,1066,4,3,N,N,N,N,N,N,N,N,N,N,N,N
22,033,423490,J,14,G,254,H,1066,4,3,N,N,N,N,N,N,N,N,N,N,N,N
22,033,4235//,H,251,H,12889,H,27873,17,8,N,3,3,N,N,N,N,N,N,N,N,N
22,033,42351/,H,251,H,12889,H,27873,17,8,N,3,3,N,N,N,N,N,N,N,N,N
22,033,423510,H,251,H,12889,H,27873,17,8,N,3,3,N,N,N,N,N,N,N,N,N
22,033,4236//,G,819,H,22697,H,85231,63,28,7,14,12,N,N,N,N,N,N,N,N,N
22,033,42361/,H,561,H,16421,H,59781,42,19,N,11,9,N,N,N,N,N,N,N,N,N
22,033,423610,H,561,H,16421,H,59781,42,19,N,11,9,N,N,N,N,N,N,N,N,N
22,033,42362/,H,44,G,644,G,2783,6,N,N,N,N,N,N,N,N,N,N,N,N,N
22,033,423620,H,44,G,644,G,2783,6,N,N,N,N,N,N,N,N,N,N,N,N,N
22,033,42369/,G,214,H,5632,H,22667,15,7,3,N,N,N,N,N,N,N,N,N,N,N
22,033,423690,G,214,H,5632,H,22667,15,7,3,N,N,N,N,N,N,N,N,N,N,N
22,033,4237//,H,633,H,12872,H,50799,59,21,18,11,8,N,N,N,N,N,N,N,N,N
22,033,42371/,H,136,H,2349,H,11111,14,5,4,3,N,N,N,N,N,N,N,N,N,N
22,033,423710,H,136,H,2349,H,11111,14,5,4,3,N,N,N,N,N,N,N,N,N,N
22,033,42372/,J,221,J,6118,H,22137,18,4,6,4,4,N,N,N,N,N,N,N,N,N
22,033,423720,J,221,J,6118,H,22137,18,4,6,4,4,N,N,N,N,N,N,N,N,N
22,033,42373/,H,267,H,4176,G,16858,25,11,7,4,N,N,N,N,N,N,N,N,N,N
22,033,423730,H,267,H,4176,G,16858,25,11,7,4,N,N,N,N,N,N,N,N,N,N
22,033,4238//,G,2128,G,47675,G,189464,139,39,41,33,20,3,N,N,N,N,N,N,N,N
22,033,42381/,G,169,G,4727,G,17029,12,6,N,N,4,N,N,N,N,N,N,N,N,N
22,033,423810,G,169,G,4727,G,17029,12,6,N,N,4,N,N,N,N,N,N,N,N,N
22,033,42382/,J,78,J,1252,J,5113,8,3,N,N,N,N,N,N,N,N,N,N,N,N
22,033,423820,J,78,J,1252,J,5113,8,3,N,N,N,N,N,N,N,N,N,N,N,N
22,033,42383/,G,1186,G,27618,H,112440,70,20,16,19,11,3,N,N,N,N,N,N,N,N
22,033,423830,G,1186,G,27618,H,112440,70,20,16,19,11,3,N,N,N,N,N,N,N,N
22,033,42384/,G,639,G,13260,G,51475,41,8,17,11,3,N,N,N,N,N,N,N,N,N
22,033,423840,G,639,G,13260,G,51475,41,8,17,11,3,N,N,N,N,N,N,N,N,N
22,033,42385/,G,56,G,818,G,3407,8,N,5,N,N,N,N,N,N,N,N,N,N,N
22,033,423850,G,56,G,818,G,3407,8,N,5,N,N,N,N,N,N,N,N,N,N,N
22,033,4239//,H,531,J,13104,H,42976,36,20,5,3,6,N,N,N,N,N,N,N,N,N
22,033,42391/,J,248,J,9105,J,27185,7,N,N,N,N,N,N,N,N,N,N,N,N,N
22,033,423910,J,248,J,9105,J,27185,7,N,N,N,N,N,N,N,N,N,N,N,N,N
22,033,42392/,J,64,J,724,J,2814,3,N,N,N,N,N,N,N,N,N,N,N,N,N
22,033,423920,J,64,J,724,J,2814,3,N,N,N,N,N,N,N,N,N,N,N,N,N
22,033,42393/,G,74,H,813,H,3546,6,N,N,N,N,N,N,N,N,N,N,N,N,N
22,033,423930,G,74,H,813,H,3546,6,N,N,N,N,N,N,N,N,N,N,N,N,N
22,033,42394/,J,16,H,210,H,877,5,3,N,N,N,N,N,N,N,N,N,N,N,N
22,033,423940,J,16,H,210,H,877,5,3,N,N,N,N,N,N,N,N,N,N,N,N
22,033,42399/,H,129,G,2252,G,8554,15,12,N,N,N,N,N,N,N,N,N,N,N,N
22,033,423990,H,129,G,2252,G,8554,15,12,N,N,N,N,N,N,N,N,N,N,N,N
22,033,424///,H,3386,H,53372,H,225913,145,55,30,30,16,7,4,N,N,N,N,N,N,N
22,033,4241//,G,174,H,2366,H,9547,9,N,3,N,3,N,N,N,N,N,N,N,N,N
22,033,42412/,G,103,G,816,G,2915,6,N,3,N,N,N,N,N,N,N,N,N,N,N
22,033,424120,G,103,G,816,G,2915,6,N,3,N,N,N,N,N,N,N,N,N,N,N
22,033,4242//,G,224,G,3764,G,15609,18,7,3,4,3,N,N,N,N,N,N,N,N,N
22,033,42421/,G,224,G,3764,G,15609,18,7,3,4,3,N,N,N,N,N,N,N,N,N
22,033,424210,G,224,G,3764,G,15609,18,7,3,4,3,N,N,N,N,N,N,N,N,N
22,033,4243//,J,237,J,2576,J,11695,8,4,N,N,N,N,N,N,N,N,N,N,N,N
22,033,42432/,J,5,J,59,J,293,3,3,N,N,N,N,N,N,N,N,N,N,N,N
22,033,424320,J,5,J,59,J,293,3,3,N,N,N,N,N,N,N,N,N,N,N,N
22,033,42433/,H,38,G,248,H,1299,3,N,N,N,N,N,N,N,N,N,N,N,N,N
22,033,424330,H,38,G,248,H,1299,3,N,N,N,N,N,N,N,N,N,N,N,N,N
22,033,4244//,H,1598,H,24767,H,99680,32,14,3,7,3,N,N,N,N,N,N,N,N,N
22,033,42441/,J,685,J,9730,J,41339,4,N,N,N,N,N,N,N,N,N,N,N,N,N
22,033,424410,J,685,J,9730,J,41339,4,N,N,N,N,N,N,N,N,N,N,N,N,N
22,033,42442/,J,36,J,1278,J,4570,3,N,N,N,N,N,N,N,N,N,N,N,N,N
22,033,424420,J,36,J,1278,J,4570,3,N,N,N,N,N,N,N,N,N,N,N,N,N
22,033,42443/,H,54,H,553,H,2946,3,N,N,N,N,N,N,N,N,N,N,N,N,N
22,033,424430,H,54,H,553,H,2946,3,N,N,N,N,N,N,N,N,N,N,N,N,N
22,033,42446/,J,21,H,441,H,1429,5,4,N,N,N,N,N,N,N,N,N,N,N,N
22,033,424460,J,21,H,441,H,1429,5,4,N,N,N,N,N,N,N,N,N,N,N,N
22,033,42448/,J,280,J,3743,J,16117,3,N,N,N,N,N,N,N,N,N,N,N,N,N
22,033,424480,J,280,J,3743,J,16117,3,N,N,N,N,N,N,N,N,N,N,N,N,N
22,033,42449/,H,488,J,8510,H,31342,11,5,N,N,N,N,N,N,N,N,N,N,N,N
22,033,424490,H,488,J,8510,H,31342,11,5,N,N,N,N,N,N,N,N,N,N,N,N
22,033,4246//,G,377,G,8565,G,40312,27,10,6,4,5,N,N,N,N,N,N,N,N,N
22,033,42461/,G,39,G,515,G,2437,4,N,3,N,N,N,N,N,N,N,N,N,N,N
22,033,424610,G,39,G,515,G,2437,4,N,3,N,N,N,N,N,N,N,N,N,N,N
22,033,42469/,G,338,G,8050,G,37875,23,10,3,4,4,N,N,N,N,N,N,N,N,N
22,033,424690,G,338,G,8050,G,37875,23,10,3,4,4,N,N,N,N,N,N,N,N,N
22,033,4247//,G,149,G,3184,G,13988,13,N,4,9,N,N,N,N,N,N,N,N,N,N
22,033,42471/,H,80,G,1656,G,8167,7,N,N,5,N,N,N,N,N,N,N,N,N,N
22,033,424710,H,80,G,1656,G,8167,7,N,N,5,N,N,N,N,N,N,N,N,N,N
22,033,42472/,G,69,G,1528,G,5821,6,N,N,4,N,N,N,N,N,N,N,N,N,N
22,033,424720,G,69,G,1528,G,5821,6,N,N,4,N,N,N,N,N,N,N,N,N,N
22,033,4248//,G,440,G,5222,G,22886,6,N,N,N,N,N,N,N,N,N,N,N,N,N
22,033,42481/,G,381,G,4280,G,18938,3,N,N,N,N,N,N,N,N,N,N,N,N,N
22,033,424810,G,381,G,4280,G,18938,3,N,N,N,N,N,N,N,N,N,N,N,N,N
22,033,42482/,J,59,J,942,J,3948,3,N,N,N,N,N,N,N,N,N,N,N,N,N
22,033,424820,J,59,J,942,J,3948,3,N,N,N,N,N,N,N,N,N,N,N,N,N
22,033,4249//,G,174,G,2772,G,11549,30,17,7,5,N,N,N,N,N,N,N,N,N,N
22,033,42491/,H,27,H,553,H,2212,3,N,N,N,N,N,N,N,N,N,N,N,N,N
22,033,424910,H,27,H,553,H,2212,3,N,N,N,N,N,N,N,N,N,N,N,N,N
22,033,42493/,H,36,G,305,H,1223,6,N,3,N,N,N,N,N,N,N,N,N,N,N
22,033,424930,H,36,G,305,H,1223,6,N,3,N,N,N,N,N,N,N,N,N,N,N
22,033,42494/,H,23,G,357,H,1114,4,N,N,N,N,N,N,N,N,N,N,N,N,N
22,033,424940,H,23,G,357,H,1114,4,N,N,N,N,N,N,N,N,N,N,N,N,N
22,033,42495/,H,68,G,1267,G,5305,9,4,N,3,N,N,N,N,N,N,N,N,N,N
22,033,424950,H,68,G,1267,G,5305,9,4,N,3,N,N,N,N,N,N,N,N,N,N
22,033,42499/,H,20,H,290,H,1695,8,7,N,N,N,N,N,N,N,N,N,N,N,N
22,033,424990,H,20,H,290,H,1695,8,7,N,N,N,N,N,N,N,N,N,N,N,N
22,033,425///,H,233,G,4423,G,20116,49,33,10,5,N,N,N,N,N,N,N,N,N,N
22,033,4251//,H,233,G,4423,G,20116,49,33,10,5,N,N,N,N,N,N,N,N,N,N
22,033,42512/,H,219,G,4368,G,19852,47,32,10,4,N,N,N,N,N,N,N,N,N,N
22,033,425120,H,219,G,4368,G,19852,47,32,10,4,N,N,N,N,N,N,N,N,N,N
22,033,44----,G,25471,G,236351,G,922469,1695,705,422,301,166,49,41,11,N,N,N,N,N,N
22,033,441///,G,3907,G,61482,G,251089,202,63,53,42,22,13,9,N,N,N,N,N,N,N
22,033,4411//,G,2674,G,48901,G,199510,70,24,7,6,13,11,9,N,N,N,N,N,N,N
22,033,44111/,G,2477,G,45666,G,187553,43,4,4,3,13,11,8,N,N,N,N,N,N,N
22,033,441110,G,2477,G,45666,G,187553,43,4,4,3,13,11,8,N,N,N,N,N,N,N
22,033,44112/,G,197,G,3235,H,11957,27,20,3,3,N,N,N,N,N,N,N,N,N,N
22,033,441120,G,197,G,3235,H,11957,27,20,3,3,N,N,N,N,N,N,N,N,N,N
22,033,4412//,G,257,G,3269,G,13244,17,6,4,N,6,N,N,N,N,N,N,N,N,N
22,033,44121/,H,92,G,1429,G,5709,4,N,N,N,N,N,N,N,N,N,N,N,N,N
22,033,441210,H,92,G,1429,G,5709,4,N,N,N,N,N,N,N,N,N,N,N,N,N
22,033,44122/,H,165,H,1840,H,7535,13,5,3,N,4,N,N,N,N,N,N,N,N,N
22,033,441222,J,16,J,206,J,848,3,N,N,N,N,N,N,N,N,N,N,N,N,N
22,033,441228,G,149,G,1634,H,6687,10,3,3,N,4,N,N,N,N,N,N,N,N,N
22,033,4413//,G,976,G,9312,G,38335,115,33,42,35,3,N,N,N,N,N,N,N,N,N
22,033,44131/,G,656,G,5770,G,23271,64,16,20,23,3,N,N,N,N,N,N,N,N,N
22,033,441310,G,656,G,5770,G,23271,64,16,20,23,3,N,N,N,N,N,N,N,N,N
22,033,44132/,H,320,G,3542,H,15064,51,17,22,12,N,N,N,N,N,N,N,N,N,N
22,033,441320,H,320,G,3542,H,15064,51,17,22,12,N,N,N,N,N,N,N,N,N,N
22,033,442///,G,779,G,8243,H,35322,89,38,24,20,6,N,N,N,N,N,N,N,N,N
22,033,4421//,G,385,G,4566,G,17590,47,23,11,8,5,N,N,N,N,N,N,N,N,N
22,033,44211/,G,385,G,4566,G,17590,47,23,11,8,5,N,N,N,N,N,N,N,N,N
22,033,442110,G,385,G,4566,G,17590,47,23,11,8,5,N,N,N,N,N,N,N,N,N
22,033,4422//,G,394,G,3677,H,17732,42,15,13,12,N,N,N,N,N,N,N,N,N,N
22,033,44221/,G,153,G,2173,H,13061,17,5,6,5,N,N,N,N,N,N,N,N,N,N
22,033,442210,G,153,G,2173,H,13061,17,5,6,5,N,N,N,N,N,N,N,N,N,N
22,033,44229/,H,241,G,1504,G,4671,25,10,7,7,N,N,N,N,N,N,N,N,N,N
22,033,442291,J,4,J,68,J,287,3,3,N,N,N,N,N,N,N,N,N,N,N,N
22,033,442299,H,237,G,1436,G,4384,22,7,7,7,N,N,N,N,N,N,N,N,N,N
22,033,443///,H,417,H,4269,H,15603,35,16,6,8,3,N,N,N,N,N,N,N,N,N
22,033,4431//,H,417,H,4269,H,15603,35,16,6,8,3,N,N,N,N,N,N,N,N,N
22,033,44314/,H,417,H,4269,H,15603,35,16,6,8,3,N,N,N,N,N,N,N,N,N
22,033,443141,H,144,H,1461,G,5849,12,4,3,3,N,N,N,N,N,N,N,N,N,N
22,033,443142,H,273,H,2808,H,9754,23,12,3,5,N,N,N,N,N,N,N,N,N,N
22,033,444///,H,2410,H,24272,H,89147,113,34,35,21,14,N,8,N,N,N,N,N,N,N
22,033,4441//,H,2132,H,22101,H,80174,93,29,31,16,8,N,8,N,N,N,N,N,N,N
22,033,44411/,J,1250,J,8740,J,32374,10,N,N,N,N,N,7,N,N,N,N,N,N,N
22,033,444110,J,1250,J,8740,J,32374,10,N,N,N,N,N,7,N,N,N,N,N,N,N
22,033,44412/,J,124,H,1956,H,6325,19,6,10,N,N,N,N,N,N,N,N,N,N,N
22,033,444120,J,124,H,1956,H,6325,19,6,10,N,N,N,N,N,N,N,N,N,N,N
22,033,44413/,G,135,G,1084,G,4476,16,4,6,5,N,N,N,N,N,N,N,N,N,N
22,033,444130,G,135,G,1084,G,4476,16,4,6,5,N,N,N,N,N,N,N,N,N,N
22,033,44419/,G,623,G,10321,G,36999,48,19,13,8,6,N,N,N,N,N,N,N,N,N
22,033,444190,G,623,G,10321,G,36999,48,19,13,8,6,N,N,N,N,N,N,N,N,N
22,033,4442//,G,278,G,2171,G,8973,20,5,4,5,6,N,N,N,N,N,N,N,N,N
22,033,44421/,H,61,H,628,H,2702,8,3,3,N,N,N,N,N,N,N,N,N,N,N
22,033,444210,H,61,H,628,H,2702,8,3,3,N,N,N,N,N,N,N,N,N,N,N
22,033,44422/,G,217,G,1543,G,6271,12,N,N,4,5,N,N,N,N,N,N,N,N,N
22,033,444220,G,217,G,1543,G,6271,12,N,N,4,5,N,N,N,N,N,N,N,N,N
22,033,445///,H,4595,H,33147,H,129272,253,160,28,11,19,18,17,N,N,N,N,N,N,N
22,033,4451//,H,4129,H,30193,H,116960,201,133,14,6,14,18,16,N,N,N,N,N,N,N
22,033,44511/,H,3876,H,28932,H,111786,109,48,9,5,13,18,16,N,N,N,N,N,N,N
22,033,445110,H,3876,H,28932,H,111786,109,48,9,5,13,18,16,N,N,N,N,N,N,N
22,033,44512/,J,253,G,1261,G,5174,92,85,5,N,N,N,N,N,N,N,N,N,N,N
22,033,445120,J,253,G,1261,G,5174,92,85,5,N,N,N,N,N,N,N,N,N,N,N
22,033,4452//,H,377,H,2271,H,9690,40,20,11,4,4,N,N,N,N,N,N,N,N,N
22,033,44521/,H,92,G,401,G,1573,9,3,3,N,N,N,N,N,N,N,N,N,N,N
22,033,445210,H,92,G,401,G,1573,9,3,3,N,N,N,N,N,N,N,N,N,N,N
22,033,44522/,H,154,H,1088,H,4430,11,6,3,N,N,N,N,N,N,N,N,N,N,N
22,033,445220,H,154,H,1088,H,4430,11,6,3,N,N,N,N,N,N,N,N,N,N,N
22,033,44523/,G,61,H,464,H,2371,7,3,3,N,N,N,N,N,N,N,N,N,N,N
22,033,445230,G,61,H,464,H,2371,7,3,3,N,N,N,N,N,N,N,N,N,N,N
22,033,44529/,J,70,G,318,G,1316,13,8,N,N,N,N,N,N,N,N,N,N,N,N
22,033,445291,J,16,J,120,J,527,3,N,N,N,N,N,N,N,N,N,N,N,N,N
22,033,445292,G,18,H,127,H,424,3,N,N,N,N,N,N,N,N,N,N,N,N,N
22,033,445299,J,36,H,71,G,365,7,5,N,N,N,N,N,N,N,N,N,N,N,N
22,033,4453//,H,89,H,683,H,2622,12,7,3,N,N,N,N,N,N,N,N,N,N,N
22,033,44531/,H,89,H,683,H,2622,12,7,3,N,N,N,N,N,N,N,N,N,N,N
22,033,445310,H,89,H,683,H,2622,12,7,3,N,N,N,N,N,N,N,N,N,N,N
22,033,446///,G,1986,G,20519,G,83225,175,66,41,23,44,N,N,N,N,N,N,N,N,N
22,033,4461//,G,1986,G,20519,G,83225,175,66,41,23,44,N,N,N,N,N,N,N,N,N
22,033,44611/,G,1287,G,14201,G,58014,78,12,17,10,39,N,N,N,N,N,N,N,N,N
22,033,446110,G,1287,G,14201,G,58014,78,12,17,10,39,N,N,N,N,N,N,N,N,N
22,033,44612/,G,379,G,1952,G,8117,42,23,9,6,3,N,N,N,N,N,N,N,N,N
22,033,446120,G,379,G,1952,G,8117,42,23,9,6,3,N,N,N,N,N,N,N,N,N
22,033,44613/,G,122,J,2489,J,9640,24,11,10,3,N,N,N,N,N,N,N,N,N,N
22,033,446130,G,122,J,2489,J,9640,24,11,10,3,N,N,N,N,N,N,N,N,N,N
22,033,44619/,H,198,G,1877,G,7454,31,20,5,4,N,N,N,N,N,N,N,N,N,N
22,033,446191,H,47,G,273,G,1072,11,8,N,N,N,N,N,N,N,N,N,N,N,N
22,033,446199,H,151,G,1604,G,6382,20,12,3,3,N,N,N,N,N,N,N,N,N,N
22,033,447///,G,1353,G,8198,G,34633,167,58,61,41,6,N,N,N,N,N,N,N,N,N
22,033,4471//,G,1353,G,8198,G,34633,167,58,61,41,6,N,N,N,N,N,N,N,N,N
22,033,44711/,G,1285,G,7720,G,32622,160,54,60,40,5,N,N,N,N,N,N,N,N,N
22,033,447110,G,1285,G,7720,G,32622,160,54,60,40,5,N,N,N,N,N,N,N,N,N
22,033,44719/,J,68,J,478,J,2011,7,4,N,N,N,N,N,N,N,N,N,N,N,N
22,033,447190,J,68,J,478,J,2011,7,4,N,N,N,N,N,N,N,N,N,N,N,N
22,033,448///,G,2585,G,15066,G,59407,272,102,78,66,20,6,N,N,N,N,N,N,N,N
22,033,4481//,G,1976,G,10017,G,39920,188,64,59,42,17,6,N,N,N,N,N,N,N,N
22,033,44811/,H,113,G,875,G,3301,21,15,3,N,N,N,N,N,N,N,N,N,N,N
22,033,448110,H,113,G,875,G,3301,21,15,3,N,N,N,N,N,N,N,N,N,N,N
22,033,44812/,G,705,G,2977,G,11561,74,15,31,22,6,N,N,N,N,N,N,N,N,N
22,033,448120,G,705,G,2977,G,11561,74,15,31,22,6,N,N,N,N,N,N,N,N,N
22,033,44813/,G,79,H,363,G,1317,12,5,3,4,N,N,N,N,N,N,N,N,N,N
22,033,448130,G,79,H,363,G,1317,12,5,3,4,N,N,N,N,N,N,N,N,N,N
22,033,44814/,H,755,G,3931,G,16052,39,8,10,10,6,5,N,N,N,N,N,N,N,N
22,033,448140,H,755,G,3931,G,16052,39,8,10,10,6,5,N,N,N,N,N,N,N,N
22,033,44815/,H,92,H,463,G,1797,18,10,6,N,N,N,N,N,N,N,N,N,N,N
22,033,448150,H,92,H,463,G,1797,18,10,6,N,N,N,N,N,N,N,N,N,N,N
22,033,44819/,H,232,G,1408,G,5892,24,11,6,3,3,N,N,N,N,N,N,N,N,N
22,033,448190,H,232,G,1408,G,5892,24,11,6,3,3,N,N,N,N,N,N,N,N,N
22,033,4482//,G,411,G,1878,G,7942,48,17,11,18,N,N,N,N,N,N,N,N,N,N
22,033,44821/,G,411,G,1878,G,7942,48,17,11,18,N,N,N,N,N,N,N,N,N,N
22,033,448210,G,411,G,1878,G,7942,48,17,11,18,N,N,N,N,N,N,N,N,N,N
22,033,4483//,H,198,G,3171,G,11545,36,21,8,6,N,N,N,N,N,N,N,N,N,N
22,033,44831/,J,187,G,3048,G,11071,35,21,8,5,N,N,N,N,N,N,N,N,N,N
22,033,448310,J,187,G,3048,G,11071,35,21,8,5,N,N,N,N,N,N,N,N,N,N
22,033,451///,G,805,G,4312,G,16586,60,28,13,6,9,4,N,N,N,N,N,N,N,N
22,033,4511//,G,658,G,3879,G,14702,54,27,12,5,7,3,N,N,N,N,N,N,N,N
22,033,45111/,G,385,G,2413,G,8577,25,11,7,N,N,3,N,N,N,N,N,N,N,N
22,033,451110,G,385,G,2413,G,8577,25,11,7,N,N,3,N,N,N,N,N,N,N,N
22,033,45112/,G,191,H,1020,H,4137,18,10,3,N,4,N,N,N,N,N,N,N,N,N
22,033,451120,G,191,H,1020,H,4137,18,10,3,N,4,N,N,N,N,N,N,N,N,N
22,033,45113/,J,36,G,239,G,1051,5,N,N,N,N,N,N,N,N,N,N,N,N,N
22,033,451130,J,36,G,239,G,1051,5,N,N,N,N,N,N,N,N,N,N,N,N,N
22,033,45114/,J,46,H,207,H,937,6,4,N,N,N,N,N,N,N,N,N,N,N,N
22,033,451140,J,46,H,207,H,937,6,4,N,N,N,N,N,N,N,N,N,N,N,N
22,033,4512//,J,147,J,433,H,1884,6,N,N,N,N,N,N,N,N,N,N,N,N,N
22,033,45121/,J,147,J,433,H,1884,6,N,N,N,N,N,N,N,N,N,N,N,N,N
22,033,451211,J,147,J,433,H,1884,6,N,N,N,N,N,N,N,N,N,N,N,N,N
22,033,452///,H,4720,H,41603,H,142608,102,7,37,35,7,N,4,10,N,N,N,N,N,N
22,033,4522//,J,312,J,2339,J,10110,3,N,N,N,N,N,N,N,N,N,N,N,N,N
22,033,45221/,J,312,J,2339,J,10110,3,N,N,N,N,N,N,N,N,N,N,N,N,N
22,033,452210,J,312,J,2339,J,10110,3,N,N,N,N,N,N,N,N,N,N,N,N,N
22,033,4523//,H,4408,H,39264,H,132498,99,7,37,35,7,N,N,10,N,N,N,N,N,N
22,033,45231/,H,4408,H,39264,H,132498,99,7,37,35,7,N,N,10,N,N,N,N,N,N
22,033,452311,H,3403,H,34937,H,113442,12,N,N,N,N,N,N,10,N,N,N,N,N,N
22,033,452319,G,1005,G,4327,G,19056,87,7,37,35,7,N,N,N,N,N,N,N,N,N
22,033,453///,G,1061,G,6679,G,28321,156,90,32,24,8,N,N,N,N,N,N,N,N,N
22,033,4531//,J,200,J,1299,J,5922,15,7,3,4,N,N,N,N,N,N,N,N,N,N
22,033,45311/,J,200,J,1299,J,5922,15,7,3,4,N,N,N,N,N,N,N,N,N,N
22,033,453110,J,200,J,1299,J,5922,15,7,3,4,N,N,N,N,N,N,N,N,N,N
22,033,4532//,H,256,G,1307,G,5143,32,13,8,9,N,N,N,N,N,N,N,N,N,N
22,033,45321/,G,63,H,348,H,1452,9,4,N,4,N,N,N,N,N,N,N,N,N,N
22,033,453210,G,63,H,348,H,1452,9,4,N,4,N,N,N,N,N,N,N,N,N,N
22,033,45322/,H,193,H,959,H,3691,23,9,7,5,N,N,N,N,N,N,N,N,N,N
22,033,453220,H,193,H,959,H,3691,23,9,7,5,N,N,N,N,N,N,N,N,N,N
22,033,4533//,G,268,G,1634,G,6712,32,17,6,7,N,N,N,N,N,N,N,N,N,N
22,033,45331/,G,268,G,1634,G,6712,32,17,6,7,N,N,N,N,N,N,N,N,N,N
22,033,453310,G,268,G,1634,G,6712,32,17,6,7,N,N,N,N,N,N,N,N,N,N
22,033,4539//,H,337,H,2439,H,10544,77,53,15,4,5,N,N,N,N,N,N,N,N,N
22,033,45391/,J,123,J,1053,J,4448,11,5,N,N,5,N,N,N,N,N,N,N,N,N
22,033,453910,J,123,J,1053,J,4448,11,5,N,N,5,N,N,N,N,N,N,N,N,N
22,033,45392/,J,18,H,138,H,675,5,4,N,N,N,N,N,N,N,N,N,N,N,N
22,033,453920,J,18,H,138,H,675,5,4,N,N,N,N,N,N,N,N,N,N,N,N
22,033,45399/,G,195,G,1240,G,5390,60,43,14,3,N,N,N,N,N,N,N,N,N,N
22,033,453991,H,62,G,279,G,1303,27,22,4,N,N,N,N,N,N,N,N,N,N,N
22,033,453998,H,133,G,961,G,4087,33,21,10,N,N,N,N,N,N,N,N,N,N,N
22,033,454///,G,853,G,8561,H,37256,71,43,14,4,8,N,N,N,N,N,N,N,N,N
22,033,4541//,G,612,H,6453,H,28145,37,24,6,N,4,N,N,N,N,N,N,N,N,N
22,033,45411/,G,612,H,6453,H,28145,37,24,6,N,4,N,N,N,N,N,N,N,N,N
22,033,454110,G,612,H,6453,H,28145,37,24,6,N,4,N,N,N,N,N,N,N,N,N
22,033,4543//,G,236,H,2040,H,8841,33,19,7,3,4,N,N,N,N,N,N,N,N,N
22,033,45431/,J,34,J,335,J,1386,3,N,N,N,N,N,N,N,N,N,N,N,N,N
22,033,454310,J,34,J,335,J,1386,3,N,N,N,N,N,N,N,N,N,N,N,N,N
22,033,45439/,G,202,H,1705,H,7455,30,18,7,N,4,N,N,N,N,N,N,N,N,N
22,033,454390,G,202,H,1705,H,7455,30,18,7,N,4,N,N,N,N,N,N,N,N,N
22,033,48----,G,7069,G,99707,G,403165,277,140,41,35,33,15,10,N,N,N,N,N,N,N
22,033,481///,J,76,J,575,J,2555,7,3,N,N,N,N,N,N,N,N,N,N,N,N
22,033,4811//,J,69,J,487,J,2114,4,N,N,N,N,N,N,N,N,N,N,N,N,N
22,033,48111/,J,69,J,487,J,2114,4,N,N,N,N,N,N,N,N,N,N,N,N,N
22,033,481111,J,69,J,487,J,2114,4,N,N,N,N,N,N,N,N,N,N,N,N,N
22,033,4812//,G,7,H,88,G,441,3,N,N,N,N,N,N,N,N,N,N,N,N,N
22,033,48121/,G,7,H,88,G,441,3,N,N,N,N,N,N,N,N,N,N,N,N,N
22,033,483///,H,900,H,19849,H,64418,10,3,N,N,N,N,N,N,N,N,N,N,N,N
22,033,4831//,J,61,J,1928,J,8945,3,N,N,N,N,N,N,N,N,N,N,N,N,N
22,033,48311/,J,61,J,1928,J,8945,3,N,N,N,N,N,N,N,N,N,N,N,N,N
22,033,483113,J,61,J,1928,J,8945,3,N,N,N,N,N,N,N,N,N,N,N,N,N
22,033,4832//,H,839,H,17921,H,55473,7,N,N,N,N,N,N,N,N,N,N,N,N,N
22,033,48321/,H,839,H,17921,H,55473,7,N,N,N,N,N,N,N,N,N,N,N,N,N
22,033,483211,H,839,H,17921,H,55473,7,N,N,N,N,N,N,N,N,N,N,N,N,N
22,033,484///,G,1270,G,18283,G,76477,114,70,11,17,10,4,N,N,N,N,N,N,N,N
22,033,4841//,G,806,G,11281,G,47512,77,52,6,9,6,3,N,N,N,N,N,N,N,N
22,033,48411/,G,214,G,2370,G,10475,32,24,N,3,N,N,N,N,N,N,N,N,N,N
22,033,484110,G,214,G,2370,G,10475,32,24,N,3,N,N,N,N,N,N,N,N,N,N
22,033,48412/,G,592,G,8911,G,37037,45,28,4,6,4,N,N,N,N,N,N,N,N,N
22,033,484121,H,336,H,4522,H,19475,36,27,3,3,N,N,N,N,N,N,N,N,N,N
22,033,484122,H,256,H,4389,H,17562,9,N,N,3,N,N,N,N,N,N,N,N,N,N
22,033,4842//,G,464,G,7002,G,28965,37,18,5,8,4,N,N,N,N,N,N,N,N,N
22,033,48421/,H,100,G,864,G,3553,9,4,N,N,N,N,N,N,N,N,N,N,N,N
22,033,484210,H,100,G,864,G,3553,9,4,N,N,N,N,N,N,N,N,N,N,N,N
22,033,48422/,G,211,G,3654,G,15331,15,8,N,N,N,N,N,N,N,N,N,N,N,N
22,033,484220,G,211,G,3654,G,15331,15,8,N,N,N,N,N,N,N,N,N,N,N,N
22,033,48423/,J,153,J,2484,J,10081,13,6,N,5,N,N,N,N,N,N,N,N,N,N
22,033,484230,J,153,J,2484,J,10081,13,6,N,5,N,N,N,N,N,N,N,N,N,N
22,033,485///,H,573,H,4163,H,17301,21,10,N,N,4,N,N,N,N,N,N,N,N,N
22,033,4854//,J,398,J,2636,J,10471,4,N,N,N,N,N,N,N,N,N,N,N,N,N
22,033,48541/,J,398,J,2636,J,10471,4,N,N,N,N,N,N,N,N,N,N,N,N,N
22,033,485410,J,398,J,2636,J,10471,4,N,N,N,N,N,N,N,N,N,N,N,N,N
22,033,4859//,H,118,H,948,G,4351,13,10,N,N,N,N,N,N,N,N,N,N,N,N
22,033,48599/,H,118,H,948,G,4351,13,10,N,N,N,N,N,N,N,N,N,N,N,N
22,033,485991,H,118,H,948,G,4351,13,10,N,N,N,N,N,N,N,N,N,N,N,N
22,033,486///,J,113,J,3691,J,14587,11,5,N,N,N,N,N,N,N,N,N,N,N,N
22,033,4862//,J,15,H,515,J,1987,3,N,N,N,N,N,N,N,N,N,N,N,N,N
22,033,48621/,J,15,H,515,J,1987,3,N,N,N,N,N,N,N,N,N,N,N,N,N
22,033,486210,J,15,H,515,J,1987,3,N,N,N,N,N,N,N,N,N,N,N,N,N
22,033,4869//,H,52,G,1633,H,6196,6,N,N,N,N,N,N,N,N,N,N,N,N,N
22,033,48691/,J,50,G,1594,H,6077,5,N,N,N,N,N,N,N,N,N,N,N,N,N
22,033,486910,J,50,G,1594,H,6077,5,N,N,N,N,N,N,N,N,N,N,N,N,N
22,033,488///,H,2305,H,34703,H,153895,65,31,16,7,5,4,N,N,N,N,N,N,N,N
22,033,4881//,J,152,H,1029,H,4480,7,3,N,N,N,N,N,N,N,N,N,N,N,N
22,033,48811/,J,145,H,933,H,4002,4,N,N,N,N,N,N,N,N,N,N,N,N,N
22,033,488119,J,145,H,933,H,4002,4,N,N,N,N,N,N,N,N,N,N,N,N,N
22,033,48819/,G,7,J,96,J,478,3,N,N,N,N,N,N,N,N,N,N,N,N,N
22,033,488190,G,7,J,96,J,478,3,N,N,N,N,N,N,N,N,N,N,N,N,N
22,033,4882//,H,106,H,1903,H,8111,6,N,N,N,N,N,N,N,N,N,N,N,N,N
22,033,48821/,H,106,H,1903,H,8111,6,N,N,N,N,N,N,N,N,N,N,N,N,N
22,033,488210,H,106,H,1903,H,8111,6,N,N,N,N,N,N,N,N,N,N,N,N,N
22,033,4883//,H,1730,H,25904,H,117972,20,8,6,N,N,N,N,N,N,N,N,N,N,N
22,033,48832/,H,1609,H,22991,H,105930,3,N,N,N,N,N,N,N,N,N,N,N,N,N
22,033,488320,H,1609,H,22991,H,105930,3,N,N,N,N,N,N,N,N,N,N,N,N,N
22,033,48833/,J,96,H,2460,H,9376,12,7,3,N,N,N,N,N,N,N,N,N,N,N
22,033,488330,J,96,H,2460,H,9376,12,7,3,N,N,N,N,N,N,N,N,N,N,N
22,033,48839/,G,11,H,226,G,1743,3,N,N,N,N,N,N,N,N,N,N,N,N,N
22,033,488390,G,11,H,226,G,1743,3,N,N,N,N,N,N,N,N,N,N,N,N,N
22,033,4884//,H,120,H,1385,H,5471,17,10,4,N,N,N,N,N,N,N,N,N,N,N
22,033,48841/,G,59,G,707,G,2776,10,7,N,N,N,N,N,N,N,N,N,N,N,N
22,033,488410,G,59,G,707,G,2776,10,7,N,N,N,N,N,N,N,N,N,N,N,N
22,033,48849/,J,61,J,678,J,2695,7,3,N,N,N,N,N,N,N,N,N,N,N,N
22,033,488490,J,61,J,678,J,2695,7,3,N,N,N,N,N,N,N,N,N,N,N,N
22,033,4885//,H,190,G,4415,H,17473,12,5,3,N,N,N,N,N,N,N,N,N,N,N
22,033,48851/,H,190,G,4415,H,17473,12,5,3,N,N,N,N,N,N,N,N,N,N,N
22,033,488510,H,190,G,4415,H,17473,12,5,3,N,N,N,N,N,N,N,N,N,N,N
22,033,4889//,J,7,G,67,G,388,3,3,N,N,N,N,N,N,N,N,N,N,N,N
22,033,48899/,J,7,G,67,G,388,3,3,N,N,N,N,N,N,N,N,N,N,N,N
22,033,488999,J,7,G,67,G,388,3,3,N,N,N,N,N,N,N,N,N,N,N,N
22,033,492///,G,1200,G,10936,G,42600,21,8,N,N,5,N,3,N,N,N,N,N,N,N
22,033,4921//,G,1090,G,9026,G,36708,13,4,N,N,N,N,3,N,N,N,N,N,N,N
22,033,49211/,G,1090,G,9026,G,36708,13,4,N,N,N,N,3,N,N,N,N,N,N,N
22,033,492110,G,1090,G,9026,G,36708,13,4,N,N,N,N,3,N,N,N,N,N,N,N
22,033,4922//,H,110,G,1910,G,5892,8,4,N,N,3,N,N,N,N,N,N,N,N,N
22,033,49221/,H,110,G,1910,G,5892,8,4,N,N,3,N,N,N,N,N,N,N,N,N
22,033,492210,H,110,G,1910,G,5892,8,4,N,N,3,N,N,N,N,N,N,N,N,N
22,033,493///,G,631,G,7505,G,31314,27,9,5,5,4,N,N,N,N,N,N,N,N,N
22,033,4931//,G,631,G,7505,G,31314,27,9,5,5,4,N,N,N,N,N,N,N,N,N
22,033,49311/,G,597,G,7185,G,29678,22,7,3,4,4,N,N,N,N,N,N,N,N,N
22,033,493110,G,597,G,7185,G,29678,22,7,3,4,4,N,N,N,N,N,N,N,N,N
22,033,49319/,H,26,G,206,G,1125,3,N,N,N,N,N,N,N,N,N,N,N,N,N
22,033,493190,H,26,G,206,G,1125,3,N,N,N,N,N,N,N,N,N,N,N,N,N
22,033,51----,G,4485,G,76057,G,283742,203,103,37,22,23,11,3,N,4,N,N,N,N,N
22,033,511///,G,946,G,15213,G,59076,30,11,5,5,6,N,N,N,N,N,N,N,N,N
22,033,5111//,H,697,H,8789,H,36575,16,5,3,4,N,N,N,N,N,N,N,N,N,N
22,033,51112/,G,146,G,2071,G,9384,9,3,N,3,N,N,N,N,N,N,N,N,N,N
22,033,511120,G,146,G,2071,G,9384,9,3,N,3,N,N,N,N,N,N,N,N,N,N
22,033,51113/,G,59,G,820,G,3001,5,N,N,N,N,N,N,N,N,N,N,N,N,N
22,033,511130,G,59,G,820,G,3001,5,N,N,N,N,N,N,N,N,N,N,N,N,N
22,033,5112//,H,249,H,6424,H,22501,14,6,N,N,4,N,N,N,N,N,N,N,N,N
22,033,51121/,H,249,H,6424,H,22501,14,6,N,N,4,N,N,N,N,N,N,N,N,N
22,033,511210,H,249,H,6424,H,22501,14,6,N,N,4,N,N,N,N,N,N,N,N,N
22,033,512///,G,350,H,2640,H,11145,30,17,5,3,N,3,N,N,N,N,N,N,N,N
22,033,5121//,G,324,H,2429,H,10209,24,12,5,N,N,3,N,N,N,N,N,N,N,N
22,033,51211/,J,72,H,1665,H,6616,16,10,4,N,N,N,N,N,N,N,N,N,N,N
22,033,512110,J,72,H,1665,H,6616,16,10,4,N,N,N,N,N,N,N,N,N,N,N
22,033,51213/,G,240,H,641,H,3193,5,N,N,N,N,3,N,N,N,N,N,N,N,N
22,033,512131,G,240,H,641,H,3193,5,N,N,N,N,3,N,N,N,N,N,N,N,N
22,033,51219/,J,12,H,123,H,400,3,N,N,N,N,N,N,N,N,N,N,N,N,N
22,033,512191,J,12,H,123,H,400,3,N,N,N,N,N,N,N,N,N,N,N,N,N
22,033,5122//,J,26,J,211,J,936,6,5,N,N,N,N,N,N,N,N,N,N,N,N
22,033,51224/,J,8,J,24,J,84,3,3,N,N,N,N,N,N,N,N,N,N,N,N
22,033,512240,J,8,J,24,J,84,3,3,N,N,N,N,N,N,N,N,N,N,N,N
22,033,515///,G,408,G,7678,G,29753,10,N,N,3,N,N,N,N,N,N,N,N,N,N
22,033,5151//,G,408,G,7678,G,29753,10,N,N,3,N,N,N,N,N,N,N,N,N,N
22,033,51511/,H,78,G,1244,G,4934,5,N,N,3,N,N,N,N,N,N,N,N,N,N
22,033,515112,G,62,G,1047,G,4036,4,N,N,N,N,N,N,N,N,N,N,N,N,N
22,033,51512/,H,330,G,6434,G,24819,5,N,N,N,N,N,N,N,N,N,N,N,N,N
22,033,515120,H,330,G,6434,G,24819,5,N,N,N,N,N,N,N,N,N,N,N,N,N
22,033,517///,G,1359,G,27896,G,100218,95,56,18,9,7,3,N,N,N,N,N,N,N,N
22,033,5173//,G,1312,G,27591,G,99425,88,52,17,8,6,3,N,N,N,N,N,N,N,N
22,033,51731/,G,1312,G,27591,G,99425,88,52,17,8,6,3,N,N,N,N,N,N,N,N
22,033,517311,G,1010,G,21931,G,78457,43,30,4,N,3,3,N,N,N,N,N,N,N,N
22,033,517312,G,302,G,5660,G,20968,45,22,13,7,3,N,N,N,N,N,N,N,N,N
22,033,5179//,J,45,J,296,J,759,6,3,N,N,N,N,N,N,N,N,N,N,N,N
22,033,51791/,J,45,J,296,J,759,6,3,N,N,N,N,N,N,N,N,N,N,N,N
22,033,517911,J,42,J,253,J,561,4,N,N,N,N,N,N,N,N,N,N,N,N,N
22,033,518///,H,1373,H,22097,H,81068,30,14,5,N,5,N,N,N,N,N,N,N,N,N
22,033,5182//,H,1373,H,22097,H,81068,30,14,5,N,5,N,N,N,N,N,N,N,N,N
22,033,51821/,H,1373,H,22097,H,81068,30,14,5,N,5,N,N,N,N,N,N,N,N,N
22,033,518210,H,1373,H,22097,H,81068,30,14,5,N,5,N,N,N,N,N,N,N,N,N
22,033,519///,G,49,G,533,G,2482,8,4,3,N,N,N,N,N,N,N,N,N,N,N
22,033,5191//,G,49,G,533,G,2482,8,4,3,N,N,N,N,N,N,N,N,N,N,N
22,033,51913/,H,43,G,487,G,2229,4,N,3,N,N,N,N,N,N,N,N,N,N,N
22,033,519130,H,43,G,487,G,2229,4,N,3,N,N,N,N,N,N,N,N,N,N,N
22,033,51919/,J,5,H,24,G,175,3,3,N,N,N,N,N,N,N,N,N,N,N,N
22,033,519190,J,5,H,24,G,175,3,3,N,N,N,N,N,N,N,N,N,N,N,N
22,033,52----,G,11903,G,322592,G,1112507,905,519,206,96,48,21,9,5,N,N,N,N,N,N
22,033,522///,G,5012,G,103918,G,349333,340,152,105,42,22,10,5,4,N,N,N,N,N,N
22,033,5221//,G,3431,G,67150,G,231027,185,43,75,35,18,8,4,N,N,N,N,N,N,N
22,033,52211/,H,2299,G,47439,G,157357,134,28,59,26,12,7,N,N,N,N,N,N,N,N
22,033,522110,H,2299,G,47439,G,157357,134,28,59,26,12,7,N,N,N,N,N,N,N,N
22,033,52212/,H,30,J,544,J,2184,3,N,N,N,N,N,N,N,N,N,N,N,N,N
22,033,522120,H,30,J,544,J,2184,3,N,N,N,N,N,N,N,N,N,N,N,N,N
22,033,52213/,H,1102,H,19167,H,71486,48,13,16,9,5,N,3,N,N,N,N,N,N,N
22,033,522130,H,1102,H,19167,H,71486,48,13,16,9,5,N,3,N,N,N,N,N,N,N
22,033,5222//,H,1078,H,26319,H,84291,105,68,26,5,3,N,N,N,N,N,N,N,N,N
22,033,52229/,H,1073,H,26256,H,83989,103,67,25,5,3,N,N,N,N,N,N,N,N,N
22,033,522291,H,604,H,12054,H,39405,62,47,13,N,N,N,N,N,N,N,N,N,N,N
22,033,522292,H,382,J,13244,H,41080,27,16,5,N,3,N,N,N,N,N,N,N,N,N
22,033,522298,H,87,G,958,G,3504,14,4,7,3,N,N,N,N,N,N,N,N,N,N
22,033,5223//,H,503,H,10449,H,34015,50,41,4,N,N,N,N,N,N,N,N,N,N,N
22,033,52231/,H,143,H,2371,H,11247,19,14,3,N,N,N,N,N,N,N,N,N,N,N
22,033,522310,H,143,H,2371,H,11247,19,14,3,N,N,N,N,N,N,N,N,N,N,N
22,033,52239/,J,358,J,8073,J,22642,29,25,N,N,N,N,N,N,N,N,N,N,N,N
22,033,522390,J,358,J,8073,J,22642,29,25,N,N,N,N,N,N,N,N,N,N,N,N
22,033,523///,G,726,H,36229,H,130999,185,152,19,8,3,3,N,N,N,N,N,N,N,N
22,033,5231//,G,199,H,14108,H,43926,40,31,4,3,N,N,N,N,N,N,N,N,N,N
22,033,52311/,J,11,H,386,H,938,8,8,N,N,N,N,N,N,N,N,N,N,N,N
22,033,523110,J,11,H,386,H,938,8,8,N,N,N,N,N,N,N,N,N,N,N,N
22,033,52312/,H,187,H,13676,H,42819,31,22,4,3,N,N,N,N,N,N,N,N,N,N
22,033,523120,H,187,H,13676,H,42819,31,22,4,3,N,N,N,N,N,N,N,N,N,N
22,033,5239//,G,527,H,22121,H,87073,145,121,15,5,N,N,N,N,N,N,N,N,N,N
22,033,52391/,J,19,G,409,G,2024,11,10,N,N,N,N,N,N,N,N,N,N,N,N
22,033,523910,J,19,G,409,G,2024,11,10,N,N,N,N,N,N,N,N,N,N,N,N
22,033,52392/,J,269,H,13374,H,58773,75,62,9,N,N,N,N,N,N,N,N,N,N,N
22,033,523920,J,269,H,13374,H,58773,75,62,9,N,N,N,N,N,N,N,N,N,N,N
22,033,52393/,H,216,G,7690,G,23579,50,41,4,3,N,N,N,N,N,N,N,N,N,N
22,033,523930,H,216,G,7690,G,23579,50,41,4,3,N,N,N,N,N,N,N,N,N,N
22,033,52399/,G,23,H,648,H,2697,9,8,N,N,N,N,N,N,N,N,N,N,N,N
22,033,523991,G,16,H,556,H,2195,6,5,N,N,N,N,N,N,N,N,N,N,N,N
22,033,523999,G,7,G,92,G,502,3,3,N,N,N,N,N,N,N,N,N,N,N,N
22,033,524///,H,6163,H,182441,G,632147,377,212,82,46,23,8,4,N,N,N,N,N,N,N
22,033,5241//,H,3771,H,121525,H,351246,71,32,14,10,8,4,N,N,N,N,N,N,N,N
22,033,52411/,J,3065,J,102447,J,284144,30,11,6,6,4,N,N,N,N,N,N,N,N,N
22,033,524113,H,305,H,6885,H,22067,14,4,5,N,N,N,N,N,N,N,N,N,N,N
22,033,524114,J,2760,J,95562,J,262077,16,7,N,4,N,N,N,N,N,N,N,N,N,N
22,033,52412/,G,706,G,19078,G,67102,41,21,8,4,4,3,N,N,N,N,N,N,N,N
22,033,524126,H,633,G,16068,G,56864,32,16,5,4,4,N,N,N,N,N,N,N,N,N
22,033,524127,H,21,H,714,H,2195,6,3,3,N,N,N,N,N,N,N,N,N,N,N
22,033,524128,J,52,J,2296,J,8043,3,N,N,N,N,N,N,N,N,N,N,N,N,N
22,033,5242//,G,2392,G,60916,G,280901,306,180,68,36,15,4,3,N,N,N,N,N,N,N
22,033,52421/,G,1921,G,52118,G,245461,269,164,59,30,10,4,N,N,N,N,N,N,N,N
22,033,524210,G,1921,G,52118,G,245461,269,164,59,30,10,4,N,N,N,N,N,N,N,N
22,033,52429/,G,471,G,8798,G,35440,37,16,9,6,5,N,N,N,N,N,N,N,N,N
22,033,524291,G,145,G,2403,H,10636,15,7,4,N,N,N,N,N,N,N,N,N,N,N
22,033,524292,G,315,G,6276,G,24360,18,6,4,4,3,N,N,N,N,N,N,N,N,N
22,033,524298,J,11,J,119,J,444,4,3,N,N,N,N,N,N,N,N,N,N,N,N
22,033,525///,G,2,J,4,G,28,3,3,N,N,N,N,N,N,N,N,N,N,N,N
22,033,5259//,G,2,J,4,G,28,3,3,N,N,N,N,N,N,N,N,N,N,N,N
22,033,53----,G,3149,G,44523,G,178502,664,489,102,42,26,5,N,N,N,N,N,N,N,N
22,033,531///,G,2288,G,30536,G,127571,572,453,76,23,16,4,N,N,N,N,N,N,N,N
22,033,5311//,H,1135,G,13989,G,56426,242,176,46,13,5,N,N,N,N,N,N,N,N,N
22,033,53111/,G,717,G,8821,G,35587,129,77,36,12,3,N,N,N,N,N,N,N,N,N
22,033,531110,G,717,G,8821,G,35587,129,77,36,12,3,N,N,N,N,N,N,N,N,N
22,033,53112/,J,236,H,3479,H,13547,50,42,5,N,N,N,N,N,N,N,N,N,N,N
22,033,531120,J,236,H,3479,H,13547,50,42,5,N,N,N,N,N,N,N,N,N,N,N
22,033,53113/,G,148,G,1372,G,5749,48,43,4,N,N,N,N,N,N,N,N,N,N,N
22,033,531130,G,148,G,1372,G,5749,48,43,4,N,N,N,N,N,N,N,N,N,N,N
22,033,53119/,J,34,G,317,G,1543,15,14,N,N,N,N,N,N,N,N,N,N,N,N
22,033,531190,J,34,G,317,G,1543,15,14,N,N,N,N,N,N,N,N,N,N,N,N
22,033,5312//,G,314,G,3985,G,17643,179,165,13,N,N,N,N,N,N,N,N,N,N,N
22,033,53121/,G,314,G,3985,G,17643,179,165,13,N,N,N,N,N,N,N,N,N,N,N
22,033,531210,G,314,G,3985,G,17643,179,165,13,N,N,N,N,N,N,N,N,N,N,N
22,033,5313//,G,839,G,12562,G,53502,151,112,17,10,10,N,N,N,N,N,N,N,N,N
22,033,53131/,G,635,G,8615,G,36024,92,60,14,8,9,N,N,N,N,N,N,N,N,N
22,033,531311,G,435,G,5799,G,24137,57,37,9,3,7,N,N,N,N,N,N,N,N,N
22,033,531312,G,200,G,2816,G,11887,35,23,5,5,N,N,N,N,N,N,N,N,N,N
22,033,53132/,J,84,H,2140,H,9311,28,25,N,N,N,N,N,N,N,N,N,N,N,N
22,033,531320,J,84,H,2140,H,9311,28,25,N,N,N,N,N,N,N,N,N,N,N,N
22,033,53139/,H,120,G,1807,H,8167,31,27,N,N,N,N,N,N,N,N,N,N,N,N
22,033,531390,H,120,G,1807,H,8167,31,27,N,N,N,N,N,N,N,N,N,N,N,N
22,033,532///,H,839,H,13373,H,48371,87,32,26,18,10,N,N,N,N,N,N,N,N,N
22,033,5321//,J,259,J,3911,J,10912,26,5,12,5,4,N,N,N,N,N,N,N,N,N
22,033,53211/,J,153,J,2532,J,5633,17,N,10,3,N,N,N,N,N,N,N,N,N,N
22,033,532111,J,152,J,2526,J,5607,16,N,10,3,N,N,N,N,N,N,N,N,N,N
22,033,53212/,H,106,H,1379,H,5279,9,3,N,N,N,N,N,N,N,N,N,N,N,N
22,033,532120,H,106,H,1379,H,5279,9,3,N,N,N,N,N,N,N,N,N,N,N,N
22,033,5322//,H,161,G,1661,G,7153,24,9,9,5,N,N,N,N,N,N,N,N,N,N
22,033,53221/,J,42,G,287,G,1110,5,N,N,N,N,N,N,N,N,N,N,N,N,N
22,033,532210,J,42,G,287,G,1110,5,N,N,N,N,N,N,N,N,N,N,N,N,N
22,033,53228/,H,119,G,1374,G,6043,19,7,7,5,N,N,N,N,N,N,N,N,N,N
22,033,532281,J,15,H,112,G,432,3,N,N,N,N,N,N,N,N,N,N,N,N,N
22,033,532283,H,52,G,766,G,2986,5,N,N,3,N,N,N,N,N,N,N,N,N,N
22,033,532289,G,50,H,463,H,2546,9,3,4,N,N,N,N,N,N,N,N,N,N,N
22,033,5323//,H,91,G,1434,G,5170,6,4,N,N,N,N,N,N,N,N,N,N,N,N
22,033,53231/,H,91,G,1434,G,5170,6,4,N,N,N,N,N,N,N,N,N,N,N,N
22,033,532310,H,91,G,1434,G,5170,6,4,N,N,N,N,N,N,N,N,N,N,N,N
22,033,5324//,H,328,H,6367,H,25136,31,14,5,8,3,N,N,N,N,N,N,N,N,N
22,033,53241/,J,48,J,1666,J,5575,6,3,N,N,N,N,N,N,N,N,N,N,N,N
22,033,532412,J,46,J,1546,J,4965,5,N,N,N,N,N,N,N,N,N,N,N,N,N
22,033,53249/,H,280,H,4701,G,19561,25,11,5,6,N,N,N,N,N,N,N,N,N,N
22,033,532490,H,280,H,4701,G,19561,25,11,5,6,N,N,N,N,N,N,N,N,N,N
22,033,533///,J,22,H,614,H,2560,5,4,N,N,N,N,N,N,N,N,N,N,N,N
22,033,5331//,J,22,H,614,H,2560,5,4,N,N,N,N,N,N,N,N,N,N,N,N
22,033,53311/,J,22,H,614,H,2560,5,4,N,N,N,N,N,N,N,N,N,N,N,N
22,033,533110,J,22,H,614,H,2560,5,4,N,N,N,N,N,N,N,N,N,N,N,N
22,033,54----,G,18955,G,374075,G,1599543,1843,1151,307,178,148,37,16,3,3,N,N,N,N,N
22,033,541///,G,18955,G,374075,G,1599543,1843,1151,307,178,148,37,16,3,3,N,N,N,N,N
22,033,5411//,G,3150,G,56894,G,258305,496,342,80,39,29,4,N,N,N,N,N,N,N,N
22,033,54111/,H,2795,G,52169,G,237937,440,307,68,35,24,4,N,N,N,N,N,N,N,N
22,033,541110,H,2795,G,52169,G,237937,440,307,68,35,24,4,N,N,N,N,N,N,N,N
22,033,54119/,G,355,G,4725,G,20368,56,35,12,4,5,N,N,N,N,N,N,N,N,N
22,033,541191,G,261,G,3721,G,15810,29,14,8,3,4,N,N,N,N,N,N,N,N,N
22,033,541199,G,94,G,1004,G,4558,27,21,4,N,N,N,N,N,N,N,N,N,N,N
22,033,5412//,G,1942,G,29205,G,156742,266,190,39,19,12,N,4,N,N,N,N,N,N,N
22,033,54121/,G,1942,G,29205,G,156742,266,190,39,19,12,N,4,N,N,N,N,N,N,N
22,033,541211,G,881,G,16116,H,106307,136,100,17,9,8,N,N,N,N,N,N,N,N,N
22,033,541213,J,166,J,1060,J,2918,44,32,9,3,N,N,N,N,N,N,N,N,N,N
22,033,541214,G,435,H,5291,H,22294,11,3,N,3,N,N,N,N,N,N,N,N,N,N
22,033,541219,H,460,G,6738,G,25223,75,55,11,4,4,N,N,N,N,N,N,N,N,N
22,033,5413//,G,7213,G,158229,G,658344,335,149,71,42,43,19,6,3,N,N,N,N,N,N
22,033,54131/,G,546,G,10378,G,44317,53,28,12,8,4,N,N,N,N,N,N,N,N,N
22,033,541310,G,546,G,10378,G,44317,53,28,12,8,4,N,N,N,N,N,N,N,N,N
22,033,54132/,G,52,G,777,G,3288,12,6,5,N,N,N,N,N,N,N,N,N,N,N
22,033,541320,G,52,G,777,G,3288,12,6,5,N,N,N,N,N,N,N,N,N,N,N
22,033,54133/,G,5154,G,120648,G,503210,212,83,41,28,35,17,5,N,N,N,N,N,N,N
22,033,541330,G,5154,G,120648,G,503210,212,83,41,28,35,17,5,N,N,N,N,N,N,N
22,033,54134/,H,56,G,987,G,4207,13,11,N,N,N,N,N,N,N,N,N,N,N,N
22,033,541340,H,56,G,987,G,4207,13,11,N,N,N,N,N,N,N,N,N,N,N,N
22,033,54135/,H,67,J,1097,J,4948,12,9,N,N,N,N,N,N,N,N,N,N,N,N
22,033,541350,H,67,J,1097,J,4948,12,9,N,N,N,N,N,N,N,N,N,N,N,N
22,033,54137/,G,79,G,1167,G,5122,10,5,N,N,N,N,N,N,N,N,N,N,N,N
22,033,541370,G,79,G,1167,G,5122,10,5,N,N,N,N,N,N,N,N,N,N,N,N
22,033,54138/,G,1257,G,23160,G,93196,21,5,9,N,N,N,N,N,N,N,N,N,N,N
22,033,541380,G,1257,G,23160,G,93196,21,5,9,N,N,N,N,N,N,N,N,N,N,N
22,033,5414//,G,243,G,2613,G,11046,58,45,6,4,3,N,N,N,N,N,N,N,N,N
22,033,54141/,G,141,G,1238,G,4859,39,32,5,N,N,N,N,N,N,N,N,N,N,N
22,033,541410,G,141,G,1238,G,4859,39,32,5,N,N,N,N,N,N,N,N,N,N,N
22,033,54143/,H,79,J,1025,J,4517,17,12,N,3,N,N,N,N,N,N,N,N,N,N
22,033,541430,H,79,J,1025,J,4517,17,12,N,3,N,N,N,N,N,N,N,N,N,N
22,033,5415//,H,2329,H,47718,H,189437,158,89,28,24,13,N,N,N,N,N,N,N,N,N
22,033,54151/,H,2329,H,47718,H,189437,158,89,28,24,13,N,N,N,N,N,N,N,N,N
22,033,541511,G,847,G,17802,G,74239,81,47,11,13,8,N,N,N,N,N,N,N,N,N
22,033,541512,H,1397,J,28470,H,109041,56,29,10,10,5,N,N,N,N,N,N,N,N,N
22,033,541513,H,42,G,609,G,2564,11,6,5,N,N,N,N,N,N,N,N,N,N,N
22,033,541519,H,43,G,837,G,3593,10,7,N,N,N,N,N,N,N,N,N,N,N,N
22,033,5416//,G,2014,G,42987,G,176058,293,205,43,18,21,4,N,N,N,N,N,N,N,N
22,033,54161/,H,1021,G,17548,G,78214,198,146,34,9,7,N,N,N,N,N,N,N,N,N
22,033,541611,H,757,G,13370,G,58592,118,86,18,7,5,N,N,N,N,N,N,N,N,N
22,033,541612,G,54,H,823,H,3398,10,3,6,N,N,N,N,N,N,N,N,N,N,N
22,033,541613,H,135,G,1828,G,8359,46,38,6,N,N,N,N,N,N,N,N,N,N,N
22,033,541614,H,52,H,1306,H,6032,10,6,3,N,N,N,N,N,N,N,N,N,N,N
22,033,541618,H,23,G,221,G,1833,14,13,N,N,N,N,N,N,N,N,N,N,N,N
22,033,54162/,H,495,G,9880,G,46202,43,25,4,4,9,N,N,N,N,N,N,N,N,N
22,033,541620,H,495,G,9880,G,46202,43,25,4,4,9,N,N,N,N,N,N,N,N,N
22,033,54169/,G,498,H,15559,G,51642,52,34,5,5,5,3,N,N,N,N,N,N,N,N
22,033,541690,G,498,H,15559,G,51642,52,34,5,5,5,3,N,N,N,N,N,N,N,N
22,033,5417//,G,330,G,9370,G,33040,25,11,5,N,5,N,N,N,N,N,N,N,N,N
22,033,54171/,G,325,G,9294,G,32698,24,11,4,N,5,N,N,N,N,N,N,N,N,N
22,033,541714,H,93,H,3713,H,11548,5,N,N,N,3,N,N,N,N,N,N,N,N,N
22,033,541715,G,232,G,5581,G,21150,19,11,3,N,N,N,N,N,N,N,N,N,N,N
22,033,5418//,H,778,H,16649,H,70653,103,67,11,12,11,N,N,N,N,N,N,N,N,N
22,033,54181/,H,388,H,7449,H,33030,37,19,5,7,4,N,N,N,N,N,N,N,N,N
22,033,541810,H,388,H,7449,H,33030,37,19,5,7,4,N,N,N,N,N,N,N,N,N
22,033,54182/,G,112,G,2982,G,15470,35,31,N,N,N,N,N,N,N,N,N,N,N,N
22,033,541820,G,112,G,2982,G,15470,35,31,N,N,N,N,N,N,N,N,N,N,N,N
22,033,54185/,J,152,J,3970,J,13106,17,9,3,N,4,N,N,N,N,N,N,N,N,N
22,033,541850,J,152,J,3970,J,13106,17,9,3,N,4,N,N,N,N,N,N,N,N,N
22,033,54189/,H,112,J,1962,J,8182,12,7,N,N,N,N,N,N,N,N,N,N,N,N
22,033,541890,H,112,J,1962,J,8182,12,7,N,N,N,N,N,N,N,N,N,N,N,N
22,033,5419//,G,956,G,10410,G,45918,109,53,24,18,11,3,N,N,N,N,N,N,N,N
22,033,54192/,J,58,G,415,G,1656,23,19,3,N,N,N,N,N,N,N,N,N,N,N
22,033,541921,J,52,G,362,G,1505,20,16,3,N,N,N,N,N,N,N,N,N,N,N
22,033,541922,G,6,J,53,G,151,3,3,N,N,N,N,N,N,N,N,N,N,N,N
22,033,54194/,G,691,H,6550,H,26523,45,5,15,14,9,N,N,N,N,N,N,N,N,N
22,033,541940,G,691,H,6550,H,26523,45,5,15,14,9,N,N,N,N,N,N,N,N,N
22,033,54199/,G,201,G,3354,G,17296,39,27,6,3,N,N,N,N,N,N,N,N,N,N
22,033,541990,G,201,G,3354,G,17296,39,27,6,3,N,N,N,N,N,N,N,N,N,N
22,033,55----,G,6888,G,182985,G,663651,90,35,8,14,13,10,4,3,N,N,N,N,N,N
22,033,551///,G,6888,G,182985,G,663651,90,35,8,14,13,10,4,3,N,N,N,N,N,N
22,033,5511//,G,6888,G,182985,G,663651,90,35,8,14,13,10,4,3,N,N,N,N,N,N
22,033,55111/,G,6888,G,182985,G,663651,90,35,8,14,13,10,4,3,N,N,N,N,N,N
22,033,551112,G,134,H,2009,G,10919,13,9,N,N,N,N,N,N,N,N,N,N,N,N
22,033,551114,G,6754,G,180976,G,652732,77,26,8,12,12,9,4,3,N,N,N,N,N,N
22,033,56----,G,15808,G,185758,G,753595,640,333,96,78,62,43,18,7,N,N,N,N,N,N
22,033,561///,G,12988,G,142715,G,572117,590,311,85,72,57,41,16,6,N,N,N,N,N,N
22,033,5611//,H,1874,H,28119,G,104930,75,32,14,11,11,3,3,N,N,N,N,N,N,N
22,033,56111/,H,1874,H,28119,G,104930,75,32,14,11,11,3,3,N,N,N,N,N,N,N
22,033,561110,H,1874,H,28119,G,104930,75,32,14,11,11,3,3,N,N,N,N,N,N,N
22,033,5612//,J,1250,J,20277,J,73460,14,6,N,N,N,N,N,N,N,N,N,N,N,N
22,033,56121/,J,1250,J,20277,J,73460,14,6,N,N,N,N,N,N,N,N,N,N,N,N
22,033,561210,J,1250,J,20277,J,73460,14,6,N,N,N,N,N,N,N,N,N,N,N,N
22,033,5613//,G,4116,H,52436,G,206340,98,48,5,6,12,19,5,N,N,N,N,N,N,N
22,033,56131/,H,385,H,4823,H,21160,14,7,N,N,N,4,N,N,N,N,N,N,N,N
22,033,561311,H,353,H,4220,H,18930,10,4,N,N,N,4,N,N,N,N,N,N,N,N
22,033,561312,G,32,H,603,H,2230,4,3,N,N,N,N,N,N,N,N,N,N,N,N
22,033,56132/,H,2965,H,38248,G,144067,79,40,4,5,10,15,3,N,N,N,N,N,N,N
22,033,561320,H,2965,H,38248,G,144067,79,40,4,5,10,15,3,N,N,N,N,N,N,N
22,033,56133/,H,766,G,9365,H,41113,5,N,N,N,N,N,N,N,N,N,N,N,N,N
22,033,561330,H,766,G,9365,H,41113,5,N,N,N,N,N,N,N,N,N,N,N,N,N
22,033,5614//,G,476,G,4346,G,18401,49,30,7,6,4,N,N,N,N,N,N,N,N,N
22,033,56142/,G,53,G,714,G,2836,7,3,N,3,N,N,N,N,N,N,N,N,N,N
22,033,561421,G,14,H,132,G,621,3,N,N,N,N,N,N,N,N,N,N,N,N,N
22,033,561422,H,39,H,582,G,2215,4,N,N,N,N,N,N,N,N,N,N,N,N,N
22,033,56143/,H,246,H,2090,H,9334,19,12,3,N,N,N,N,N,N,N,N,N,N,N
22,033,561431,J,58,H,466,H,2012,14,10,N,N,N,N,N,N,N,N,N,N,N,N
22,033,561439,J,188,J,1624,J,7322,5,N,N,N,N,N,N,N,N,N,N,N,N,N
22,033,56144/,H,44,G,464,G,1708,4,N,N,N,N,N,N,N,N,N,N,N,N,N
22,033,561440,H,44,G,464,G,1708,4,N,N,N,N,N,N,N,N,N,N,N,N,N
22,033,56149/,J,96,J,1013,H,4280,17,14,N,N,N,N,N,N,N,N,N,N,N,N
22,033,561492,G,9,G,127,G,566,8,8,N,N,N,N,N,N,N,N,N,N,N,N
22,033,561499,J,87,J,886,J,3714,9,6,N,N,N,N,N,N,N,N,N,N,N,N
22,033,5615//,G,39,H,508,G,2041,13,11,N,N,N,N,N,N,N,N,N,N,N,N
22,033,56151/,H,36,H,439,H,1885,11,9,N,N,N,N,N,N,N,N,N,N,N,N
22,033,561510,H,36,H,439,H,1885,11,9,N,N,N,N,N,N,N,N,N,N,N,N
22,033,5616//,H,1762,H,11688,H,48387,50,10,17,9,5,5,N,N,N,N,N,N,N,N
22,033,56161/,H,1481,G,7576,G,29617,28,7,6,3,4,4,N,N,N,N,N,N,N,N
22,033,561611,H,44,G,372,G,1606,9,3,5,N,N,N,N,N,N,N,N,N,N,N
22,033,561612,H,1335,G,5951,G,23293,17,4,N,N,4,3,N,N,N,N,N,N,N,N
22,033,56162/,H,281,H,4112,H,18770,22,3,11,6,N,N,N,N,N,N,N,N,N,N
22,033,561621,H,230,H,3547,H,16663,16,3,7,4,N,N,N,N,N,N,N,N,N,N
22,033,561622,G,51,G,565,G,2107,6,N,4,N,N,N,N,N,N,N,N,N,N,N
22,033,5617//,G,3071,G,22809,G,107566,258,150,38,35,21,10,3,N,N,N,N,N,N,N
22,033,56171/,G,388,G,4308,G,18460,30,15,4,7,N,N,N,N,N,N,N,N,N,N
22,033,561710,G,388,G,4308,G,18460,30,15,4,7,N,N,N,N,N,N,N,N,N,N
22,033,56172/,G,1399,G,7068,G,27374,87,47,12,10,11,5,N,N,N,N,N,N,N,N
22,033,561720,G,1399,G,7068,G,27374,87,47,12,10,11,5,N,N,N,N,N,N,N,N
22,033,56173/,G,1094,G,9801,G,53516,109,66,15,16,8,N,N,N,N,N,N,N,N,N
22,033,561730,G,1094,G,9801,G,53516,109,66,15,16,8,N,N,N,N,N,N,N,N,N
22,033,56174/,J,19,H,229,H,1166,6,4,N,N,N,N,N,N,N,N,N,N,N,N
22,033,561740,J,19,H,229,H,1166,6,4,N,N,N,N,N,N,N,N,N,N,N,N
22,033,56179/,G,171,H,1403,H,7050,26,18,5,N,N,N,N,N,N,N,N,N,N,N
22,033,561790,G,171,H,1403,H,7050,26,18,5,N,N,N,N,N,N,N,N,N,N,N
22,033,5619//,H,400,H,2532,G,10992,33,24,N,3,3,N,N,N,N,N,N,N,N,N
22,033,56192/,H,146,G,419,G,2150,9,7,N,N,N,N,N,N,N,N,N,N,N,N
22,033,561920,H,146,G,419,G,2150,9,7,N,N,N,N,N,N,N,N,N,N,N,N
22,033,56199/,H,252,H,2109,H,8817,23,16,N,3,N,N,N,N,N,N,N,N,N,N
22,033,561990,H,252,H,2109,H,8817,23,16,N,3,N,N,N,N,N,N,N,N,N,N
22,033,562///,J,2820,J,43043,J,181478,50,22,11,6,5,N,N,N,N,N,N,N,N,N
22,033,5621//,G,335,H,5760,G,25075,15,6,3,N,3,N,N,N,N,N,N,N,N,N
22,033,56211/,G,335,H,5760,G,25075,15,6,3,N,3,N,N,N,N,N,N,N,N,N
22,033,562111,H,275,H,4717,H,20899,10,5,N,N,N,N,N,N,N,N,N,N,N,N
22,033,562112,J,52,J,958,J,3816,3,N,N,N,N,N,N,N,N,N,N,N,N,N
22,033,5629//,J,2462,J,36908,J,154900,33,16,8,N,N,N,N,N,N,N,N,N,N,N
22,033,56291/,J,1998,J,28514,J,118019,17,10,3,N,N,N,N,N,N,N,N,N,N,N
22,033,562910,J,1998,J,28514,J,118019,17,10,3,N,N,N,N,N,N,N,N,N,N,N
22,033,56299/,H,462,H,8381,H,36450,14,4,5,N,N,N,N,N,N,N,N,N,N,N
22,033,562998,H,413,H,7458,H,30063,12,4,4,N,N,N,N,N,N,N,N,N,N,N
22,033,61----,G,6750,G,70359,G,287563,209,81,37,27,28,18,14,3,N,N,N,N,N,N
22,033,611///,G,6750,G,70359,G,287563,209,81,37,27,28,18,14,3,N,N,N,N,N,N
22,033,6111//,G,5020,G,55031,G,224913,57,4,4,8,13,13,11,3,N,N,N,N,N,N
22,033,61111/,G,5020,G,55031,G,224913,57,4,4,8,13,13,11,3,N,N,N,N,N,N
22,033,611110,G,5020,G,55031,G,224913,57,4,4,8,13,13,11,3,N,N,N,N,N,N
22,033,6112//,G,176,G,1368,G,5887,4,N,N,N,N,N,N,N,N,N,N,N,N,N
22,033,61121/,G,176,G,1368,G,5887,4,N,N,N,N,N,N,N,N,N,N,N,N,N
22,033,611210,G,176,G,1368,G,5887,4,N,N,N,N,N,N,N,N,N,N,N,N,N
22,033,6113//,H,299,H,5082,H,19254,7,N,N,3,N,N,N,N,N,N,N,N,N,N
22,033,61131/,H,299,H,5082,H,19254,7,N,N,3,N,N,N,N,N,N,N,N,N,N
22,033,611310,H,299,H,5082,H,19254,7,N,N,3,N,N,N,N,N,N,N,N,N,N
22,033,6114//,J,123,J,1267,J,5145,15,10,4,N,N,N,N,N,N,N,N,N,N,N
22,033,61143/,J,111,J,1194,J,4829,13,9,3,N,N,N,N,N,N,N,N,N,N,N
22,033,611430,J,111,J,1194,J,4829,13,9,3,N,N,N,N,N,N,N,N,N,N,N
22,033,6115//,G,264,G,3247,G,13400,19,5,6,3,4,N,N,N,N,N,N,N,N,N
22,033,61151/,G,264,G,3247,G,13400,19,5,6,3,4,N,N,N,N,N,N,N,N,N
22,033,611511,H,49,H,354,H,1473,3,N,N,N,N,N,N,N,N,N,N,N,N,N
22,033,611513,G,4,J,46,J,243,3,3,N,N,N,N,N,N,N,N,N,N,N,N
22,033,611519,G,211,H,2847,H,11684,13,N,5,N,3,N,N,N,N,N,N,N,N,N
22,033,6116//,G,557,G,2183,G,10023,81,46,17,9,9,N,N,N,N,N,N,N,N,N
22,033,61161/,H,99,G,532,G,2280,20,13,5,N,N,N,N,N,N,N,N,N,N,N
22,033,611610,H,99,G,532,G,2280,20,13,5,N,N,N,N,N,N,N,N,N,N,N
22,033,61162/,G,296,G,874,G,4376,32,15,3,8,6,N,N,N,N,N,N,N,N,N
22,033,611620,G,296,G,874,G,4376,32,15,3,8,6,N,N,N,N,N,N,N,N,N
22,033,61169/,G,122,G,594,G,2542,28,18,9,N,N,N,N,N,N,N,N,N,N,N
22,033,611691,G,82,G,340,G,1491,16,10,5,N,N,N,N,N,N,N,N,N,N,N
22,033,611692,H,24,G,118,G,515,4,N,3,N,N,N,N,N,N,N,N,N,N,N
22,033,611699,G,16,G,136,G,536,8,7,N,N,N,N,N,N,N,N,N,N,N,N
22,033,6117//,G,311,G,2181,G,8941,26,15,3,4,N,N,N,N,N,N,N,N,N,N
22,033,61171/,G,311,G,2181,G,8941,26,15,3,4,N,N,N,N,N,N,N,N,N,N
22,033,611710,G,311,G,2181,G,8941,26,15,3,4,N,N,N,N,N,N,N,N,N,N
22,033,62----,G,38191,H,548961,G,2312092,1489,620,296,250,180,82,46,8,3,4,N,N,N,N
22,033,621///,G,15692,G,264732,G,1167101,1048,504,197,173,111,34,22,6,N,N,N,N,N,N
22,033,6211//,G,6609,G,160404,G,735575,316,181,41,33,34,10,11,5,N,N,N,N,N,N
22,033,62111/,G,6609,G,160404,G,735575,316,181,41,33,34,10,11,5,N,N,N,N,N,N
22,033,621111,G,6549,G,159481,G,731020,296,164,40,31,34,10,11,5,N,N,N,N,N,N
22,033,621112,H,60,G,923,H,4555,20,17,N,N,N,N,N,N,N,N,N,N,N,N
22,033,6212//,G,1656,G,20502,G,85579,202,72,64,52,13,N,N,N,N,N,N,N,N,N
22,033,62121/,G,1656,G,20502,G,85579,202,72,64,52,13,N,N,N,N,N,N,N,N,N
22,033,621210,G,1656,G,20502,G,85579,202,72,64,52,13,N,N,N,N,N,N,N,N,N
22,033,6213//,G,2164,G,20661,G,81791,282,157,63,42,16,N,N,N,N,N,N,N,N,N
22,033,62131/,G,177,G,2298,G,9826,37,21,12,4,N,N,N,N,N,N,N,N,N,N
22,033,621310,G,177,G,2298,G,9826,37,21,12,4,N,N,N,N,N,N,N,N,N,N
22,033,62132/,G,208,G,1741,G,7392,25,8,9,7,N,N,N,N,N,N,N,N,N,N
22,033,621320,G,208,G,1741,G,7392,25,8,9,7,N,N,N,N,N,N,N,N,N,N
22,033,62133/,G,446,G,3276,G,13773,76,60,4,7,3,N,N,N,N,N,N,N,N,N
22,033,621330,G,446,G,3276,G,13773,76,60,4,7,3,N,N,N,N,N,N,N,N,N
22,033,62134/,G,1082,G,10717,G,39720,91,34,24,22,9,N,N,N,N,N,N,N,N,N
22,033,621340,G,1082,G,10717,G,39720,91,34,24,22,9,N,N,N,N,N,N,N,N,N
22,033,62139/,H,251,G,2629,G,11080,53,34,14,N,3,N,N,N,N,N,N,N,N,N
22,033,621391,J,18,H,229,H,978,7,5,N,N,N,N,N,N,N,N,N,N,N,N
22,033,621399,H,233,G,2400,G,10102,46,29,12,N,3,N,N,N,N,N,N,N,N,N
22,033,6214//,G,1825,G,24838,G,102239,118,48,14,25,26,N,N,N,N,N,N,N,N,N
22,033,62141/,G,23,H,618,H,1886,3,N,N,N,N,N,N,N,N,N,N,N,N,N
22,033,621410,G,23,H,618,H,1886,3,N,N,N,N,N,N,N,N,N,N,N,N,N
22,033,62142/,G,438,G,3605,G,15083,36,20,6,3,5,N,N,N,N,N,N,N,N,N
22,033,621420,G,438,G,3605,G,15083,36,20,6,3,5,N,N,N,N,N,N,N,N,N
22,033,62149/,G,1364,G,20615,G,85270,79,27,8,20,21,N,N,N,N,N,N,N,N,N
22,033,621492,J,283,J,3308,J,14120,20,5,N,7,6,N,N,N,N,N,N,N,N,N
22,033,621493,G,518,G,7173,G,29920,33,9,N,9,13,N,N,N,N,N,N,N,N,N
22,033,621498,G,563,G,10134,G,41230,26,13,5,4,N,N,N,N,N,N,N,N,N,N
22,033,6215//,H,860,H,10297,H,47566,51,30,9,3,5,N,3,N,N,N,N,N,N,N
22,033,62151/,H,860,H,10297,H,47566,51,30,9,3,5,N,3,N,N,N,N,N,N,N
22,033,621511,H,542,H,6222,J,29777,32,21,5,N,N,N,N,N,N,N,N,N,N,N
22,033,621512,H,318,H,4075,H,17789,19,9,4,N,3,N,N,N,N,N,N,N,N,N
22,033,6216//,G,2079,G,21498,G,89748,54,7,4,12,13,14,4,N,N,N,N,N,N,N
22,033,62161/,G,2079,G,21498,G,89748,54,7,4,12,13,14,4,N,N,N,N,N,N,N
22,033,621610,G,2079,G,21498,G,89748,54,7,4,12,13,14,4,N,N,N,N,N,N,N
22,033,6219//,G,499,H,6532,H,24603,25,9,N,6,4,4,N,N,N,N,N,N,N,N
22,033,62191/,J,98,J,1917,J,6189,4,N,N,N,N,N,N,N,N,N,N,N,N,N
22,033,621910,J,98,J,1917,J,6189,4,N,N,N,N,N,N,N,N,N,N,N,N,N
22,033,62199/,G,401,G,4615,G,18414,21,8,N,5,4,3,N,N,N,N,N,N,N,N
22,033,621991,H,178,H,1661,H,6094,7,N,N,N,4,N,N,N,N,N,N,N,N,N
22,033,621999,J,223,H,2954,H,12320,14,7,N,4,N,N,N,N,N,N,N,N,N,N
22,033,622///,H,12063,J,204882,J,809748,18,N,N,N,N,N,8,N,N,4,N,N,N,N
22,033,6221//,J,8533,H,148898,J,592784,6,N,N,N,N,N,N,N,N,3,N,N,N,N
22,033,62211/,J,8533,H,148898,J,592784,6,N,N,N,N,N,N,N,N,3,N,N,N,N
22,033,622110,J,8533,H,148898,J,592784,6,N,N,N,N,N,N,N,N,3,N,N,N,N
22,033,6222//,H,331,H,3732,H,15508,3,N,N,N,N,N,N,N,N,N,N,N,N,N
22,033,62221/,H,331,H,3732,H,15508,3,N,N,N,N,N,N,N,N,N,N,N,N,N
22,033,622210,H,331,H,3732,H,15508,3,N,N,N,N,N,N,N,N,N,N,N,N,N
22,033,6223//,H,3199,J,52252,J,201456,9,N,N,N,N,N,6,N,N,N,N,N,N,N
22,033,62231/,H,3199,J,52252,J,201456,9,N,N,N,N,N,6,N,N,N,N,N,N,N
22,033,622310,H,3199,J,52252,J,201456,9,N,N,N,N,N,6,N,N,N,N,N,N,N
22,033,623///,G,4019,G,35209,G,154874,118,10,43,22,13,19,10,N,N,N,N,N,N,N
22,033,6231//,G,1963,G,19083,G,84394,25,3,N,N,N,10,9,N,N,N,N,N,N,N
22,033,62311/,G,1963,G,19083,G,84394,25,3,N,N,N,10,9,N,N,N,N,N,N,N
22,033,623110,G,1963,G,19083,G,84394,25,3,N,N,N,10,9,N,N,N,N,N,N,N
22,033,6232//,G,1003,H,7682,G,33456,71,7,37,16,6,4,N,N,N,N,N,N,N,N
22,033,62321/,H,632,H,4665,H,18236,58,5,36,12,3,N,N,N,N,N,N,N,N,N
22,033,623210,H,632,H,4665,H,18236,58,5,36,12,3,N,N,N,N,N,N,N,N,N
22,033,62322/,G,371,G,3017,G,15220,13,N,N,4,3,N,N,N,N,N,N,N,N,N
22,033,623220,G,371,G,3017,G,15220,13,N,N,4,3,N,N,N,N,N,N,N,N,N
22,033,6233//,H,1035,H,8350,H,36674,20,N,3,4,7,5,N,N,N,N,N,N,N,N
22,033,62331/,H,1035,H,8350,H,36674,20,N,3,4,7,5,N,N,N,N,N,N,N,N
22,033,623312,H,669,H,5175,H,22245,18,N,3,4,6,5,N,N,N,N,N,N,N,N
22,033,624///,G,6417,G,44138,G,180369,305,105,56,54,56,27,6,N,N,N,N,N,N,N
22,033,6241//,G,4090,G,27559,G,118014,162,67,25,17,24,24,4,N,N,N,N,N,N,N
22,033,62411/,G,299,G,2177,G,9598,25,10,5,6,3,N,N,N,N,N,N,N,N,N
22,033,624110,G,299,G,2177,G,9598,25,10,5,6,3,N,N,N,N,N,N,N,N,N
22,033,62412/,G,3369,G,20859,G,90360,73,15,10,4,17,22,4,N,N,N,N,N,N,N
22,033,624120,G,3369,G,20859,G,90360,73,15,10,4,17,22,4,N,N,N,N,N,N,N
22,033,62419/,H,422,H,4523,H,18056,64,42,10,7,4,N,N,N,N,N,N,N,N,N
22,033,624190,H,422,H,4523,H,18056,64,42,10,7,4,N,N,N,N,N,N,N,N,N
22,033,6242//,G,412,G,5231,G,15491,14,3,5,N,4,N,N,N,N,N,N,N,N,N
22,033,62421/,J,72,J,1116,J,4353,4,N,N,N,N,N,N,N,N,N,N,N,N,N
22,033,624210,J,72,J,1116,J,4353,4,N,N,N,N,N,N,N,N,N,N,N,N,N
22,033,62422/,H,94,G,797,G,2990,5,N,N,N,N,N,N,N,N,N,N,N,N,N
22,033,624221,G,55,G,429,G,1352,3,N,N,N,N,N,N,N,N,N,N,N,N,N
22,033,62423/,J,246,J,3318,J,8148,5,3,N,N,N,N,N,N,N,N,N,N,N,N
22,033,624230,J,246,J,3318,J,8148,5,3,N,N,N,N,N,N,N,N,N,N,N,N
22,033,6243//,G,313,G,1711,G,7398,12,3,N,N,4,N,N,N,N,N,N,N,N,N
22,033,62431/,G,313,G,1711,G,7398,12,3,N,N,4,N,N,N,N,N,N,N,N,N
22,033,624310,G,313,G,1711,G,7398,12,3,N,N,4,N,N,N,N,N,N,N,N,N
22,033,6244//,G,1602,G,9637,G,39466,117,32,25,34,24,N,N,N,N,N,N,N,N,N
22,033,62441/,G,1602,G,9637,G,39466,117,32,25,34,24,N,N,N,N,N,N,N,N,N
22,033,624410,G,1602,G,9637,G,39466,117,32,25,34,24,N,N,N,N,N,N,N,N,N
22,033,71----,G,3419,G,18679,G,86703,176,76,32,33,20,8,5,N,N,N,N,N,N,N
22,033,711///,H,481,H,2126,H,10550,45,31,7,3,3,N,N,N,N,N,N,N,N,N
22,033,7111//,J,37,G,320,G,1420,8,4,3,N,N,N,N,N,N,N,N,N,N,N
22,033,71111/,J,14,G,105,G,378,4,N,N,N,N,N,N,N,N,N,N,N,N,N
22,033,711110,J,14,G,105,G,378,4,N,N,N,N,N,N,N,N,N,N,N,N,N
22,033,7112//,J,15,J,114,J,1665,5,4,N,N,N,N,N,N,N,N,N,N,N,N
22,033,71121/,J,15,J,114,J,1665,5,4,N,N,N,N,N,N,N,N,N,N,N,N
22,033,711219,J,6,J,82,J,1561,4,4,N,N,N,N,N,N,N,N,N,N,N,N
22,033,7113//,H,336,H,1038,H,4995,10,4,3,N,N,N,N,N,N,N,N,N,N,N
22,033,71131/,H,318,H,831,H,4013,5,N,N,N,N,N,N,N,N,N,N,N,N,N
22,033,711310,H,318,H,831,H,4013,5,N,N,N,N,N,N,N,N,N,N,N,N,N
22,033,71132/,G,18,H,207,H,982,5,3,N,N,N,N,N,N,N,N,N,N,N,N
22,033,711320,G,18,H,207,H,982,5,3,N,N,N,N,N,N,N,N,N,N,N,N
22,033,7114//,G,16,G,90,G,325,3,N,N,N,N,N,N,N,N,N,N,N,N,N
22,033,71141/,G,16,G,90,G,325,3,N,N,N,N,N,N,N,N,N,N,N,N,N
22,033,711410,G,16,G,90,G,325,3,N,N,N,N,N,N,N,N,N,N,N,N,N
22,033,7115//,J,77,J,564,J,2145,19,17,N,N,N,N,N,N,N,N,N,N,N,N
22,033,71151/,J,77,J,564,J,2145,19,17,N,N,N,N,N,N,N,N,N,N,N,N
22,033,711510,J,77,J,564,J,2145,19,17,N,N,N,N,N,N,N,N,N,N,N,N
22,033,712///,H,135,G,911,G,3621,6,N,N,N,3,N,N,N,N,N,N,N,N,N
22,033,7121//,H,135,G,911,G,3621,6,N,N,N,3,N,N,N,N,N,N,N,N,N
22,033,71211/,H,107,G,775,G,3090,5,N,N,N,N,N,N,N,N,N,N,N,N,N
22,033,712110,H,107,G,775,G,3090,5,N,N,N,N,N,N,N,N,N,N,N,N,N
22,033,713///,G,2803,G,15642,G,72532,125,43,25,30,14,7,4,N,N,N,N,N,N,N
22,033,7131//,G,152,G,896,G,5923,7,3,N,N,N,N,N,N,N,N,N,N,N,N
22,033,71312/,H,130,H,675,H,4406,6,3,N,N,N,N,N,N,N,N,N,N,N,N
22,033,713120,H,130,H,675,H,4406,6,3,N,N,N,N,N,N,N,N,N,N,N,N
22,033,7132//,H,439,H,3329,H,15694,6,N,3,N,N,N,N,N,N,N,N,N,N,N
22,033,71329/,G,79,H,696,H,3231,5,N,3,N,N,N,N,N,N,N,N,N,N,N
22,033,713290,G,79,H,696,H,3231,5,N,3,N,N,N,N,N,N,N,N,N,N,N
22,033,7139//,G,2212,G,11417,G,50915,112,40,22,28,11,7,3,N,N,N,N,N,N,N
22,033,71391/,G,507,G,3993,G,17786,6,N,N,N,N,N,3,N,N,N,N,N,N,N
22,033,713910,G,507,G,3993,G,17786,6,N,N,N,N,N,3,N,N,N,N,N,N,N
22,033,71394/,G,1089,G,4264,G,19851,80,26,16,24,9,5,N,N,N,N,N,N,N,N
22,033,713940,G,1089,G,4264,G,19851,80,26,16,24,9,5,N,N,N,N,N,N,N,N
22,033,71399/,H,557,H,2805,H,12138,25,13,5,4,N,N,N,N,N,N,N,N,N,N
22,033,713990,H,557,H,2805,H,12138,25,13,5,4,N,N,N,N,N,N,N,N,N,N
22,033,72----,G,24288,G,133608,G,531216,1165,332,159,262,292,101,17,N,N,N,N,N,N,N
22,033,721///,H,2119,H,20325,H,75170,100,38,19,20,17,4,N,N,N,N,N,N,N,N
22,033,7211//,H,2066,H,19925,H,73497,81,22,17,19,17,4,N,N,N,N,N,N,N,N
22,033,72111/,H,1244,G,9219,G,36053,78,21,17,19,17,4,N,N,N,N,N,N,N,N
22,033,721110,H,1244,G,9219,G,36053,78,21,17,19,17,4,N,N,N,N,N,N,N,N
22,033,7213//,J,39,G,292,G,1126,17,15,N,N,N,N,N,N,N,N,N,N,N,N
22,033,72131/,J,39,G,292,G,1126,17,15,N,N,N,N,N,N,N,N,N,N,N,N
22,033,721310,J,39,G,292,G,1126,17,15,N,N,N,N,N,N,N,N,N,N,N,N
22,033,722///,G,22169,G,113283,G,456046,1065,294,140,242,275,97,16,N,N,N,N,N,N,N
22,033,7223//,G,1964,G,12681,G,50317,96,40,16,16,16,5,N,N,N,N,N,N,N,N
22,033,72231/,G,1600,G,11112,G,43597,63,25,11,9,10,5,N,N,N,N,N,N,N,N
22,033,722310,G,1600,G,11112,G,43597,63,25,11,9,10,5,N,N,N,N,N,N,N,N
22,033,72232/,H,304,G,1403,G,5971,24,9,3,7,5,N,N,N,N,N,N,N,N,N
22,033,722320,H,304,G,1403,G,5971,24,9,3,7,5,N,N,N,N,N,N,N,N,N
22,033,72233/,H,60,G,166,H,749,9,6,N,N,N,N,N,N,N,N,N,N,N,N
22,033,722330,H,60,G,166,H,749,9,6,N,N,N,N,N,N,N,N,N,N,N,N
22,033,7224//,G,786,G,3327,G,14115,63,16,17,20,7,3,N,N,N,N,N,N,N,N
22,033,72241/,G,786,G,3327,G,14115,63,16,17,20,7,3,N,N,N,N,N,N,N,N
22,033,722410,G,786,G,3327,G,14115,63,16,17,20,7,3,N,N,N,N,N,N,N,N
22,033,7225//,G,19419,G,97275,G,391614,906,238,107,206,252,89,14,N,N,N,N,N,N,N
22,033,72251/,G,19419,G,97275,G,391614,906,238,107,206,252,89,14,N,N,N,N,N,N,N
22,033,722511,G,9175,G,53650,G,213353,295,58,28,46,102,49,12,N,N,N,N,N,N,N
22,033,722513,G,8555,G,36456,G,148986,477,133,53,130,124,35,N,N,N,N,N,N,N,N
22,033,722514,G,286,G,1418,G,6233,14,N,3,3,5,N,N,N,N,N,N,N,N,N
22,033,722515,G,1403,G,5751,G,23042,120,45,23,27,21,4,N,N,N,N,N,N,N,N
22,033,81----,G,10042,G,105407,G,432619,1266,744,273,146,71,24,7,N,N,N,N,N,N,N
22,033,811///,G,2243,G,32715,G,133842,318,171,75,46,22,4,N,N,N,N,N,N,N,N
22,033,8111//,G,1332,G,16206,G,67203,228,123,60,33,12,N,N,N,N,N,N,N,N,N
22,033,81111/,G,500,G,6411,G,27028,116,76,28,9,3,N,N,N,N,N,N,N,N,N
22,033,811111,H,427,G,5650,G,23834,96,61,24,9,N,N,N,N,N,N,N,N,N,N
22,033,811113,G,22,G,262,G,1062,8,6,N,N,N,N,N,N,N,N,N,N,N,N
22,033,811118,J,48,H,486,H,2079,10,7,N,N,N,N,N,N,N,N,N,N,N,N
22,033,81112/,G,496,G,7163,G,30214,68,30,19,14,5,N,N,N,N,N,N,N,N,N
22,033,811121,G,386,G,5891,G,24707,55,25,13,13,4,N,N,N,N,N,N,N,N,N
22,033,811122,G,110,G,1272,G,5507,13,5,6,N,N,N,N,N,N,N,N,N,N,N
22,033,81119/,H,336,G,2632,G,9961,44,17,13,10,4,N,N,N,N,N,N,N,N,N
22,033,811191,J,86,J,662,J,3293,11,3,5,3,N,N,N,N,N,N,N,N,N,N
22,033,811192,G,235,G,1813,G,6006,26,8,7,7,4,N,N,N,N,N,N,N,N,N
22,033,811198,J,15,G,157,G,662,7,6,N,N,N,N,N,N,N,N,N,N,N,N
22,033,8112//,G,142,G,1572,G,7244,22,14,3,3,N,N,N,N,N,N,N,N,N,N
22,033,81121/,G,142,G,1572,G,7244,22,14,3,3,N,N,N,N,N,N,N,N,N,N
22,033,811211,J,15,J,112,J,469,6,5,N,N,N,N,N,N,N,N,N,N,N,N
22,033,811212,H,61,J,603,H,2422,8,5,N,N,N,N,N,N,N,N,N,N,N,N
22,033,811213,J,16,H,194,H,774,4,3,N,N,N,N,N,N,N,N,N,N,N,N
22,033,811219,G,50,G,663,G,3579,4,N,N,N,N,N,N,N,N,N,N,N,N,N
22,033,8113//,H,670,G,14055,H,55081,39,13,6,8,8,4,N,N,N,N,N,N,N,N
22,033,81131/,H,670,G,14055,H,55081,39,13,6,8,8,4,N,N,N,N,N,N,N,N
22,033,811310,H,670,G,14055,H,55081,39,13,6,8,8,4,N,N,N,N,N,N,N,N
22,033,8114//,G,99,H,882,H,4314,29,21,6,N,N,N,N,N,N,N,N,N,N,N
22,033,81142/,J,13,J,84,J,350,3,N,N,N,N,N,N,N,N,N,N,N,N,N
22,033,811420,J,13,J,84,J,350,3,N,N,N,N,N,N,N,N,N,N,N,N,N
22,033,81149/,H,73,G,647,G,3139,24,18,5,N,N,N,N,N,N,N,N,N,N,N
22,033,811490,H,73,G,647,G,3139,24,18,5,N,N,N,N,N,N,N,N,N,N,N
22,033,812///,G,2327,G,17957,G,76764,421,282,89,32,14,N,N,N,N,N,N,N,N,N
22,033,8121//,G,1256,G,9414,G,41336,305,221,55,20,9,N,N,N,N,N,N,N,N,N
22,033,81211/,G,921,G,7290,G,31654,255,194,44,13,4,N,N,N,N,N,N,N,N,N
22,033,812111,H,46,G,385,G,1557,8,4,3,N,N,N,N,N,N,N,N,N,N,N
22,033,812112,G,514,G,4123,G,17801,132,98,22,9,3,N,N,N,N,N,N,N,N,N
22,033,812113,H,361,G,2782,G,12296,115,92,19,3,N,N,N,N,N,N,N,N,N,N
22,033,81219/,H,335,H,2124,G,9682,50,27,11,7,5,N,N,N,N,N,N,N,N,N
22,033,812191,J,21,J,100,J,363,5,4,N,N,N,N,N,N,N,N,N,N,N,N
22,033,812199,H,314,H,2024,G,9319,45,23,11,6,5,N,N,N,N,N,N,N,N,N
22,033,8122//,G,108,G,1191,G,4993,13,6,3,N,N,N,N,N,N,N,N,N,N,N
22,033,81221/,G,60,G,809,G,3285,8,4,N,N,N,N,N,N,N,N,N,N,N,N
22,033,812210,G,60,G,809,G,3285,8,4,N,N,N,N,N,N,N,N,N,N,N,N
22,033,81222/,J,48,J,382,J,1708,5,N,N,N,N,N,N,N,N,N,N,N,N,N
22,033,812220,J,48,J,382,J,1708,5,N,N,N,N,N,N,N,N,N,N,N,N,N
22,033,8123//,H,575,H,5212,H,21227,42,19,16,3,N,N,N,N,N,N,N,N,N,N
22,033,81231/,J,22,G,114,G,543,7,4,3,N,N,N,N,N,N,N,N,N,N,N
22,033,812310,J,22,G,114,G,543,7,4,3,N,N,N,N,N,N,N,N,N,N,N
22,033,81232/,G,203,G,1260,G,5550,31,14,13,3,N,N,N,N,N,N,N,N,N,N
22,033,812320,G,203,G,1260,G,5550,31,14,13,3,N,N,N,N,N,N,N,N,N,N
22,033,81233/,H,350,H,3838,H,15134,4,N,N,N,N,N,N,N,N,N,N,N,N,N
22,033,812332,J,219,J,2680,J,10025,3,N,N,N,N,N,N,N,N,N,N,N,N,N
22,033,8129//,G,388,G,2140,G,9208,61,36,15,7,N,N,N,N,N,N,N,N,N,N
22,033,81291/,G,251,G,1367,G,6076,25,11,8,3,N,N,N,N,N,N,N,N,N,N
22,033,812910,G,251,G,1367,G,6076,25,11,8,3,N,N,N,N,N,N,N,N,N,N
22,033,81293/,J,50,H,232,G,933,8,3,4,N,N,N,N,N,N,N,N,N,N,N
22,033,812930,J,50,H,232,G,933,8,3,4,N,N,N,N,N,N,N,N,N,N,N
22,033,81299/,G,87,G,541,G,2199,28,22,3,3,N,N,N,N,N,N,N,N,N,N
22,033,812990,G,87,G,541,G,2199,28,22,3,3,N,N,N,N,N,N,N,N,N,N
22,033,813///,G,5472,G,54735,G,222013,527,291,109,68,35,18,5,N,N,N,N,N,N,N
22,033,8131//,G,3499,G,23143,G,95491,278,142,50,44,26,11,4,N,N,N,N,N,N,N
22,033,81311/,G,3499,G,23143,G,95491,278,142,50,44,26,11,4,N,N,N,N,N,N,N
22,033,813110,G,3499,G,23143,G,95491,278,142,50,44,26,11,4,N,N,N,N,N,N,N
22,033,8132//,H,610,H,10243,G,40987,35,18,10,N,N,3,N,N,N,N,N,N,N,N
22,033,81321/,H,610,H,10243,G,40987,35,18,10,N,N,3,N,N,N,N,N,N,N,N
22,033,813211,G,323,G,6068,G,24040,19,11,4,N,N,3,N,N,N,N,N,N,N,N
22,033,813212,J,267,J,3906,J,15811,11,4,4,N,N,N,N,N,N,N,N,N,N,N
22,033,813219,G,20,G,269,G,1136,5,3,N,N,N,N,N,N,N,N,N,N,N,N
22,033,8133//,G,296,G,5263,G,21135,41,22,11,6,N,N,N,N,N,N,N,N,N,N
22,033,81331/,G,296,G,5263,G,21135,41,22,11,6,N,N,N,N,N,N,N,N,N,N
22,033,813311,G,75,H,1343,G,5634,13,6,5,N,N,N,N,N,N,N,N,N,N,N
22,033,813312,H,46,H,622,H,2647,9,6,N,N,N,N,N,N,N,N,N,N,N,N
22,033,813319,H,175,G,3298,G,12854,19,10,4,4,N,N,N,N,N,N,N,N,N,N
22,033,8134//,H,276,H,2499,H,10992,37,26,6,N,N,N,N,N,N,N,N,N,N,N
22,033,81341/,H,276,H,2499,H,10992,37,26,6,N,N,N,N,N,N,N,N,N,N,N
22,033,813410,H,276,H,2499,H,10992,37,26,6,N,N,N,N,N,N,N,N,N,N,N
22,033,8139//,G,791,G,13587,G,53408,136,83,32,14,6,N,N,N,N,N,N,N,N,N
22,033,81391/,G,355,G,8072,G,30662,49,27,14,3,4,N,N,N,N,N,N,N,N,N
22,033,813910,G,355,G,8072,G,30662,49,27,14,3,4,N,N,N,N,N,N,N,N,N
22,033,81392/,G,191,G,3058,G,12301,35,21,6,7,N,N,N,N,N,N,N,N,N,N
22,033,813920,G,191,G,3058,G,12301,35,21,6,7,N,N,N,N,N,N,N,N,N,N
22,033,81393/,G,150,G,1542,G,6292,29,16,10,3,N,N,N,N,N,N,N,N,N,N
22,033,813930,G,150,G,1542,G,6292,29,16,10,3,N,N,N,N,N,N,N,N,N,N
22,033,81394/,J,11,H,88,G,717,5,5,N,N,N,N,N,N,N,N,N,N,N,N
22,033,813940,J,11,H,88,G,717,5,5,N,N,N,N,N,N,N,N,N,N,N,N
22,033,81399/,H,84,G,827,G,3436,18,14,N,N,N,N,N,N,N,N,N,N,N,N
22,033,813990,H,84,G,827,G,3436,18,14,N,N,N,N,N,N,N,N,N,N,N,N
22,033,99----,G,11,G,59,G,352,9,8,N,N,N,N,N,N,N,N,N,N,N,N
22,037,------,G,4287,G,44420,G,180291,242,130,48,29,23,8,N,N,N,N,N,N,N,N
22,037,11----,H,43,G,465,G,2158,8,5,N,3,N,N,N,N,N,N,N,N,N,N
22,037,113///,G,39,H,430,G,1867,3,N,N,3,N,N,N,N,N,N,N,N,N,N
22,037,115///,J,4,H,35,H,291,5,5,N,N,N,N,N,N,N,N,N,N,N,N
22,037,1153//,J,3,G,25,H,264,4,4,N,N,N,N,N,N,N,N,N,N,N,N
22,037,11531/,J,3,G,25,H,264,4,4,N,N,N,N,N,N,N,N,N,N,N,N
22,037,115310,J,3,G,25,H,264,4,4,N,N,N,N,N,N,N,N,N,N,N,N
22,037,21----,H,36,G,526,G,2204,4,N,N,N,N,N,N,N,N,N,N,N,N,N
22,037,212///,H,36,G,526,G,2204,4,N,N,N,N,N,N,N,N,N,N,N,N,N
22,037,2123//,H,36,G,526,G,2204,4,N,N,N,N,N,N,N,N,N,N,N,N,N
22,037,21232/,H,36,G,526,G,2204,4,N,N,N,N,N,N,N,N,N,N,N,N,N
22,037,212321,G,23,G,356,G,1495,3,N,N,N,N,N,N,N,N,N,N,N,N,N
22,037,23----,J,115,H,1731,H,9106,30,26,N,N,N,N,N,N,N,N,N,N,N,N
22,037,236///,G,18,H,127,G,677,10,9,N,N,N,N,N,N,N,N,N,N,N,N
22,037,2361//,G,16,H,122,G,661,8,7,N,N,N,N,N,N,N,N,N,N,N,N
22,037,23611/,G,16,H,122,G,661,8,7,N,N,N,N,N,N,N,N,N,N,N,N
22,037,236118,J,13,J,113,H,422,5,4,N,N,N,N,N,N,N,N,N,N,N,N
22,037,237///,H,30,H,505,H,1875,3,N,N,N,N,N,N,N,N,N,N,N,N,N
22,037,238///,J,67,G,1099,H,6554,17,15,N,N,N,N,N,N,N,N,N,N,N,N
22,037,2382//,J,14,H,153,H,671,6,6,N,N,N,N,N,N,N,N,N,N,N,N
22,037,23822/,J,12,G,108,G,461,4,4,N,N,N,N,N,N,N,N,N,N,N,N
22,037,238220,J,12,G,108,G,461,4,4,N,N,N,N,N,N,N,N,N,N,N,N
22,037,2383//,G,21,J,457,J,1030,6,5,N,N,N,N,N,N,N,N,N,N,N,N
22,037,23835/,J,4,G,27,H,86,3,3,N,N,N,N,N,N,N,N,N,N,N,N
22,037,238350,J,4,G,27,H,86,3,3,N,N,N,N,N,N,N,N,N,N,N,N
22,037,2389//,J,4,J,54,J,231,3,3,N,N,N,N,N,N,N,N,N,N,N,N
22,037,31----,J,248,J,4036,J,17010,17,8,N,3,N,N,N,N,N,N,N,N,N,N
22,037,321///,J,68,J,852,J,4098,3,N,N,N,N,N,N,N,N,N,N,N,N,N
22,037,327///,J,15,J,196,J,839,4,N,N,N,N,N,N,N,N,N,N,N,N,N
22,037,3273//,J,15,J,196,J,839,4,N,N,N,N,N,N,N,N,N,N,N,N,N
22,037,32739/,J,6,J,52,J,183,3,N,N,N,N,N,N,N,N,N,N,N,N,N
22,037,327390,J,6,J,52,J,183,3,N,N,N,N,N,N,N,N,N,N,N,N,N
22,037,332///,H,94,H,1552,H,7232,3,N,N,N,N,N,N,N,N,N,N,N,N,N
22,037,42----,J,171,J,3096,J,12173,9,4,N,3,N,N,N,N,N,N,N,N,N,N
22,037,423///,J,79,J,1277,J,5318,7,4,N,N,N,N,N,N,N,N,N,N,N,N
22,037,44----,H,371,H,2463,H,10294,38,16,11,5,5,N,N,N,N,N,N,N,N,N
22,037,441///,J,15,G,125,G,544,4,N,N,N,N,N,N,N,N,N,N,N,N,N
22,037,4413//,J,15,G,125,G,544,4,N,N,N,N,N,N,N,N,N,N,N,N,N
22,037,44131/,J,15,G,125,G,544,4,N,N,N,N,N,N,N,N,N,N,N,N,N
22,037,441310,J,15,G,125,G,544,4,N,N,N,N,N,N,N,N,N,N,N,N,N
22,037,444///,H,51,G,384,G,1636,3,N,N,N,N,N,N,N,N,N,N,N,N,N
22,037,445///,G,71,H,339,H,1389,5,3,N,N,N,N,N,N,N,N,N,N,N,N
22,037,4451//,G,71,H,339,H,1389,5,3,N,N,N,N,N,N,N,N,N,N,N,N
22,037,44512/,J,20,J,81,J,350,3,N,N,N,N,N,N,N,N,N,N,N,N,N
22,037,445120,J,20,J,81,J,350,3,N,N,N,N,N,N,N,N,N,N,N,N,N
22,037,447///,J,105,H,612,H,2514,8,5,N,N,N,N,N,N,N,N,N,N,N,N
22,037,4471//,J,105,H,612,H,2514,8,5,N,N,N,N,N,N,N,N,N,N,N,N
22,037,44711/,H,89,H,481,H,1990,7,5,N,N,N,N,N,N,N,N,N,N,N,N
22,037,447110,H,89,H,481,H,1990,7,5,N,N,N,N,N,N,N,N,N,N,N,N
22,037,452///,G,48,H,230,H,1000,7,N,5,N,N,N,N,N,N,N,N,N,N,N
22,037,4523//,G,48,H,230,H,1000,7,N,5,N,N,N,N,N,N,N,N,N,N,N
22,037,45231/,G,48,H,230,H,1000,7,N,5,N,N,N,N,N,N,N,N,N,N,N
22,037,452319,G,48,H,230,H,1000,7,N,5,N,N,N,N,N,N,N,N,N,N,N
22,037,454///,J,10,J,142,J,608,4,3,N,N,N,N,N,N,N,N,N,N,N,N
22,037,4543//,J,8,J,137,J,582,3,N,N,N,N,N,N,N,N,N,N,N,N,N
22,037,48----,J,87,J,3887,H,10721,13,9,N,3,N,N,N,N,N,N,N,N,N,N
22,037,484///,G,24,G,176,H,941,9,8,N,N,N,N,N,N,N,N,N,N,N,N
22,037,4842//,J,12,H,140,H,789,7,7,N,N,N,N,N,N,N,N,N,N,N,N
22,037,48422/,J,11,H,135,H,767,6,6,N,N,N,N,N,N,N,N,N,N,N,N
22,037,484220,J,11,H,135,H,767,6,6,N,N,N,N,N,N,N,N,N,N,N,N
22,037,486///,J,62,J,3612,J,9398,3,N,N,N,N,N,N,N,N,N,N,N,N,N
22,037,52----,J,129,H,1832,H,7682,17,9,5,N,N,N,N,N,N,N,N,N,N,N
22,037,522///,J,99,J,1453,J,6005,11,5,4,N,N,N,N,N,N,N,N,N,N,N
22,037,5221//,J,89,J,1282,J,5430,8,3,3,N,N,N,N,N,N,N,N,N,N,N
22,037,52211/,J,82,J,1182,J,5109,6,N,N,N,N,N,N,N,N,N,N,N,N,N
22,037,522110,J,82,J,1182,J,5109,6,N,N,N,N,N,N,N,N,N,N,N,N,N
22,037,524///,J,26,G,290,G,1322,5,3,N,N,N,N,N,N,N,N,N,N,N,N
22,037,5242//,J,26,G,290,G,1322,5,3,N,N,N,N,N,N,N,N,N,N,N,N
22,037,52421/,J,23,H,231,H,1079,4,N,N,N,N,N,N,N,N,N,N,N,N,N
22,037,524210,J,23,H,231,H,1079,4,N,N,N,N,N,N,N,N,N,N,N,N,N
22,037,53----,J,9,H,43,G,205,6,6,N,N,N,N,N,N,N,N,N,N,N,N
22,037,531///,J,9,H,43,G,205,6,6,N,N,N,N,N,N,N,N,N,N,N,N
22,037,5311//,G,7,G,35,G,158,4,4,N,N,N,N,N,N,N,N,N,N,N,N
22,037,53111/,G,4,J,19,H,94,3,3,N,N,N,N,N,N,N,N,N,N,N,N
22,037,531110,G,4,J,19,H,94,3,3,N,N,N,N,N,N,N,N,N,N,N,N
22,037,54----,H,91,G,1133,G,4396,22,13,7,N,N,N,N,N,N,N,N,N,N,N
22,037,541///,H,91,G,1133,G,4396,22,13,7,N,N,N,N,N,N,N,N,N,N,N
22,037,5411//,J,13,J,163,J,523,3,N,N,N,N,N,N,N,N,N,N,N,N,N
22,037,5412//,J,9,H,84,G,365,4,3,N,N,N,N,N,N,N,N,N,N,N,N
22,037,54121/,J,9,H,84,G,365,4,3,N,N,N,N,N,N,N,N,N,N,N,N
22,037,5413//,G,25,G,491,G,2073,6,4,N,N,N,N,N,N,N,N,N,N,N,N
22,037,54133/,J,8,J,195,J,745,3,N,N,N,N,N,N,N,N,N,N,N,N,N
22,037,541330,J,8,J,195,J,745,3,N,N,N,N,N,N,N,N,N,N,N,N,N
22,037,5416//,J,14,G,188,G,780,6,5,N,N,N,N,N,N,N,N,N,N,N,N
22,037,54161/,J,7,J,93,J,393,4,4,N,N,N,N,N,N,N,N,N,N,N,N
22,037,5419//,H,30,G,207,H,655,3,N,N,N,N,N,N,N,N,N,N,N,N,N
22,037,54194/,H,30,G,207,H,655,3,N,N,N,N,N,N,N,N,N,N,N,N,N
22,037,541940,H,30,G,207,H,655,3,N,N,N,N,N,N,N,N,N,N,N,N,N
22,037,56----,J,90,J,1987,J,8364,8,4,N,N,N,N,N,N,N,N,N,N,N,N
22,037,561///,J,90,J,1987,J,8364,8,4,N,N,N,N,N,N,N,N,N,N,N,N
22,037,5617//,J,55,J,907,J,3745,5,3,N,N,N,N,N,N,N,N,N,N,N,N
22,037,56173/,J,49,J,883,J,3649,3,N,N,N,N,N,N,N,N,N,N,N,N,N
22,037,561730,J,49,J,883,J,3649,3,N,N,N,N,N,N,N,N,N,N,N,N,N
22,037,61----,J,129,J,966,J,4152,3,N,N,N,N,N,N,N,N,N,N,N,N,N
22,037,611///,J,129,J,966,J,4152,3,N,N,N,N,N,N,N,N,N,N,N,N,N
22,037,62----,H,2471,H,20554,H,84966,27,5,9,4,4,N,N,N,N,N,N,N,N,N
22,037,621///,J,186,J,2641,J,10043,15,4,6,3,N,N,N,N,N,N,N,N,N,N
22,037,6213//,H,41,J,649,J,2167,7,N,4,N,N,N,N,N,N,N,N,N,N,N
22,037,62139/,J,34,J,606,J,1990,6,N,3,N,N,N,N,N,N,N,N,N,N,N
22,037,621399,J,34,J,606,J,1990,6,N,3,N,N,N,N,N,N,N,N,N,N,N
22,037,6214//,J,101,J,1518,J,5978,4,N,N,N,N,N,N,N,N,N,N,N,N,N
22,037,62149/,J,93,J,1493,J,5885,3,N,N,N,N,N,N,N,N,N,N,N,N,N
22,037,622///,J,2052,J,16093,J,66999,3,N,N,N,N,N,N,N,N,N,N,N,N,N
22,037,624///,G,104,G,549,G,2559,7,N,3,N,N,N,N,N,N,N,N,N,N,N
22,037,6241//,H,88,G,468,G,2219,6,N,3,N,N,N,N,N,N,N,N,N,N,N
22,037,62412/,H,71,H,356,H,1654,3,N,N,N,N,N,N,N,N,N,N,N,N,N
22,037,624120,H,71,H,356,H,1654,3,N,N,N,N,N,N,N,N,N,N,N,N,N
22,037,62419/,J,17,J,112,J,565,3,N,N,N,N,N,N,N,N,N,N,N,N,N
22,037,624190,J,17,J,112,J,565,3,N,N,N,N,N,N,N,N,N,N,N,N,N
22,037,72----,G,196,H,803,H,3088,16,8,3,N,3,N,N,N,N,N,N,N,N,N
22,037,721///,J,1,J,15,H,106,3,3,N,N,N,N,N,N,N,N,N,N,N,N
22,037,722///,H,195,H,788,H,2982,13,5,3,N,3,N,N,N,N,N,N,N,N,N
22,037,7225//,G,112,H,433,G,1606,11,5,3,N,3,N,N,N,N,N,N,N,N,N
22,037,72251/,G,112,H,433,G,1606,11,5,3,N,3,N,N,N,N,N,N,N,N,N
22,037,722511,H,49,J,242,H,1023,6,N,3,N,N,N,N,N,N,N,N,N,N,N
22,037,722513,H,62,G,190,H,580,4,N,N,N,N,N,N,N,N,N,N,N,N,N
22,037,81----,H,67,G,560,G,2506,19,12,7,N,N,N,N,N,N,N,N,N,N,N
22,037,811///,H,23,H,264,H,1300,7,5,N,N,N,N,N,N,N,N,N,N,N,N
22,037,8111//,G,15,H,189,G,958,6,5,N,N,N,N,N,N,N,N,N,N,N,N
22,037,81111/,G,10,H,148,G,790,4,3,N,N,N,N,N,N,N,N,N,N,N,N
22,037,811111,G,10,H,148,G,790,4,3,N,N,N,N,N,N,N,N,N,N,N,N
22,037,813///,J,32,H,152,H,640,10,7,3,N,N,N,N,N,N,N,N,N,N,N
22,037,8131//,J,30,H,138,H,576,9,6,3,N,N,N,N,N,N,N,N,N,N,N
22,037,81311/,J,30,H,138,H,576,9,6,3,N,N,N,N,N,N,N,N,N,N,N
22,037,813110,J,30,H,138,H,576,9,6,3,N,N,N,N,N,N,N,N,N,N,N
22,047,------,G,10214,G,230497,G,895008,539,255,93,87,63,24,13,N,N,N,N,N,N,N
22,047,23----,H,733,H,9824,G,41982,42,21,6,3,9,N,N,N,N,N,N,N,N,N
22,047,236///,G,110,H,1537,H,6089,14,11,N,N,N,N,N,N,N,N,N,N,N,N
22,047,2361//,G,18,J,186,H,788,10,10,N,N,N,N,N,N,N,N,N,N,N,N
22,047,23611/,G,18,J,186,H,788,10,10,N,N,N,N,N,N,N,N,N,N,N,N
22,047,236115,G,3,J,34,H,158,4,4,N,N,N,N,N,N,N,N,N,N,N,N
22,047,236118,G,12,J,139,J,580,5,5,N,N,N,N,N,N,N,N,N,N,N,N
22,047,2362//,G,92,H,1351,H,5301,4,N,N,N,N,N,N,N,N,N,N,N,N,N
22,047,237///,H,52,H,845,H,2921,6,3,N,N,N,N,N,N,N,N,N,N,N,N
22,047,2371//,J,39,J,695,J,2312,3,N,N,N,N,N,N,N,N,N,N,N,N,N
22,047,23712/,J,39,J,695,J,2312,3,N,N,N,N,N,N,N,N,N,N,N,N,N
22,047,237120,J,39,J,695,J,2312,3,N,N,N,N,N,N,N,N,N,N,N,N,N
22,047,2373//,G,13,H,150,H,609,3,N,N,N,N,N,N,N,N,N,N,N,N,N
22,047,23731/,G,13,H,150,H,609,3,N,N,N,N,N,N,N,N,N,N,N,N,N
22,047,237310,G,13,H,150,H,609,3,N,N,N,N,N,N,N,N,N,N,N,N,N
22,047,238///,H,571,H,7442,H,32972,22,7,3,3,6,N,N,N,N,N,N,N,N,N
22,047,2381//,H,136,H,2162,H,10940,6,N,N,N,N,N,N,N,N,N,N,N,N,N
22,047,2382//,J,55,H,692,H,3458,7,3,N,N,N,N,N,N,N,N,N,N,N,N
22,047,23822/,J,55,H,692,H,3441,6,N,N,N,N,N,N,N,N,N,N,N,N,N
22,047,238220,J,55,H,692,H,3441,6,N,N,N,N,N,N,N,N,N,N,N,N,N
22,047,2383//,J,31,H,536,H,2630,4,N,N,N,N,N,N,N,N,N,N,N,N,N
22,047,2389//,H,349,H,4052,H,15944,5,N,N,N,3,N,N,N,N,N,N,N,N,N
22,047,23899/,J,291,H,3193,H,12210,3,N,N,N,N,N,N,N,N,N,N,N,N,N
22,047,238990,J,291,H,3193,H,12210,3,N,N,N,N,N,N,N,N,N,N,N,N,N
22,047,31----,G,3933,H,144086,G,539313,35,6,3,9,N,6,6,N,N,N,N,N,N,N
22,047,325///,H,3321,H,133239,H,492423,14,N,N,N,N,4,4,N,N,N,N,N,N,N
22,047,3251//,G,677,G,28781,G,106400,7,N,N,N,N,N,3,N,N,N,N,N,N,N
22,047,32519/,G,176,G,6296,G,24706,3,N,N,N,N,N,N,N,N,N,N,N,N,N
22,047,325199,G,176,G,6296,G,24706,3,N,N,N,N,N,N,N,N,N,N,N,N,N
22,047,3252//,H,2582,H,102367,H,378194,5,N,N,N,N,N,N,N,N,N,N,N,N,N
22,047,32521/,H,2582,H,102367,H,378194,5,N,N,N,N,N,N,N,N,N,N,N,N,N
22,047,325211,H,2527,H,100626,H,371240,4,N,N,N,N,N,N,N,N,N,N,N,N,N
22,047,332///,G,247,G,4646,G,18767,8,3,N,3,N,N,N,N,N,N,N,N,N,N
22,047,3327//,J,18,J,310,J,1293,3,N,N,N,N,N,N,N,N,N,N,N,N,N
22,047,42----,G,280,G,4520,G,18289,32,16,4,9,N,N,N,N,N,N,N,N,N,N
22,047,423///,J,80,G,1302,G,5680,14,9,N,4,N,N,N,N,N,N,N,N,N,N
22,047,4236//,J,6,J,67,J,272,3,3,N,N,N,N,N,N,N,N,N,N,N,N
22,047,424///,G,183,G,3028,G,11848,17,7,4,4,N,N,N,N,N,N,N,N,N,N
22,047,4244//,J,10,J,103,J,427,4,3,N,N,N,N,N,N,N,N,N,N,N,N
22,047,42446/,J,5,J,34,J,151,3,3,N,N,N,N,N,N,N,N,N,N,N,N
22,047,424460,J,5,J,34,J,151,3,3,N,N,N,N,N,N,N,N,N,N,N,N
22,047,4246//,H,69,G,1630,G,5854,6,N,N,N,N,N,N,N,N,N,N,N,N,N
22,047,42469/,H,69,G,1630,G,5854,6,N,N,N,N,N,N,N,N,N,N,N,N,N
22,047,424690,H,69,G,1630,G,5854,6,N,N,N,N,N,N,N,N,N,N,N,N,N
22,047,4249//,J,91,H,1020,J,3970,4,N,N,N,N,N,N,N,N,N,N,N,N,N
22,047,42499/,G,23,H,504,H,1953,3,N,N,N,N,N,N,N,N,N,N,N,N,N
22,047,424990,G,23,H,504,H,1953,3,N,N,N,N,N,N,N,N,N,N,N,N,N
22,047,44----,G,1001,G,7248,G,29173,83,33,20,15,12,N,N,N,N,N,N,N,N,N
22,047,441///,G,78,G,647,G,2626,6,N,N,N,N,N,N,N,N,N,N,N,N,N
22,047,4413//,H,26,H,172,H,745,4,N,N,N,N,N,N,N,N,N,N,N,N,N
22,047,444///,G,128,G,1140,G,4964,9,3,N,N,4,N,N,N,N,N,N,N,N,N
22,047,4441//,H,85,G,833,G,3421,5,N,N,N,3,N,N,N,N,N,N,N,N,N
22,047,44419/,G,57,G,503,G,2122,3,N,N,N,N,N,N,N,N,N,N,N,N,N
22,047,444190,G,57,G,503,G,2122,3,N,N,N,N,N,N,N,N,N,N,N,N,N
22,047,4442//,G,43,G,307,G,1543,4,N,N,N,N,N,N,N,N,N,N,N,N,N
22,047,44422/,G,43,G,307,G,1543,4,N,N,N,N,N,N,N,N,N,N,N,N,N
22,047,444220,G,43,G,307,G,1543,4,N,N,N,N,N,N,N,N,N,N,N,N,N
22,047,445///,G,168,G,848,G,3496,16,9,N,4,N,N,N,N,N,N,N,N,N,N
22,047,4451//,H,145,H,757,G,3170,13,8,N,3,N,N,N,N,N,N,N,N,N,N
22,047,44511/,G,109,H,576,H,2422,5,N,N,N,N,N,N,N,N,N,N,N,N,N
22,047,445110,G,109,H,576,H,2422,5,N,N,N,N,N,N,N,N,N,N,N,N,N
22,047,44512/,H,36,G,181,G,748,8,6,N,N,N,N,N,N,N,N,N,N,N,N
22,047,445120,H,36,G,181,G,748,8,6,N,N,N,N,N,N,N,N,N,N,N,N
22,047,4452//,J,23,J,91,J,326,3,N,N,N,N,N,N,N,N,N,N,N,N,N
22,047,446///,G,131,G,1241,G,5098,9,N,N,3,3,N,N,N,N,N,N,N,N,N
22,047,4461//,G,131,G,1241,G,5098,9,N,N,3,3,N,N,N,N,N,N,N,N,N
22,047,44611/,G,131,G,1241,G,5096,8,N,N,3,3,N,N,N,N,N,N,N,N,N
22,047,446110,G,131,G,1241,G,5096,8,N,N,3,3,N,N,N,N,N,N,N,N,N
22,047,447///,H,163,H,980,H,3978,22,12,3,5,N,N,N,N,N,N,N,N,N,N
22,047,4471//,H,163,H,980,H,3978,22,12,3,5,N,N,N,N,N,N,N,N,N,N
22,047,44711/,H,112,G,645,G,2526,19,11,3,4,N,N,N,N,N,N,N,N,N,N
22,047,447110,H,112,G,645,G,2526,19,11,3,4,N,N,N,N,N,N,N,N,N,N
22,047,44719/,J,51,J,335,J,1452,3,N,N,N,N,N,N,N,N,N,N,N,N,N
22,047,447190,J,51,J,335,J,1452,3,N,N,N,N,N,N,N,N,N,N,N,N,N
22,047,448///,G,34,H,69,H,274,3,N,N,N,N,N,N,N,N,N,N,N,N,N
22,047,452///,J,226,J,1891,J,6991,9,N,7,N,N,N,N,N,N,N,N,N,N,N
22,047,4523//,J,226,J,1891,J,6991,9,N,7,N,N,N,N,N,N,N,N,N,N,N
22,047,45231/,J,226,J,1891,J,6991,9,N,7,N,N,N,N,N,N,N,N,N,N,N
22,047,452319,G,47,G,258,G,1206,8,N,7,N,N,N,N,N,N,N,N,N,N,N
22,047,453///,G,11,H,38,G,163,5,4,N,N,N,N,N,N,N,N,N,N,N,N
22,047,4539//,G,11,H,38,G,163,5,4,N,N,N,N,N,N,N,N,N,N,N,N
22,047,45399/,G,11,H,38,G,163,5,4,N,N,N,N,N,N,N,N,N,N,N,N
22,047,453991,G,11,H,38,G,163,5,4,N,N,N,N,N,N,N,N,N,N,N,N
22,047,48----,G,926,G,17175,G,74727,43,14,4,9,9,6,N,N,N,N,N,N,N,N
22,047,483///,H,135,H,2769,H,11877,4,N,N,N,N,N,N,N,N,N,N,N,N,N
22,047,4832//,H,135,H,2769,H,11877,4,N,N,N,N,N,N,N,N,N,N,N,N,N
22,047,48321/,H,135,H,2769,H,11877,4,N,N,N,N,N,N,N,N,N,N,N,N,N
22,047,483211,H,135,H,2769,H,11855,3,N,N,N,N,N,N,N,N,N,N,N,N,N
22,047,484///,H,434,H,7680,H,34530,17,5,N,3,5,4,N,N,N,N,N,N,N,N
22,047,4841//,H,114,H,1825,H,7970,7,4,N,N,N,N,N,N,N,N,N,N,N,N
22,047,48411/,J,5,J,29,G,224,3,3,N,N,N,N,N,N,N,N,N,N,N,N
22,047,484110,J,5,J,29,G,224,3,3,N,N,N,N,N,N,N,N,N,N,N,N
22,047,48412/,H,109,J,1796,J,7746,4,N,N,N,N,N,N,N,N,N,N,N,N,N
22,047,484121,H,109,J,1796,J,7746,4,N,N,N,N,N,N,N,N,N,N,N,N,N
22,047,4842//,H,320,H,5855,H,26560,10,N,N,3,3,3,N,N,N,N,N,N,N,N
22,047,48422/,H,77,H,1225,H,7545,3,N,N,N,N,N,N,N,N,N,N,N,N,N
22,047,484220,H,77,H,1225,H,7545,3,N,N,N,N,N,N,N,N,N,N,N,N,N
22,047,48423/,J,243,H,4630,H,19015,7,N,N,N,3,N,N,N,N,N,N,N,N,N
22,047,484230,J,243,H,4630,H,19015,7,N,N,N,3,N,N,N,N,N,N,N,N,N
22,047,486///,H,73,G,2450,G,8590,8,4,N,3,N,N,N,N,N,N,N,N,N,N
22,047,4862//,H,27,H,1009,H,3450,4,N,N,N,N,N,N,N,N,N,N,N,N,N
22,047,48621/,H,27,H,1009,H,3450,4,N,N,N,N,N,N,N,N,N,N,N,N,N
22,047,486210,H,27,H,1009,H,3450,4,N,N,N,N,N,N,N,N,N,N,N,N,N
22,047,4869//,J,42,J,1221,J,4510,3,N,N,N,N,N,N,N,N,N,N,N,N,N
22,047,488///,J,87,J,1193,G,7533,7,N,4,N,N,N,N,N,N,N,N,N,N,N
22,047,4882//,J,36,H,497,H,4296,3,N,N,N,N,N,N,N,N,N,N,N,N,N
22,047,48821/,J,36,H,497,H,4296,3,N,N,N,N,N,N,N,N,N,N,N,N,N
22,047,488210,J,36,H,497,H,4296,3,N,N,N,N,N,N,N,N,N,N,N,N,N
22,047,493///,G,193,G,2981,G,11712,5,N,N,N,N,N,N,N,N,N,N,N,N,N
22,047,4931//,G,193,G,2981,G,11712,5,N,N,N,N,N,N,N,N,N,N,N,N,N
22,047,49319/,H,98,G,1858,G,7554,3,N,N,N,N,N,N,N,N,N,N,N,N,N
22,047,493190,H,98,G,1858,G,7554,3,N,N,N,N,N,N,N,N,N,N,N,N,N
22,047,51----,H,38,H,640,J,2853,6,5,N,N,N,N,N,N,N,N,N,N,N,N
22,047,517///,J,37,J,630,J,2812,5,4,N,N,N,N,N,N,N,N,N,N,N,N
22,047,5173//,J,37,J,630,J,2812,5,4,N,N,N,N,N,N,N,N,N,N,N,N
22,047,51731/,J,37,J,630,J,2812,5,4,N,N,N,N,N,N,N,N,N,N,N,N
22,047,517311,J,35,J,599,J,2704,3,N,N,N,N,N,N,N,N,N,N,N,N,N
22,047,52----,G,274,H,4095,G,16832,35,24,5,3,N,N,N,N,N,N,N,N,N,N
22,047,522///,G,252,H,3438,H,14222,27,17,4,3,N,N,N,N,N,N,N,N,N,N
22,047,5221//,G,221,H,3104,H,12990,15,5,4,3,N,N,N,N,N,N,N,N,N,N
22,047,52211/,G,114,G,1554,G,6600,10,4,N,N,N,N,N,N,N,N,N,N,N,N
22,047,522110,G,114,G,1554,G,6600,10,4,N,N,N,N,N,N,N,N,N,N,N,N
22,047,52213/,H,95,J,1340,J,5451,4,N,N,N,N,N,N,N,N,N,N,N,N,N
22,047,522130,H,95,J,1340,J,5451,4,N,N,N,N,N,N,N,N,N,N,N,N,N
22,047,5222//,J,16,H,221,H,733,6,6,N,N,N,N,N,N,N,N,N,N,N,N
22,047,52229/,J,16,H,221,H,733,6,6,N,N,N,N,N,N,N,N,N,N,N,N
22,047,522291,J,16,H,221,H,733,6,6,N,N,N,N,N,N,N,N,N,N,N,N
22,047,5223//,G,15,G,113,G,499,6,6,N,N,N,N,N,N,N,N,N,N,N,N
22,047,52239/,J,11,H,92,H,424,5,5,N,N,N,N,N,N,N,N,N,N,N,N
22,047,522390,J,11,H,92,H,424,5,5,N,N,N,N,N,N,N,N,N,N,N,N
22,047,524///,J,18,G,498,G,1154,6,5,N,N,N,N,N,N,N,N,N,N,N,N
22,047,5242//,J,18,G,498,G,1154,6,5,N,N,N,N,N,N,N,N,N,N,N,N
22,047,52421/,J,18,G,498,G,1154,6,5,N,N,N,N,N,N,N,N,N,N,N,N
22,047,524210,J,18,G,498,G,1154,6,5,N,N,N,N,N,N,N,N,N,N,N,N
22,047,53----,J,157,H,2930,H,11104,25,16,4,N,3,N,N,N,N,N,N,N,N,N
22,047,531///,G,51,H,493,H,2154,16,13,N,N,N,N,N,N,N,N,N,N,N,N
22,047,5311//,G,48,H,453,H,2017,14,11,N,N,N,N,N,N,N,N,N,N,N,N
22,047,53111/,J,9,J,49,J,245,8,8,N,N,N,N,N,N,N,N,N,N,N,N
22,047,531110,J,9,J,49,J,245,8,8,N,N,N,N,N,N,N,N,N,N,N,N
22,047,53119/,J,37,H,396,H,1744,5,N,N,N,N,N,N,N,N,N,N,N,N,N
22,047,531190,J,37,H,396,H,1744,5,N,N,N,N,N,N,N,N,N,N,N,N,N
22,047,532///,J,106,J,2437,J,8950,9,3,3,N,3,N,N,N,N,N,N,N,N,N
22,047,5324//,J,93,J,2238,J,8440,7,3,N,N,3,N,N,N,N,N,N,N,N,N
22,047,53241/,J,31,H,617,H,2561,3,N,N,N,N,N,N,N,N,N,N,N,N,N
22,047,53249/,J,62,J,1621,J,5879,4,N,N,N,N,N,N,N,N,N,N,N,N,N
22,047,532490,J,62,J,1621,J,5879,4,N,N,N,N,N,N,N,N,N,N,N,N,N
22,047,54----,G,214,G,3844,H,19860,47,36,7,N,N,N,N,N,N,N,N,N,N,N
22,047,541///,G,214,G,3844,H,19860,47,36,7,N,N,N,N,N,N,N,N,N,N,N
22,047,5411//,J,38,G,578,G,2804,16,15,N,N,N,N,N,N,N,N,N,N,N,N
22,047,54111/,J,37,G,573,G,2793,15,14,N,N,N,N,N,N,N,N,N,N,N,N
22,047,541110,J,37,G,573,G,2793,15,14,N,N,N,N,N,N,N,N,N,N,N,N
22,047,5412//,G,22,G,213,G,859,6,4,N,N,N,N,N,N,N,N,N,N,N,N
22,047,54121/,G,22,G,213,G,859,6,4,N,N,N,N,N,N,N,N,N,N,N,N
22,047,541213,G,7,H,41,G,68,3,3,N,N,N,N,N,N,N,N,N,N,N,N
22,047,5413//,G,71,G,1355,G,6534,18,15,N,N,N,N,N,N,N,N,N,N,N,N
22,047,54133/,H,45,J,805,J,4095,17,15,N,N,N,N,N,N,N,N,N,N,N,N
22,047,541330,H,45,J,805,J,4095,17,15,N,N,N,N,N,N,N,N,N,N,N,N
22,047,5419//,J,19,G,186,G,852,3,N,3,N,N,N,N,N,N,N,N,N,N,N
22,047,54194/,J,19,G,186,G,852,3,N,3,N,N,N,N,N,N,N,N,N,N,N
22,047,541940,J,19,G,186,G,852,3,N,3,N,N,N,N,N,N,N,N,N,N,N
22,047,55----,G,4,H,46,H,239,3,3,N,N,N,N,N,N,N,N,N,N,N,N
22,047,551///,G,4,H,46,H,239,3,3,N,N,N,N,N,N,N,N,N,N,N,N
22,047,5511//,G,4,H,46,H,239,3,3,N,N,N,N,N,N,N,N,N,N,N,N
22,047,55111/,G,4,H,46,H,239,3,3,N,N,N,N,N,N,N,N,N,N,N,N
22,047,56----,G,827,H,16313,H,66012,34,12,5,3,11,N,N,N,N,N,N,N,N,N
22,047,561///,G,642,H,13273,H,51380,23,10,4,N,5,N,N,N,N,N,N,N,N,N
22,047,5611//,G,44,H,801,H,3137,4,N,N,N,N,N,N,N,N,N,N,N,N,N
22,047,56111/,G,44,H,801,H,3137,4,N,N,N,N,N,N,N,N,N,N,N,N,N
22,047,561110,G,44,H,801,H,3137,4,N,N,N,N,N,N,N,N,N,N,N,N,N
22,047,5613//,J,302,J,6980,J,28659,4,N,N,N,N,N,N,N,N,N,N,N,N,N
22,047,5617//,H,127,G,1533,G,6815,12,6,3,N,3,N,N,N,N,N,N,N,N,N
22,047,56172/,J,76,J,747,J,3519,6,3,N,N,N,N,N,N,N,N,N,N,N,N
22,047,561720,J,76,J,747,J,3519,6,3,N,N,N,N,N,N,N,N,N,N,N,N
22,047,56173/,H,51,J,786,H,3296,6,3,N,N,N,N,N,N,N,N,N,N,N,N
22,047,561730,H,51,J,786,H,3296,6,3,N,N,N,N,N,N,N,N,N,N,N,N
22,047,562///,G,185,H,3040,H,14632,11,N,N,N,6,N,N,N,N,N,N,N,N,N
22,047,5629//,G,114,G,1706,G,7088,8,N,N,N,4,N,N,N,N,N,N,N,N,N
22,047,56291/,J,26,J,343,J,1325,3,N,N,N,N,N,N,N,N,N,N,N,N,N
22,047,562910,J,26,J,343,J,1325,3,N,N,N,N,N,N,N,N,N,N,N,N,N
22,047,56299/,H,88,H,1363,H,5763,5,N,N,N,3,N,N,N,N,N,N,N,N,N
22,047,562998,H,85,H,1352,H,5713,4,N,N,N,3,N,N,N,N,N,N,N,N,N
22,047,62----,G,657,G,6447,G,27252,49,17,17,10,N,4,N,N,N,N,N,N,N,N
22,047,621///,G,322,G,3979,G,16928,33,14,11,6,N,N,N,N,N,N,N,N,N,N
22,047,6211//,G,101,H,1741,H,7162,9,3,3,N,N,N,N,N,N,N,N,N,N,N
22,047,62111/,G,101,H,1741,H,7162,9,3,3,N,N,N,N,N,N,N,N,N,N,N
22,047,621111,G,101,H,1741,H,7162,9,3,3,N,N,N,N,N,N,N,N,N,N,N
22,047,6212//,J,25,G,328,G,1379,6,3,N,N,N,N,N,N,N,N,N,N,N,N
22,047,62121/,J,25,G,328,G,1379,6,3,N,N,N,N,N,N,N,N,N,N,N,N
22,047,621210,J,25,G,328,G,1379,6,3,N,N,N,N,N,N,N,N,N,N,N,N
22,047,6213//,G,26,G,341,G,1299,5,N,3,N,N,N,N,N,N,N,N,N,N,N
22,047,6214//,G,56,H,886,H,4118,8,4,N,N,N,N,N,N,N,N,N,N,N,N
22,047,62149/,G,56,H,886,H,4118,8,4,N,N,N,N,N,N,N,N,N,N,N,N
22,047,621498,J,39,J,748,J,3381,6,3,N,N,N,N,N,N,N,N,N,N,N,N
22,047,6216//,J,109,H,637,J,2796,4,N,N,N,N,N,N,N,N,N,N,N,N,N
22,047,62161/,J,109,H,637,J,2796,4,N,N,N,N,N,N,N,N,N,N,N,N,N
22,047,621610,J,109,H,637,J,2796,4,N,N,N,N,N,N,N,N,N,N,N,N,N
22,047,623///,G,213,G,1955,G,8075,5,N,N,N,N,N,N,N,N,N,N,N,N,N
22,047,624///,H,122,H,513,H,2249,11,3,4,3,N,N,N,N,N,N,N,N,N,N
22,047,6241//,G,23,G,92,G,441,3,N,N,N,N,N,N,N,N,N,N,N,N,N
22,047,6244//,G,50,G,228,G,882,7,N,3,N,N,N,N,N,N,N,N,N,N,N
22,047,62441/,G,50,G,228,G,882,7,N,3,N,N,N,N,N,N,N,N,N,N,N
22,047,624410,G,50,G,228,G,882,7,N,3,N,N,N,N,N,N,N,N,N,N,N
22,047,71----,J,42,H,238,H,1123,6,4,N,N,N,N,N,N,N,N,N,N,N,N
22,047,713///,J,42,H,238,H,1111,5,3,N,N,N,N,N,N,N,N,N,N,N,N
22,047,7139//,J,21,G,58,G,311,3,N,N,N,N,N,N,N,N,N,N,N,N,N
22,047,72----,G,495,G,2213,G,9021,42,11,11,13,6,N,N,N,N,N,N,N,N,N
22,047,721///,J,18,J,93,J,408,4,N,N,N,N,N,N,N,N,N,N,N,N,N
22,047,7211//,J,16,J,88,J,379,3,N,N,N,N,N,N,N,N,N,N,N,N,N
22,047,72111/,J,16,J,88,J,379,3,N,N,N,N,N,N,N,N,N,N,N,N,N
22,047,721110,J,16,J,88,J,379,3,N,N,N,N,N,N,N,N,N,N,N,N,N
22,047,722///,G,477,G,2120,G,8613,38,9,10,12,6,N,N,N,N,N,N,N,N,N
22,047,7223//,J,55,J,270,J,1258,4,N,N,N,N,N,N,N,N,N,N,N,N,N
22,047,7224//,H,24,G,86,H,334,4,N,N,N,N,N,N,N,N,N,N,N,N,N
22,047,72241/,H,24,G,86,H,334,4,N,N,N,N,N,N,N,N,N,N,N,N,N
22,047,722410,H,24,G,86,H,334,4,N,N,N,N,N,N,N,N,N,N,N,N,N
22,047,7225//,G,398,G,1764,G,7021,30,7,8,9,5,N,N,N,N,N,N,N,N,N
22,047,72251/,G,398,G,1764,G,7021,30,7,8,9,5,N,N,N,N,N,N,N,N,N
22,047,722511,G,169,G,796,G,3226,12,N,3,4,3,N,N,N,N,N,N,N,N,N
22,047,722513,H,226,G,960,G,3765,17,4,5,5,N,N,N,N,N,N,N,N,N,N
22,047,81----,H,477,G,7694,G,26316,50,36,6,5,N,N,N,N,N,N,N,N,N,N
22,047,811///,G,416,G,7298,G,24489,23,12,3,5,N,N,N,N,N,N,N,N,N,N
22,047,8111//,J,38,J,510,J,2134,11,8,N,N,N,N,N,N,N,N,N,N,N,N
22,047,81111/,G,8,H,116,H,438,4,4,N,N,N,N,N,N,N,N,N,N,N,N
22,047,811111,G,8,H,116,H,438,4,4,N,N,N,N,N,N,N,N,N,N,N,N
22,047,81112/,H,27,J,371,J,1551,4,N,N,N,N,N,N,N,N,N,N,N,N,N
22,047,81119/,J,3,J,23,J,145,3,3,N,N,N,N,N,N,N,N,N,N,N,N
22,047,8113//,G,370,G,6673,G,21864,9,N,N,4,N,N,N,N,N,N,N,N,N,N
22,047,81131/,G,370,G,6673,G,21864,9,N,N,4,N,N,N,N,N,N,N,N,N,N
22,047,811310,G,370,G,6673,G,21864,9,N,N,4,N,N,N,N,N,N,N,N,N,N
22,047,812///,G,22,G,113,G,475,7,6,N,N,N,N,N,N,N,N,N,N,N,N
22,047,8121//,J,18,G,83,G,352,5,4,N,N,N,N,N,N,N,N,N,N,N,N
22,047,81211/,J,16,G,69,G,283,4,3,N,N,N,N,N,N,N,N,N,N,N,N
22,047,813///,J,39,H,283,G,1352,20,18,N,N,N,N,N,N,N,N,N,N,N,N
22,047,8131//,J,32,H,172,G,899,14,12,N,N,N,N,N,N,N,N,N,N,N,N
22,047,81311/,J,32,H,172,G,899,14,12,N,N,N,N,N,N,N,N,N,N,N,N
22,047,813110,J,32,H,172,G,899,14,12,N,N,N,N,N,N,N,N,N,N,N,N
22,063,------,G,24542,G,247568,G,1036690,2104,1136,402,279,197,61,21,7,N,N,N,N,N,N
22,063,11----,J,158,J,2677,J,9785,6,3,N,N,N,N,N,N,N,N,N,N,N,N
22,063,113///,J,156,J,2668,J,9755,4,N,N,N,N,N,N,N,N,N,N,N,N,N
22,063,1133//,H,23,H,299,H,1297,3,N,N,N,N,N,N,N,N,N,N,N,N,N
22,063,11331/,H,23,H,299,H,1297,3,N,N,N,N,N,N,N,N,N,N,N,N,N
22,063,113310,H,23,H,299,H,1297,3,N,N,N,N,N,N,N,N,N,N,N,N,N
22,063,21----,H,44,G,820,G,3390,9,6,N,N,N,N,N,N,N,N,N,N,N,N
22,063,211///,G,5,H,217,H,759,3,3,N,N,N,N,N,N,N,N,N,N,N,N
22,063,2111//,G,5,H,217,H,759,3,3,N,N,N,N,N,N,N,N,N,N,N,N
22,063,212///,H,36,G,549,G,2407,4,N,N,N,N,N,N,N,N,N,N,N,N,N
22,063,2123//,H,36,G,549,G,2407,4,N,N,N,N,N,N,N,N,N,N,N,N,N
22,063,21232/,H,36,G,549,G,2407,4,N,N,N,N,N,N,N,N,N,N,N,N,N
22,063,212321,H,36,G,549,G,2407,4,N,N,N,N,N,N,N,N,N,N,N,N,N
22,063,22----,J,96,H,1692,H,6919,10,4,3,N,N,N,N,N,N,N,N,N,N,N
22,063,221///,J,96,H,1692,H,6919,10,4,3,N,N,N,N,N,N,N,N,N,N,N
22,063,2211//,J,48,J,1129,J,4733,5,3,N,N,N,N,N,N,N,N,N,N,N,N
22,063,22112/,J,48,J,1129,J,4733,5,3,N,N,N,N,N,N,N,N,N,N,N,N
22,063,221122,J,48,J,1129,J,4733,5,3,N,N,N,N,N,N,N,N,N,N,N,N
22,063,2213//,H,44,H,514,H,1989,4,N,3,N,N,N,N,N,N,N,N,N,N,N
22,063,23----,G,3062,H,50297,H,227829,347,240,52,31,18,N,3,N,N,N,N,N,N,N
22,063,236///,G,630,H,11760,H,49346,76,55,9,5,4,N,N,N,N,N,N,N,N,N
22,063,2361//,G,293,H,6595,H,27138,50,42,4,N,N,N,N,N,N,N,N,N,N,N
22,063,23611/,G,293,H,6595,H,27138,50,42,4,N,N,N,N,N,N,N,N,N,N,N
22,063,236115,J,11,G,83,G,348,9,9,N,N,N,N,N,N,N,N,N,N,N,N
22,063,236117,G,186,H,5613,H,23321,8,6,N,N,N,N,N,N,N,N,N,N,N,N
22,063,236118,G,96,G,899,G,3469,33,27,4,N,N,N,N,N,N,N,N,N,N,N
22,063,2362//,H,337,H,5165,H,22208,26,13,5,4,N,N,N,N,N,N,N,N,N,N
22,063,23621/,H,124,H,2275,H,9785,5,N,N,N,N,N,N,N,N,N,N,N,N,N
22,063,236210,H,124,H,2275,H,9785,5,N,N,N,N,N,N,N,N,N,N,N,N,N
22,063,23622/,G,213,H,2890,H,12423,21,11,4,3,N,N,N,N,N,N,N,N,N,N
22,063,236220,G,213,H,2890,H,12423,21,11,4,3,N,N,N,N,N,N,N,N,N,N
22,063,237///,H,268,H,4978,H,20182,18,11,4,N,N,N,N,N,N,N,N,N,N,N
22,063,2371//,H,192,J,3917,J,15260,10,8,N,N,N,N,N,N,N,N,N,N,N,N
22,063,23711/,J,7,H,48,G,341,5,5,N,N,N,N,N,N,N,N,N,N,N,N
22,063,237110,J,7,H,48,G,341,5,5,N,N,N,N,N,N,N,N,N,N,N,N
22,063,23712/,J,183,J,3841,J,14807,4,N,N,N,N,N,N,N,N,N,N,N,N,N
22,063,237120,J,183,J,3841,J,14807,4,N,N,N,N,N,N,N,N,N,N,N,N,N
22,063,2373//,H,58,H,822,H,3936,4,N,N,N,N,N,N,N,N,N,N,N,N,N
22,063,23731/,H,58,H,822,H,3936,4,N,N,N,N,N,N,N,N,N,N,N,N,N
22,063,237310,H,58,H,822,H,3936,4,N,N,N,N,N,N,N,N,N,N,N,N,N
22,063,2379//,J,18,J,239,J,986,4,N,3,N,N,N,N,N,N,N,N,N,N,N
22,063,23799/,J,18,J,239,J,986,4,N,3,N,N,N,N,N,N,N,N,N,N,N
22,063,237990,J,18,J,239,J,986,4,N,3,N,N,N,N,N,N,N,N,N,N,N
22,063,238///,G,2164,H,33559,H,158301,253,174,39,25,13,N,N,N,N,N,N,N,N,N
22,063,2381//,G,136,H,1610,H,7376,31,24,4,N,N,N,N,N,N,N,N,N,N,N
22,063,23811/,H,72,H,877,H,4038,5,3,N,N,N,N,N,N,N,N,N,N,N,N
22,063,238110,H,72,H,877,H,4038,5,3,N,N,N,N,N,N,N,N,N,N,N,N
22,063,23814/,G,16,H,195,G,926,5,4,N,N,N,N,N,N,N,N,N,N,N,N
22,063,238140,G,16,H,195,G,926,5,4,N,N,N,N,N,N,N,N,N,N,N,N
22,063,23816/,J,30,G,356,G,1658,9,6,3,N,N,N,N,N,N,N,N,N,N,N
22,063,238160,J,30,G,356,G,1658,9,6,3,N,N,N,N,N,N,N,N,N,N,N
22,063,23817/,J,10,G,118,G,426,4,3,N,N,N,N,N,N,N,N,N,N,N,N
22,063,238170,J,10,G,118,G,426,4,3,N,N,N,N,N,N,N,N,N,N,N,N
22,063,23819/,G,3,J,19,G,118,4,4,N,N,N,N,N,N,N,N,N,N,N,N
22,063,238190,G,3,J,19,G,118,4,4,N,N,N,N,N,N,N,N,N,N,N,N
22,063,2382//,G,768,G,9555,G,41029,122,75,25,13,8,N,N,N,N,N,N,N,N,N
22,063,23821/,G,266,G,3330,G,14477,50,30,13,4,3,N,N,N,N,N,N,N,N,N
22,063,238210,G,266,G,3330,G,14477,50,30,13,4,3,N,N,N,N,N,N,N,N,N
22,063,23822/,G,468,G,5715,G,24731,69,43,12,9,4,N,N,N,N,N,N,N,N,N
22,063,238220,G,468,G,5715,G,24731,69,43,12,9,4,N,N,N,N,N,N,N,N,N
22,063,23829/,H,34,H,510,H,1821,3,N,N,N,N,N,N,N,N,N,N,N,N,N
22,063,238290,H,34,H,510,H,1821,3,N,N,N,N,N,N,N,N,N,N,N,N,N
22,063,2383//,H,159,G,1661,G,7060,42,34,4,N,N,N,N,N,N,N,N,N,N,N
22,063,23831/,H,43,H,462,H,2094,9,7,N,N,N,N,N,N,N,N,N,N,N,N
22,063,238310,H,43,H,462,H,2094,9,7,N,N,N,N,N,N,N,N,N,N,N,N
22,063,23832/,G,64,G,653,G,2708,13,10,N,N,N,N,N,N,N,N,N,N,N,N
22,063,238320,G,64,G,653,G,2708,13,10,N,N,N,N,N,N,N,N,N,N,N,N
22,063,23833/,J,14,G,141,G,547,9,9,N,N,N,N,N,N,N,N,N,N,N,N
22,063,238330,J,14,G,141,G,547,9,9,N,N,N,N,N,N,N,N,N,N,N,N
22,063,23835/,J,38,G,405,G,1711,11,8,N,N,N,N,N,N,N,N,N,N,N,N
22,063,238350,J,38,G,405,G,1711,11,8,N,N,N,N,N,N,N,N,N,N,N,N
22,063,2389//,H,1101,H,20733,H,102836,58,41,6,9,N,N,N,N,N,N,N,N,N,N
22,063,23891/,G,91,G,945,G,4474,15,9,N,3,N,N,N,N,N,N,N,N,N,N
22,063,238910,G,91,G,945,G,4474,15,9,N,3,N,N,N,N,N,N,N,N,N,N
22,063,23899/,H,1010,H,19788,H,98362,43,32,4,6,N,N,N,N,N,N,N,N,N,N
22,063,238990,H,1010,H,19788,H,98362,43,32,4,6,N,N,N,N,N,N,N,N,N,N
22,063,31----,H,1762,H,24828,H,111675,62,25,9,10,10,5,N,N,N,N,N,N,N,N
22,063,311///,H,86,H,1125,H,4212,5,N,N,N,N,N,N,N,N,N,N,N,N,N
22,063,323///,J,12,H,78,H,274,5,4,N,N,N,N,N,N,N,N,N,N,N,N
22,063,3231//,J,12,H,78,H,274,5,4,N,N,N,N,N,N,N,N,N,N,N,N
22,063,32311/,J,12,H,78,H,274,5,4,N,N,N,N,N,N,N,N,N,N,N,N
22,063,323111,G,5,G,30,H,141,3,3,N,N,N,N,N,N,N,N,N,N,N,N
22,063,325///,H,83,J,1099,H,5285,3,N,N,N,N,N,N,N,N,N,N,N,N,N
22,063,327///,G,165,G,1981,G,8703,8,N,N,N,N,N,N,N,N,N,N,N,N,N
22,063,3273//,H,151,G,1937,G,8529,6,N,N,N,N,N,N,N,N,N,N,N,N,N
22,063,32739/,G,108,G,1373,G,6034,3,N,N,N,N,N,N,N,N,N,N,N,N,N
22,063,327390,G,108,G,1373,G,6034,3,N,N,N,N,N,N,N,N,N,N,N,N,N
22,063,332///,J,728,J,11267,J,44124,15,6,N,3,N,N,N,N,N,N,N,N,N,N
22,063,3323//,J,228,H,2413,H,10527,5,N,N,N,N,N,N,N,N,N,N,N,N,N
22,063,33232/,H,181,H,1829,H,8149,3,N,N,N,N,N,N,N,N,N,N,N,N,N
22,063,3327//,G,29,H,484,H,2473,6,4,N,N,N,N,N,N,N,N,N,N,N,N
22,063,33271/,J,20,H,388,H,1723,5,4,N,N,N,N,N,N,N,N,N,N,N,N
22,063,332710,J,20,H,388,H,1723,5,4,N,N,N,N,N,N,N,N,N,N,N,N
22,063,3329//,J,471,J,8370,J,31124,4,N,N,N,N,N,N,N,N,N,N,N,N,N
22,063,33299/,J,460,J,8221,J,30373,3,N,N,N,N,N,N,N,N,N,N,N,N,N
22,063,333///,H,32,G,494,G,2210,4,N,N,N,N,N,N,N,N,N,N,N,N,N
22,063,336///,J,412,J,5312,H,31792,6,N,N,N,N,N,N,N,N,N,N,N,N,N
22,063,337///,G,92,G,942,G,4045,9,5,N,N,N,N,N,N,N,N,N,N,N,N
22,063,3371//,H,67,H,637,H,2682,8,5,N,N,N,N,N,N,N,N,N,N,N,N
22,063,33711/,H,67,H,637,H,2682,8,5,N,N,N,N,N,N,N,N,N,N,N,N
22,063,337110,H,67,H,637,H,2682,8,5,N,N,N,N,N,N,N,N,N,N,N,N
22,063,339///,J,20,J,197,J,764,3,N,N,N,N,N,N,N,N,N,N,N,N,N
22,063,42----,H,1103,H,17522,G,70933,58,33,8,6,8,N,N,N,N,N,N,N,N,N
22,063,423///,G,370,G,6495,G,28590,39,20,7,5,7,N,N,N,N,N,N,N,N,N
22,063,4234//,J,4,J,52,G,571,3,3,N,N,N,N,N,N,N,N,N,N,N,N
22,063,4235//,J,60,J,1230,J,6674,6,3,N,N,N,N,N,N,N,N,N,N,N,N
22,063,42351/,J,60,J,1230,J,6674,6,3,N,N,N,N,N,N,N,N,N,N,N,N
22,063,423510,J,60,J,1230,J,6674,6,3,N,N,N,N,N,N,N,N,N,N,N,N
22,063,4236//,G,12,G,128,H,452,3,N,N,N,N,N,N,N,N,N,N,N,N,N
22,063,4237//,J,39,J,767,J,3588,5,3,N,N,N,N,N,N,N,N,N,N,N,N
22,063,4238//,H,121,H,2171,H,8138,11,5,N,N,3,N,N,N,N,N,N,N,N,N
22,063,42383/,H,89,G,1557,G,4953,7,3,N,N,N,N,N,N,N,N,N,N,N,N
22,063,423830,H,89,G,1557,G,4953,7,3,N,N,N,N,N,N,N,N,N,N,N,N
22,063,4239//,J,116,H,2020,H,8737,7,N,N,N,3,N,N,N,N,N,N,N,N,N
22,063,42393/,H,49,G,675,G,2702,3,N,N,N,N,N,N,N,N,N,N,N,N,N
22,063,423930,H,49,G,675,G,2702,3,N,N,N,N,N,N,N,N,N,N,N,N,N
22,063,424///,H,667,H,10092,H,38631,13,9,N,N,N,N,N,N,N,N,N,N,N,N
22,063,4244//,H,444,H,7358,H,28697,7,5,N,N,N,N,N,N,N,N,N,N,N,N
22,063,42449/,J,155,J,2317,J,9917,5,4,N,N,N,N,N,N,N,N,N,N,N,N
22,063,424490,J,155,J,2317,J,9917,5,4,N,N,N,N,N,N,N,N,N,N,N,N
22,063,4249//,J,11,J,90,J,418,3,N,N,N,N,N,N,N,N,N,N,N,N,N
22,063,425///,G,66,G,935,H,3712,6,4,N,N,N,N,N,N,N,N,N,N,N,N
22,063,4251//,G,66,G,935,H,3712,6,4,N,N,N,N,N,N,N,N,N,N,N,N
22,063,42512/,G,66,G,935,H,3712,6,4,N,N,N,N,N,N,N,N,N,N,N,N
22,063,425120,G,66,G,935,H,3712,6,4,N,N,N,N,N,N,N,N,N,N,N,N
22,063,44----,G,5291,H,43553,G,159179,343,133,102,53,32,15,5,3,N,N,N,N,N,N
22,063,441///,G,489,H,5980,H,23319,32,6,10,11,N,3,N,N,N,N,N,N,N,N
22,063,4411//,J,200,J,2952,J,12552,7,N,N,N,N,N,N,N,N,N,N,N,N,N
22,063,44111/,J,191,J,2897,J,12332,4,N,N,N,N,N,N,N,N,N,N,N,N,N
22,063,441110,J,191,J,2897,J,12332,4,N,N,N,N,N,N,N,N,N,N,N,N,N
22,063,44112/,J,9,H,55,H,220,3,N,N,N,N,N,N,N,N,N,N,N,N,N
22,063,441120,J,9,H,55,H,220,3,N,N,N,N,N,N,N,N,N,N,N,N,N
22,063,4412//,G,48,G,550,G,1813,6,N,N,3,N,N,N,N,N,N,N,N,N,N
22,063,44122/,H,36,H,242,H,1027,5,N,N,N,N,N,N,N,N,N,N,N,N,N
22,063,441222,H,20,J,152,J,625,3,N,N,N,N,N,N,N,N,N,N,N,N,N
22,063,4413//,H,241,H,2478,G,8954,19,N,8,8,N,N,N,N,N,N,N,N,N,N
22,063,44131/,H,201,H,2119,H,7250,13,N,4,7,N,N,N,N,N,N,N,N,N,N
22,063,441310,H,201,H,2119,H,7250,13,N,4,7,N,N,N,N,N,N,N,N,N,N
22,063,44132/,J,40,J,359,J,1704,6,N,4,N,N,N,N,N,N,N,N,N,N,N
22,063,441320,J,40,J,359,J,1704,6,N,4,N,N,N,N,N,N,N,N,N,N,N
22,063,442///,G,60,G,819,G,2436,11,6,3,N,N,N,N,N,N,N,N,N,N,N
22,063,4421//,H,35,H,404,H,1463,7,6,N,N,N,N,N,N,N,N,N,N,N,N
22,063,44211/,H,35,H,404,H,1463,7,6,N,N,N,N,N,N,N,N,N,N,N,N
22,063,442110,H,35,H,404,H,1463,7,6,N,N,N,N,N,N,N,N,N,N,N,N
22,063,4422//,J,25,G,415,G,973,4,N,3,N,N,N,N,N,N,N,N,N,N,N
22,063,44229/,J,17,J,141,J,481,3,N,N,N,N,N,N,N,N,N,N,N,N,N
22,063,443///,J,11,J,64,J,252,4,3,N,N,N,N,N,N,N,N,N,N,N,N
22,063,4431//,J,11,J,64,J,252,4,3,N,N,N,N,N,N,N,N,N,N,N,N
22,063,44314/,J,11,J,64,J,252,4,3,N,N,N,N,N,N,N,N,N,N,N,N
22,063,443142,J,11,J,64,J,252,4,3,N,N,N,N,N,N,N,N,N,N,N,N
22,063,444///,H,496,H,4638,H,17863,30,14,8,3,3,N,N,N,N,N,N,N,N,N
22,063,4441//,H,392,H,4009,H,15117,21,10,6,N,N,N,N,N,N,N,N,N,N,N
22,063,44412/,J,20,J,336,H,1060,3,N,N,N,N,N,N,N,N,N,N,N,N,N
22,063,444120,J,20,J,336,H,1060,3,N,N,N,N,N,N,N,N,N,N,N,N,N
22,063,44413/,J,19,G,172,G,753,4,N,N,N,N,N,N,N,N,N,N,N,N,N
22,063,444130,J,19,G,172,G,753,4,N,N,N,N,N,N,N,N,N,N,N,N,N
22,063,44419/,G,81,G,1338,G,5188,12,6,4,N,N,N,N,N,N,N,N,N,N,N
22,063,444190,G,81,G,1338,G,5188,12,6,4,N,N,N,N,N,N,N,N,N,N,N
22,063,4442//,G,104,G,629,G,2746,9,4,N,N,N,N,N,N,N,N,N,N,N,N
22,063,44421/,J,15,H,125,H,547,5,4,N,N,N,N,N,N,N,N,N,N,N,N
22,063,444210,J,15,H,125,H,547,5,4,N,N,N,N,N,N,N,N,N,N,N,N
22,063,44422/,G,89,H,504,H,2199,4,N,N,N,N,N,N,N,N,N,N,N,N,N
22,063,444220,G,89,H,504,H,2199,4,N,N,N,N,N,N,N,N,N,N,N,N,N
22,063,445///,G,1102,G,6182,G,24433,33,14,3,N,6,7,3,N,N,N,N,N,N,N
22,063,4451//,G,1082,G,6122,G,24203,26,10,N,N,6,7,3,N,N,N,N,N,N,N
22,063,44511/,G,1033,G,5922,G,23421,16,N,N,N,5,7,3,N,N,N,N,N,N,N
22,063,445110,G,1033,G,5922,G,23421,16,N,N,N,5,7,3,N,N,N,N,N,N,N
22,063,44512/,H,49,G,200,G,782,10,9,N,N,N,N,N,N,N,N,N,N,N,N
22,063,445120,H,49,G,200,G,782,10,9,N,N,N,N,N,N,N,N,N,N,N,N
22,063,4452//,J,20,J,60,H,230,7,4,3,N,N,N,N,N,N,N,N,N,N,N
22,063,44521/,J,6,J,18,J,43,3,N,N,N,N,N,N,N,N,N,N,N,N,N
22,063,445210,J,6,J,18,J,43,3,N,N,N,N,N,N,N,N,N,N,N,N,N
22,063,446///,G,494,G,4275,G,17789,31,8,5,6,12,N,N,N,N,N,N,N,N,N
22,063,4461//,G,494,G,4275,G,17789,31,8,5,6,12,N,N,N,N,N,N,N,N,N
22,063,44611/,G,380,G,3475,G,14953,21,4,N,5,10,N,N,N,N,N,N,N,N,N
22,063,446110,G,380,G,3475,G,14953,21,4,N,5,10,N,N,N,N,N,N,N,N,N
22,063,44612/,G,74,H,347,G,1361,3,N,N,N,N,N,N,N,N,N,N,N,N,N
22,063,446120,G,74,H,347,G,1361,3,N,N,N,N,N,N,N,N,N,N,N,N,N
22,063,44619/,J,29,H,335,J,1037,5,N,N,N,N,N,N,N,N,N,N,N,N,N
22,063,446199,H,20,H,311,J,916,3,N,N,N,N,N,N,N,N,N,N,N,N,N
22,063,447///,G,428,G,2996,G,11574,71,35,20,15,N,N,N,N,N,N,N,N,N,N
22,063,4471//,G,428,G,2996,G,11574,71,35,20,15,N,N,N,N,N,N,N,N,N,N
22,063,44711/,G,394,G,2390,G,10134,68,34,19,15,N,N,N,N,N,N,N,N,N,N
22,063,447110,G,394,G,2390,G,10134,68,34,19,15,N,N,N,N,N,N,N,N,N,N
22,063,44719/,J,34,J,606,H,1440,3,N,N,N,N,N,N,N,N,N,N,N,N,N
22,063,447190,J,34,J,606,H,1440,3,N,N,N,N,N,N,N,N,N,N,N,N,N
22,063,448///,H,274,H,1313,H,5178,27,9,9,5,3,N,N,N,N,N,N,N,N,N
22,063,4481//,H,237,H,1126,H,4299,22,8,6,4,3,N,N,N,N,N,N,N,N,N
22,063,44812/,G,49,G,170,G,671,7,N,4,N,N,N,N,N,N,N,N,N,N,N
22,063,448120,G,49,G,170,G,671,7,N,4,N,N,N,N,N,N,N,N,N,N,N
22,063,44813/,G,17,G,89,G,351,3,N,N,N,N,N,N,N,N,N,N,N,N,N
22,063,448130,G,17,G,89,G,351,3,N,N,N,N,N,N,N,N,N,N,N,N,N
22,063,44814/,H,149,H,739,H,2749,6,N,N,N,3,N,N,N,N,N,N,N,N,N
22,063,448140,H,149,H,739,H,2749,6,N,N,N,3,N,N,N,N,N,N,N,N,N
22,063,44819/,J,20,J,109,J,450,4,3,N,N,N,N,N,N,N,N,N,N,N,N
22,063,448190,J,20,J,109,J,450,4,3,N,N,N,N,N,N,N,N,N,N,N,N
22,063,4482//,J,23,J,119,J,544,3,N,N,N,N,N,N,N,N,N,N,N,N,N
22,063,44821/,J,23,J,119,J,544,3,N,N,N,N,N,N,N,N,N,N,N,N,N
22,063,448210,J,23,J,119,J,544,3,N,N,N,N,N,N,N,N,N,N,N,N,N
22,063,451///,G,279,G,1545,G,5844,10,3,N,N,N,N,N,N,N,N,N,N,N,N
22,063,4511//,G,272,G,1524,G,5742,8,N,N,N,N,N,N,N,N,N,N,N,N,N
22,063,45111/,G,192,G,1108,G,3998,3,N,N,N,N,N,N,N,N,N,N,N,N,N
22,063,451110,G,192,G,1108,G,3998,3,N,N,N,N,N,N,N,N,N,N,N,N,N
22,063,45112/,H,78,H,406,H,1710,3,N,N,N,N,N,N,N,N,N,N,N,N,N
22,063,451120,H,78,H,406,H,1710,3,N,N,N,N,N,N,N,N,N,N,N,N,N
22,063,452///,J,1462,J,14463,J,44757,46,N,34,5,N,N,N,3,N,N,N,N,N,N
22,063,4523//,J,1404,J,14224,J,43794,45,N,34,5,N,N,N,3,N,N,N,N,N,N
22,063,45231/,J,1404,J,14224,J,43794,45,N,34,5,N,N,N,3,N,N,N,N,N,N
22,063,452311,J,1112,J,12729,J,37097,4,N,N,N,N,N,N,3,N,N,N,N,N,N
22,063,452319,H,292,J,1495,H,6697,41,N,34,5,N,N,N,N,N,N,N,N,N,N
22,063,453///,G,168,G,1073,H,4824,36,23,6,6,N,N,N,N,N,N,N,N,N,N
22,063,4532//,H,31,J,149,J,562,4,N,N,N,N,N,N,N,N,N,N,N,N,N
22,063,45322/,G,20,H,87,H,305,3,N,N,N,N,N,N,N,N,N,N,N,N,N
22,063,453220,G,20,H,87,H,305,3,N,N,N,N,N,N,N,N,N,N,N,N,N
22,063,4533//,J,52,H,175,H,799,8,4,N,3,N,N,N,N,N,N,N,N,N,N
22,063,45331/,J,52,H,175,H,799,8,4,N,3,N,N,N,N,N,N,N,N,N,N
22,063,453310,J,52,H,175,H,799,8,4,N,3,N,N,N,N,N,N,N,N,N,N
22,063,4539//,H,82,G,724,H,3337,22,16,4,N,N,N,N,N,N,N,N,N,N,N
22,063,45399/,H,39,H,280,G,1031,18,16,N,N,N,N,N,N,N,N,N,N,N,N
22,063,453991,J,19,H,135,G,535,12,12,N,N,N,N,N,N,N,N,N,N,N,N
22,063,453998,G,20,H,145,G,496,6,4,N,N,N,N,N,N,N,N,N,N,N,N
22,063,454///,H,28,G,205,G,910,12,11,N,N,N,N,N,N,N,N,N,N,N,N
22,063,4541//,G,8,J,61,H,300,4,4,N,N,N,N,N,N,N,N,N,N,N,N
22,063,45411/,G,8,J,61,H,300,4,4,N,N,N,N,N,N,N,N,N,N,N,N
22,063,454110,G,8,J,61,H,300,4,4,N,N,N,N,N,N,N,N,N,N,N,N
22,063,4543//,J,16,G,118,G,501,7,6,N,N,N,N,N,N,N,N,N,N,N,N
22,063,45439/,J,16,G,118,G,501,7,6,N,N,N,N,N,N,N,N,N,N,N,N
22,063,454390,J,16,G,118,G,501,7,6,N,N,N,N,N,N,N,N,N,N,N,N
22,063,48----,G,574,G,7049,G,28747,55,36,5,5,5,4,N,N,N,N,N,N,N,N
22,063,484///,G,288,G,4106,G,17342,35,25,4,3,N,N,N,N,N,N,N,N,N,N
22,063,4841//,G,146,H,1843,H,8024,15,11,N,N,N,N,N,N,N,N,N,N,N,N
22,063,48411/,G,123,H,1618,H,7137,10,8,N,N,N,N,N,N,N,N,N,N,N,N
22,063,484110,G,123,H,1618,H,7137,10,8,N,N,N,N,N,N,N,N,N,N,N,N
22,063,48412/,G,23,G,225,G,887,5,3,N,N,N,N,N,N,N,N,N,N,N,N
22,063,484121,G,23,G,225,G,887,5,3,N,N,N,N,N,N,N,N,N,N,N,N
22,063,4842//,H,142,H,2263,H,9318,20,14,N,3,N,N,N,N,N,N,N,N,N,N
22,063,48422/,J,38,H,458,G,1973,15,12,N,N,N,N,N,N,N,N,N,N,N,N
22,063,484220,J,38,H,458,G,1973,15,12,N,N,N,N,N,N,N,N,N,N,N,N
22,063,48423/,J,104,J,1805,J,7267,4,N,N,N,N,N,N,N,N,N,N,N,N,N
22,063,484230,J,104,J,1805,J,7267,4,N,N,N,N,N,N,N,N,N,N,N,N,N
22,063,488///,H,149,G,1648,G,6672,14,9,N,N,N,N,N,N,N,N,N,N,N,N
22,063,4883//,H,65,H,964,H,3662,4,N,N,N,N,N,N,N,N,N,N,N,N,N
22,063,4884//,G,24,G,183,G,891,7,5,N,N,N,N,N,N,N,N,N,N,N,N
22,063,48841/,G,24,G,183,G,891,7,5,N,N,N,N,N,N,N,N,N,N,N,N
22,063,488410,G,24,G,183,G,891,7,5,N,N,N,N,N,N,N,N,N,N,N,N
22,063,4885//,J,60,J,501,J,2119,3,N,N,N,N,N,N,N,N,N,N,N,N,N
22,063,48851/,J,60,J,501,J,2119,3,N,N,N,N,N,N,N,N,N,N,N,N,N
22,063,488510,J,60,J,501,J,2119,3,N,N,N,N,N,N,N,N,N,N,N,N,N
22,063,492///,H,119,G,1087,G,3815,3,N,N,N,N,N,N,N,N,N,N,N,N,N
22,063,51----,G,130,G,1851,G,7319,23,16,3,N,N,N,N,N,N,N,N,N,N,N
22,063,517///,J,92,H,1597,H,5883,18,13,N,N,N,N,N,N,N,N,N,N,N,N
22,063,5173//,J,82,H,1517,H,5550,15,10,N,N,N,N,N,N,N,N,N,N,N,N
22,063,51731/,J,82,H,1517,H,5550,15,10,N,N,N,N,N,N,N,N,N,N,N,N
22,063,517311,J,29,J,714,J,2542,6,5,N,N,N,N,N,N,N,N,N,N,N,N
22,063,517312,G,53,G,803,G,3008,9,5,N,N,N,N,N,N,N,N,N,N,N,N
22,063,5179//,J,10,J,80,J,333,3,3,N,N,N,N,N,N,N,N,N,N,N,N
22,063,51791/,J,10,J,80,J,333,3,3,N,N,N,N,N,N,N,N,N,N,N,N
22,063,517911,J,10,J,80,J,333,3,3,N,N,N,N,N,N,N,N,N,N,N,N
22,063,52----,G,733,G,9580,G,38011,115,72,28,11,N,3,N,N,N,N,N,N,N,N
22,063,522///,H,550,H,6519,H,25346,59,31,13,11,N,3,N,N,N,N,N,N,N,N
22,063,5221//,H,448,H,4970,H,18849,31,10,8,9,N,3,N,N,N,N,N,N,N,N
22,063,52211/,J,388,H,4134,H,15565,22,6,5,7,N,3,N,N,N,N,N,N,N,N
22,063,522110,J,388,H,4134,H,15565,22,6,5,7,N,3,N,N,N,N,N,N,N,N
22,063,52213/,G,60,G,836,G,3284,9,4,3,N,N,N,N,N,N,N,N,N,N,N
22,063,522130,G,60,G,836,G,3284,9,4,3,N,N,N,N,N,N,N,N,N,N,N
22,063,5222//,H,97,H,1512,G,6373,25,18,5,N,N,N,N,N,N,N,N,N,N,N
22,063,52229/,H,97,H,1512,G,6373,25,18,5,N,N,N,N,N,N,N,N,N,N,N
22,063,522291,J,48,H,746,G,2781,15,12,3,N,N,N,N,N,N,N,N,N,N,N
22,063,522292,J,24,H,599,H,2570,6,4,N,N,N,N,N,N,N,N,N,N,N,N
22,063,522298,J,25,J,167,J,1022,4,N,N,N,N,N,N,N,N,N,N,N,N,N
22,063,5223//,G,5,H,37,G,124,3,3,N,N,N,N,N,N,N,N,N,N,N,N
22,063,523///,J,25,H,996,H,3732,11,9,N,N,N,N,N,N,N,N,N,N,N,N
22,063,5231//,G,6,H,109,H,318,5,5,N,N,N,N,N,N,N,N,N,N,N,N
22,063,52312/,J,4,J,99,H,287,4,4,N,N,N,N,N,N,N,N,N,N,N,N
22,063,523120,J,4,J,99,H,287,4,4,N,N,N,N,N,N,N,N,N,N,N,N
22,063,5239//,J,19,H,887,H,3414,6,4,N,N,N,N,N,N,N,N,N,N,N,N
22,063,52392/,J,18,H,859,H,3253,4,N,N,N,N,N,N,N,N,N,N,N,N,N
22,063,523920,J,18,H,859,H,3253,4,N,N,N,N,N,N,N,N,N,N,N,N,N
22,063,524///,G,158,G,2065,G,8933,45,32,13,N,N,N,N,N,N,N,N,N,N,N
22,063,5241//,J,32,H,635,H,2793,6,N,4,N,N,N,N,N,N,N,N,N,N,N
22,063,52411/,J,16,H,359,H,1768,3,N,N,N,N,N,N,N,N,N,N,N,N,N
22,063,52412/,J,16,G,276,H,1025,3,N,N,N,N,N,N,N,N,N,N,N,N,N
22,063,5242//,H,126,G,1430,G,6140,39,30,9,N,N,N,N,N,N,N,N,N,N,N
22,063,52421/,H,121,G,1336,G,5744,36,27,9,N,N,N,N,N,N,N,N,N,N,N
22,063,524210,H,121,G,1336,G,5744,36,27,9,N,N,N,N,N,N,N,N,N,N,N
22,063,52429/,G,5,H,94,J,396,3,3,N,N,N,N,N,N,N,N,N,N,N,N
22,063,53----,G,552,H,6213,H,27559,101,78,15,3,N,3,N,N,N,N,N,N,N,N
22,063,531///,G,280,G,2496,G,10412,83,71,8,N,N,N,N,N,N,N,N,N,N,N
22,063,5311//,G,90,G,637,G,2678,35,28,6,N,N,N,N,N,N,N,N,N,N,N
22,063,53111/,G,54,G,481,G,2057,23,18,5,N,N,N,N,N,N,N,N,N,N,N
22,063,531110,G,54,G,481,G,2057,23,18,5,N,N,N,N,N,N,N,N,N,N,N
22,063,53113/,H,25,J,120,H,480,10,9,N,N,N,N,N,N,N,N,N,N,N,N
22,063,531130,H,25,J,120,H,480,10,9,N,N,N,N,N,N,N,N,N,N,N,N
22,063,5312//,H,48,G,404,G,1791,28,27,N,N,N,N,N,N,N,N,N,N,N,N
22,063,53121/,H,48,G,404,G,1791,28,27,N,N,N,N,N,N,N,N,N,N,N,N
22,063,531210,H,48,G,404,G,1791,28,27,N,N,N,N,N,N,N,N,N,N,N,N
22,063,5313//,H,142,H,1455,H,5943,20,16,N,N,N,N,N,N,N,N,N,N,N,N
22,063,53131/,H,109,H,1189,H,4802,4,N,N,N,N,N,N,N,N,N,N,N,N,N
22,063,531311,H,108,H,1175,H,4688,3,N,N,N,N,N,N,N,N,N,N,N,N,N
22,063,53132/,J,5,G,46,G,204,5,5,N,N,N,N,N,N,N,N,N,N,N,N
22,063,531320,J,5,G,46,G,204,5,5,N,N,N,N,N,N,N,N,N,N,N,N
22,063,53139/,H,28,G,220,G,937,11,9,N,N,N,N,N,N,N,N,N,N,N,N
22,063,531390,H,28,G,220,G,937,11,9,N,N,N,N,N,N,N,N,N,N,N,N
22,063,532///,H,272,J,3717,J,17147,18,7,7,N,N,N,N,N,N,N,N,N,N,N
22,063,5322//,H,49,H,552,H,2177,8,4,3,N,N,N,N,N,N,N,N,N,N,N
22,063,53221/,G,13,H,161,H,604,3,N,N,N,N,N,N,N,N,N,N,N,N,N
22,063,532210,G,13,H,161,H,604,3,N,N,N,N,N,N,N,N,N,N,N,N,N
22,063,53228/,H,36,H,391,H,1573,5,3,N,N,N,N,N,N,N,N,N,N,N,N
22,063,532289,J,11,J,67,H,331,3,N,N,N,N,N,N,N,N,N,N,N,N,N
22,063,5324//,J,208,J,2922,J,14535,8,3,3,N,N,N,N,N,N,N,N,N,N,N
22,063,53249/,J,199,J,2863,J,14282,7,3,N,N,N,N,N,N,N,N,N,N,N,N
22,063,532490,J,199,J,2863,J,14282,7,3,N,N,N,N,N,N,N,N,N,N,N,N
22,063,54----,H,1123,H,13917,H,59175,168,119,26,14,5,N,N,N,N,N,N,N,N,N
22,063,541///,H,1123,H,13917,H,59175,168,119,26,14,5,N,N,N,N,N,N,N,N,N
22,063,5411//,H,131,G,1817,G,8500,37,26,9,N,N,N,N,N,N,N,N,N,N,N
22,063,54111/,H,91,G,1471,G,6704,28,22,4,N,N,N,N,N,N,N,N,N,N,N
22,063,541110,H,91,G,1471,G,6704,28,22,4,N,N,N,N,N,N,N,N,N,N,N
22,063,54119/,G,40,G,346,G,1796,9,4,5,N,N,N,N,N,N,N,N,N,N,N
22,063,541191,H,24,G,193,G,1108,6,3,3,N,N,N,N,N,N,N,N,N,N,N
22,063,541199,J,16,H,153,H,688,3,N,N,N,N,N,N,N,N,N,N,N,N,N
22,063,5412//,G,122,G,1878,G,7579,35,25,6,4,N,N,N,N,N,N,N,N,N,N
22,063,54121/,G,122,G,1878,G,7579,35,25,6,4,N,N,N,N,N,N,N,N,N,N
22,063,541211,G,53,H,1296,H,5633,16,11,3,N,N,N,N,N,N,N,N,N,N,N
22,063,541213,J,26,G,116,G,227,6,5,N,N,N,N,N,N,N,N,N,N,N,N
22,063,541214,J,17,J,213,J,709,3,N,N,N,N,N,N,N,N,N,N,N,N,N
22,063,541219,H,26,H,253,H,1010,10,7,3,N,N,N,N,N,N,N,N,N,N,N
22,063,5413//,H,364,H,5978,H,24940,25,14,5,N,3,N,N,N,N,N,N,N,N,N
22,063,54133/,H,253,H,4489,H,18572,14,8,N,N,N,N,N,N,N,N,N,N,N,N
22,063,541330,H,253,H,4489,H,18572,14,8,N,N,N,N,N,N,N,N,N,N,N,N
22,063,54135/,J,11,J,120,J,529,3,N,N,N,N,N,N,N,N,N,N,N,N,N
22,063,541350,J,11,J,120,J,529,3,N,N,N,N,N,N,N,N,N,N,N,N,N
22,063,54138/,J,55,J,792,H,3293,3,N,N,N,N,N,N,N,N,N,N,N,N,N
22,063,541380,J,55,J,792,H,3293,3,N,N,N,N,N,N,N,N,N,N,N,N,N
22,063,5415//,G,54,H,799,H,3256,14,11,N,N,N,N,N,N,N,N,N,N,N,N
22,063,54151/,G,54,H,799,H,3256,14,11,N,N,N,N,N,N,N,N,N,N,N,N
22,063,541511,J,41,J,647,J,2706,7,5,N,N,N,N,N,N,N,N,N,N,N,N
22,063,541512,J,8,H,111,G,448,5,4,N,N,N,N,N,N,N,N,N,N,N,N
22,063,5416//,J,317,J,1708,J,7816,32,27,N,N,N,N,N,N,N,N,N,N,N,N
22,063,54161/,J,292,J,1356,J,5725,20,16,N,N,N,N,N,N,N,N,N,N,N,N
22,063,541611,J,271,J,1172,J,5013,15,13,N,N,N,N,N,N,N,N,N,N,N,N
22,063,541613,G,17,H,145,H,580,3,N,N,N,N,N,N,N,N,N,N,N,N,N
22,063,54162/,G,14,J,298,J,1791,5,4,N,N,N,N,N,N,N,N,N,N,N,N
22,063,541620,G,14,J,298,J,1791,5,4,N,N,N,N,N,N,N,N,N,N,N,N
22,063,54169/,J,11,J,54,G,300,7,7,N,N,N,N,N,N,N,N,N,N,N,N
22,063,541690,J,11,J,54,G,300,7,7,N,N,N,N,N,N,N,N,N,N,N,N
22,063,5419//,H,115,G,1546,G,6249,20,13,N,6,N,N,N,N,N,N,N,N,N,N
22,063,54192/,J,7,G,55,H,163,4,4,N,N,N,N,N,N,N,N,N,N,N,N
22,063,541921,J,7,G,55,H,163,4,4,N,N,N,N,N,N,N,N,N,N,N,N
22,063,54194/,H,81,G,1191,G,4961,8,N,N,5,N,N,N,N,N,N,N,N,N,N
22,063,541940,H,81,G,1191,G,4961,8,N,N,5,N,N,N,N,N,N,N,N,N,N
22,063,54199/,G,27,G,300,H,1125,8,7,N,N,N,N,N,N,N,N,N,N,N,N
22,063,541990,G,27,G,300,H,1125,8,7,N,N,N,N,N,N,N,N,N,N,N,N
22,063,56----,H,871,H,9058,H,39932,122,80,19,14,7,N,N,N,N,N,N,N,N,N
22,063,561///,G,671,G,5027,G,21464,109,75,16,12,5,N,N,N,N,N,N,N,N,N
22,063,5611//,J,18,J,356,J,1545,7,6,N,N,N,N,N,N,N,N,N,N,N,N
22,063,56111/,J,18,J,356,J,1545,7,6,N,N,N,N,N,N,N,N,N,N,N,N
22,063,561110,J,18,J,356,J,1545,7,6,N,N,N,N,N,N,N,N,N,N,N,N
22,063,5613//,J,91,J,851,J,3026,4,3,N,N,N,N,N,N,N,N,N,N,N,N
22,063,56132/,J,91,J,851,J,3026,4,3,N,N,N,N,N,N,N,N,N,N,N,N
22,063,561320,J,91,J,851,J,3026,4,3,N,N,N,N,N,N,N,N,N,N,N,N
22,063,5614//,G,44,G,370,G,1414,12,9,N,N,N,N,N,N,N,N,N,N,N,N
22,063,56149/,H,34,H,228,G,860,9,7,N,N,N,N,N,N,N,N,N,N,N,N
22,063,561492,G,9,H,87,G,299,7,7,N,N,N,N,N,N,N,N,N,N,N,N
22,063,5615//,J,18,G,111,G,514,3,N,N,N,N,N,N,N,N,N,N,N,N,N
22,063,5616//,H,29,G,403,G,1569,4,N,N,N,N,N,N,N,N,N,N,N,N,N
22,063,56162/,J,12,G,330,G,1264,3,N,N,N,N,N,N,N,N,N,N,N,N,N
22,063,5617//,G,432,G,2733,G,12424,71,48,11,7,5,N,N,N,N,N,N,N,N,N
22,063,56171/,G,53,G,531,G,2338,13,9,N,N,N,N,N,N,N,N,N,N,N,N
22,063,561710,G,53,G,531,G,2338,13,9,N,N,N,N,N,N,N,N,N,N,N,N
22,063,56172/,G,228,G,1049,G,4573,21,12,N,N,5,N,N,N,N,N,N,N,N,N
22,063,561720,G,228,G,1049,G,4573,21,12,N,N,5,N,N,N,N,N,N,N,N,N
22,063,56173/,G,118,G,801,G,4076,28,20,5,3,N,N,N,N,N,N,N,N,N,N
22,063,561730,G,118,G,801,G,4076,28,20,5,3,N,N,N,N,N,N,N,N,N,N
22,063,56179/,G,22,G,188,G,767,7,6,N,N,N,N,N,N,N,N,N,N,N,N
22,063,561790,G,22,G,188,G,767,7,6,N,N,N,N,N,N,N,N,N,N,N,N
22,063,5619//,G,39,J,203,H,972,8,6,N,N,N,N,N,N,N,N,N,N,N,N
22,063,56199/,J,19,J,169,J,662,6,5,N,N,N,N,N,N,N,N,N,N,N,N
22,063,561990,J,19,J,169,J,662,6,5,N,N,N,N,N,N,N,N,N,N,N,N
22,063,562///,J,200,J,4031,J,18468,13,5,3,N,N,N,N,N,N,N,N,N,N,N
22,063,5621//,J,123,J,2681,J,13305,8,4,N,N,N,N,N,N,N,N,N,N,N,N
22,063,56211/,J,123,J,2681,J,13305,8,4,N,N,N,N,N,N,N,N,N,N,N,N
22,063,562111,J,120,J,2656,J,13189,6,N,N,N,N,N,N,N,N,N,N,N,N,N
22,063,5629//,J,36,J,338,J,1449,3,N,N,N,N,N,N,N,N,N,N,N,N,N
22,063,56291/,J,36,J,338,J,1449,3,N,N,N,N,N,N,N,N,N,N,N,N,N
22,063,562910,J,36,J,338,J,1449,3,N,N,N,N,N,N,N,N,N,N,N,N,N
22,063,61----,H,296,H,874,H,3887,14,4,5,3,N,N,N,N,N,N,N,N,N,N
22,063,611///,H,296,H,874,H,3887,14,4,5,3,N,N,N,N,N,N,N,N,N,N
22,063,6116//,H,100,J,247,J,1180,9,3,N,3,N,N,N,N,N,N,N,N,N,N
22,063,61161/,H,28,G,58,H,238,3,N,N,N,N,N,N,N,N,N,N,N,N,N
22,063,611610,H,28,G,58,H,238,3,N,N,N,N,N,N,N,N,N,N,N,N,N
22,063,61162/,J,62,J,171,J,836,3,N,N,N,N,N,N,N,N,N,N,N,N,N
22,063,611620,J,62,J,171,J,836,3,N,N,N,N,N,N,N,N,N,N,N,N,N
22,063,61169/,J,10,J,18,H,106,3,N,N,N,N,N,N,N,N,N,N,N,N,N
22,063,62----,G,2626,H,25274,H,106336,178,57,36,43,36,3,3,N,N,N,N,N,N,N
22,063,621///,H,1292,H,17102,H,72014,117,42,29,29,15,N,N,N,N,N,N,N,N,N
22,063,6211//,J,234,J,5761,J,23949,16,7,4,3,N,N,N,N,N,N,N,N,N,N
22,063,62111/,J,234,J,5761,J,23949,16,7,4,3,N,N,N,N,N,N,N,N,N,N
22,063,621111,H,210,J,5496,J,22916,15,7,4,3,N,N,N,N,N,N,N,N,N,N
22,063,6212//,G,341,G,3863,G,16725,29,4,14,7,4,N,N,N,N,N,N,N,N,N
22,063,62121/,G,341,G,3863,G,16725,29,4,14,7,4,N,N,N,N,N,N,N,N,N
22,063,621210,G,341,G,3863,G,16725,29,4,14,7,4,N,N,N,N,N,N,N,N,N
22,063,6213//,H,419,H,4229,G,17115,50,23,9,14,3,N,N,N,N,N,N,N,N,N
22,063,62131/,G,16,G,188,H,987,3,N,N,N,N,N,N,N,N,N,N,N,N,N
22,063,621310,G,16,G,188,H,987,3,N,N,N,N,N,N,N,N,N,N,N,N,N
22,063,62132/,H,48,H,421,H,1830,6,N,3,N,N,N,N,N,N,N,N,N,N,N
22,063,621320,H,48,H,421,H,1830,6,N,3,N,N,N,N,N,N,N,N,N,N,N
22,063,62133/,G,64,G,600,G,2268,8,4,N,3,N,N,N,N,N,N,N,N,N,N
22,063,621330,G,64,G,600,G,2268,8,4,N,3,N,N,N,N,N,N,N,N,N,N
22,063,62134/,H,241,H,2447,H,9450,21,7,4,8,N,N,N,N,N,N,N,N,N,N
22,063,621340,H,241,H,2447,H,9450,21,7,4,8,N,N,N,N,N,N,N,N,N,N
22,063,62139/,J,50,G,573,G,2580,12,10,N,N,N,N,N,N,N,N,N,N,N,N
22,063,621399,J,50,G,573,G,2580,12,10,N,N,N,N,N,N,N,N,N,N,N,N
22,063,6214//,H,201,H,2491,H,11206,14,4,N,3,5,N,N,N,N,N,N,N,N,N
22,063,62142/,H,46,H,364,H,1712,4,3,N,N,N,N,N,N,N,N,N,N,N,N
22,063,621420,H,46,H,364,H,1712,4,3,N,N,N,N,N,N,N,N,N,N,N,N
22,063,62149/,H,155,H,2127,G,9494,10,N,N,3,4,N,N,N,N,N,N,N,N,N
22,063,621493,H,96,G,1371,G,6307,6,N,N,N,3,N,N,N,N,N,N,N,N,N
22,063,6215//,G,5,J,67,J,258,3,3,N,N,N,N,N,N,N,N,N,N,N,N
22,063,62151/,G,5,J,67,J,258,3,3,N,N,N,N,N,N,N,N,N,N,N,N
22,063,6216//,H,92,J,691,J,2761,5,N,N,N,N,N,N,N,N,N,N,N,N,N
22,063,62161/,H,92,J,691,J,2761,5,N,N,N,N,N,N,N,N,N,N,N,N,N
22,063,621610,H,92,J,691,J,2761,5,N,N,N,N,N,N,N,N,N,N,N,N,N
22,063,623///,H,503,H,4011,H,16897,10,N,N,3,3,N,N,N,N,N,N,N,N,N
22,063,6232//,J,53,H,398,H,1554,4,N,N,N,N,N,N,N,N,N,N,N,N,N
22,063,62321/,H,33,G,223,G,1023,3,N,N,N,N,N,N,N,N,N,N,N,N,N
22,063,623210,H,33,G,223,G,1023,3,N,N,N,N,N,N,N,N,N,N,N,N,N
22,063,6233//,G,77,H,394,G,1613,4,N,N,N,N,N,N,N,N,N,N,N,N,N
22,063,62331/,G,77,H,394,G,1613,4,N,N,N,N,N,N,N,N,N,N,N,N,N
22,063,623312,G,77,H,394,G,1613,4,N,N,N,N,N,N,N,N,N,N,N,N,N
22,063,624///,G,831,G,4161,G,17419,50,14,5,11,18,N,N,N,N,N,N,N,N,N
22,063,6241//,G,260,H,1597,H,7871,13,5,N,N,3,N,N,N,N,N,N,N,N,N
22,063,62412/,G,157,G,792,G,3686,5,N,N,N,3,N,N,N,N,N,N,N,N,N
22,063,624120,G,157,G,792,G,3686,5,N,N,N,3,N,N,N,N,N,N,N,N,N
22,063,62419/,H,91,H,725,J,3866,6,3,N,N,N,N,N,N,N,N,N,N,N,N
22,063,624190,H,91,H,725,J,3866,6,3,N,N,N,N,N,N,N,N,N,N,N,N
22,063,6243//,G,52,G,219,H,533,3,N,N,N,N,N,N,N,N,N,N,N,N,N
22,063,62431/,G,52,G,219,H,533,3,N,N,N,N,N,N,N,N,N,N,N,N,N
22,063,624310,G,52,G,219,H,533,3,N,N,N,N,N,N,N,N,N,N,N,N,N
22,063,6244//,G,514,G,2315,G,8899,32,6,3,9,14,N,N,N,N,N,N,N,N,N
22,063,62441/,G,514,G,2315,G,8899,32,6,3,9,14,N,N,N,N,N,N,N,N,N
22,063,624410,G,514,G,2315,G,8899,32,6,3,9,14,N,N,N,N,N,N,N,N,N
22,063,71----,G,371,G,1329,G,5381,27,14,4,3,4,N,N,N,N,N,N,N,N,N
22,063,711///,J,9,H,29,G,94,4,3,N,N,N,N,N,N,N,N,N,N,N,N
22,063,713///,G,362,G,1300,G,5287,23,11,3,3,4,N,N,N,N,N,N,N,N,N
22,063,7132//,J,56,J,251,J,982,4,N,N,3,N,N,N,N,N,N,N,N,N,N
22,063,71329/,J,56,J,251,J,982,4,N,N,3,N,N,N,N,N,N,N,N,N,N
22,063,713290,J,56,J,251,J,982,4,N,N,3,N,N,N,N,N,N,N,N,N,N
22,063,7139//,H,222,H,929,H,3874,18,11,3,N,3,N,N,N,N,N,N,N,N,N
22,063,71394/,G,89,G,455,G,1876,12,8,N,N,N,N,N,N,N,N,N,N,N,N
22,063,713940,G,89,G,455,G,1876,12,8,N,N,N,N,N,N,N,N,N,N,N,N
22,063,71399/,J,77,J,160,J,605,3,N,N,N,N,N,N,N,N,N,N,N,N,N
22,063,713990,J,77,J,160,J,605,3,N,N,N,N,N,N,N,N,N,N,N,N,N
22,063,72----,G,4313,G,19491,G,80257,228,59,40,55,54,16,4,N,N,N,N,N,N,N
22,063,721///,H,108,G,561,G,2432,16,7,3,5,N,N,N,N,N,N,N,N,N,N
22,063,7211//,H,89,G,471,G,2038,14,6,3,4,N,N,N,N,N,N,N,N,N,N
22,063,72111/,H,84,G,429,G,1847,12,4,3,4,N,N,N,N,N,N,N,N,N,N
22,063,721110,H,84,G,429,G,1847,12,4,3,4,N,N,N,N,N,N,N,N,N,N
22,063,722///,G,4205,G,18930,G,77825,212,52,37,50,53,16,4,N,N,N,N,N,N,N
22,063,7223//,H,23,H,62,J,247,4,N,N,N,N,N,N,N,N,N,N,N,N,N
22,063,72233/,J,12,J,24,H,78,3,N,N,N,N,N,N,N,N,N,N,N,N,N
22,063,722330,J,12,J,24,H,78,3,N,N,N,N,N,N,N,N,N,N,N,N,N
22,063,7224//,H,63,G,282,G,1234,15,7,8,N,N,N,N,N,N,N,N,N,N,N
22,063,72241/,H,63,G,282,G,1234,15,7,8,N,N,N,N,N,N,N,N,N,N,N
22,063,722410,H,63,G,282,G,1234,15,7,8,N,N,N,N,N,N,N,N,N,N,N
22,063,7225//,G,4119,G,18586,G,76344,193,44,27,49,53,16,4,N,N,N,N,N,N,N
22,063,72251/,G,4119,G,18586,G,76344,193,44,27,49,53,16,4,N,N,N,N,N,N,N
22,063,722511,G,1887,G,9996,G,40445,69,16,4,14,25,8,N,N,N,N,N,N,N,N
22,063,722513,G,2033,G,7562,G,31498,98,16,17,29,26,8,N,N,N,N,N,N,N,N
22,063,722515,H,163,H,809,H,3608,24,12,6,4,N,N,N,N,N,N,N,N,N,N
22,063,81----,G,1373,G,9428,G,40618,233,154,44,23,8,4,N,N,N,N,N,N,N,N
22,063,811///,G,322,G,3878,G,17827,75,52,14,8,N,N,N,N,N,N,N,N,N,N
22,063,8111//,H,212,G,2508,G,11021,48,31,11,6,N,N,N,N,N,N,N,N,N,N
22,063,81111/,G,117,G,1481,G,6078,29,20,7,N,N,N,N,N,N,N,N,N,N,N
22,063,811111,G,116,G,1471,G,6038,28,19,7,N,N,N,N,N,N,N,N,N,N,N
22,063,81112/,G,57,G,762,G,3707,13,8,3,N,N,N,N,N,N,N,N,N,N,N
22,063,811121,H,44,G,689,G,2972,8,4,N,N,N,N,N,N,N,N,N,N,N,N
22,063,811122,G,13,H,73,H,735,5,4,N,N,N,N,N,N,N,N,N,N,N,N
22,063,81119/,J,38,H,265,J,1236,6,3,N,N,N,N,N,N,N,N,N,N,N,N
22,063,811192,G,16,G,90,G,296,4,3,N,N,N,N,N,N,N,N,N,N,N,N
22,063,8113//,H,79,G,1142,G,5866,17,14,N,N,N,N,N,N,N,N,N,N,N,N
22,063,81131/,H,79,G,1142,G,5866,17,14,N,N,N,N,N,N,N,N,N,N,N,N
22,063,811310,H,79,G,1142,G,5866,17,14,N,N,N,N,N,N,N,N,N,N,N,N
22,063,8114//,J,30,H,210,H,871,9,6,3,N,N,N,N,N,N,N,N,N,N,N
22,063,81141/,J,10,J,66,J,349,4,3,N,N,N,N,N,N,N,N,N,N,N,N
22,063,811412,J,8,J,53,J,298,3,N,N,N,N,N,N,N,N,N,N,N,N,N
22,063,81149/,J,16,G,122,G,433,4,N,N,N,N,N,N,N,N,N,N,N,N,N
22,063,811490,J,16,G,122,G,433,4,N,N,N,N,N,N,N,N,N,N,N,N,N
22,063,812///,G,288,G,2198,G,9019,64,45,13,N,4,N,N,N,N,N,N,N,N,N
22,063,8121//,H,183,G,1013,G,4233,45,34,8,N,N,N,N,N,N,N,N,N,N,N
22,063,81211/,H,175,G,988,G,4112,42,31,8,N,N,N,N,N,N,N,N,N,N,N
22,063,812112,H,93,H,535,G,2125,21,15,4,N,N,N,N,N,N,N,N,N,N,N
22,063,812113,H,70,G,355,G,1441,19,15,4,N,N,N,N,N,N,N,N,N,N,N
22,063,81219/,G,8,H,25,G,121,3,3,N,N,N,N,N,N,N,N,N,N,N,N
22,063,812199,G,8,H,25,G,121,3,3,N,N,N,N,N,N,N,N,N,N,N,N
22,063,8122//,J,39,J,615,J,2385,5,N,3,N,N,N,N,N,N,N,N,N,N,N
22,063,81221/,J,34,J,609,J,2356,4,N,N,N,N,N,N,N,N,N,N,N,N,N
22,063,812210,J,34,J,609,J,2356,4,N,N,N,N,N,N,N,N,N,N,N,N,N
22,063,8123//,J,17,J,130,J,518,3,N,N,N,N,N,N,N,N,N,N,N,N,N
22,063,8129//,H,49,H,440,H,1883,11,8,N,N,N,N,N,N,N,N,N,N,N,N
22,063,81291/,G,41,H,363,H,1592,5,N,N,N,N,N,N,N,N,N,N,N,N,N
22,063,812910,G,41,H,363,H,1592,5,N,N,N,N,N,N,N,N,N,N,N,N,N
22,063,81299/,J,8,G,77,G,291,6,6,N,N,N,N,N,N,N,N,N,N,N,N
22,063,812990,J,8,G,77,G,291,6,6,N,N,N,N,N,N,N,N,N,N,N,N
22,063,813///,G,763,G,3352,G,13772,94,57,17,13,3,4,N,N,N,N,N,N,N,N
22,063,8131//,G,686,G,3080,G,12723,81,48,16,11,N,4,N,N,N,N,N,N,N,N
22,063,81311/,G,686,G,3080,G,12723,81,48,16,11,N,4,N,N,N,N,N,N,N,N
22,063,813110,G,686,G,3080,G,12723,81,48,16,11,N,4,N,N,N,N,N,N,N,N
22,063,8133//,J,10,H,52,G,217,5,5,N,N,N,N,N,N,N,N,N,N,N,N
22,063,81331/,J,10,H,52,G,217,5,5,N,N,N,N,N,N,N,N,N,N,N,N
22,063,813312,J,7,J,9,H,45,3,3,N,N,N,N,N,N,N,N,N,N,N,N
22,063,8139//,J,29,H,114,H,449,5,3,N,N,N,N,N,N,N,N,N,N,N,N
22,063,81391/,J,11,H,90,G,364,3,N,N,N,N,N,N,N,N,N,N,N,N,N
22,063,813910,J,11,H,90,G,364,3,N,N,N,N,N,N,N,N,N,N,N,N,N
22,063,99----,G,1,J,8,J,228,3,3,N,N,N,N,N,N,N,N,N,N,N,N
22,077,------,G,4127,G,49232,G,193536,363,192,74,50,32,10,5,N,N,N,N,N,N,N
22,077,11----,J,42,H,346,G,1450,8,5,N,N,N,N,N,N,N,N,N,N,N,N
22,077,113///,G,9,H,40,G,303,3,N,N,N,N,N,N,N,N,N,N,N,N,N
22,077,1133//,G,9,H,40,G,303,3,N,N,N,N,N,N,N,N,N,N,N,N,N
22,077,11331/,G,9,H,40,G,303,3,N,N,N,N,N,N,N,N,N,N,N,N,N
22,077,113310,G,9,H,40,G,303,3,N,N,N,N,N,N,N,N,N,N,N,N,N
22,077,115///,J,33,H,306,G,1147,5,3,N,N,N,N,N,N,N,N,N,N,N,N
22,077,1151//,J,33,H,306,G,1147,5,3,N,N,N,N,N,N,N,N,N,N,N,N
22,077,11511/,J,33,H,306,G,1147,5,3,N,N,N,N,N,N,N,N,N,N,N,N
22,077,21----,J,98,J,1607,J,6955,4,N,N,N,N,N,N,N,N,N,N,N,N,N
22,077,213///,J,98,J,1607,J,6955,4,N,N,N,N,N,N,N,N,N,N,N,N,N
22,077,2131//,J,98,J,1607,J,6955,4,N,N,N,N,N,N,N,N,N,N,N,N,N
22,077,21311/,J,98,J,1607,J,6955,4,N,N,N,N,N,N,N,N,N,N,N,N,N
22,077,213112,J,98,J,1607,J,6955,4,N,N,N,N,N,N,N,N,N,N,N,N,N
22,077,22----,J,277,J,8602,J,34160,9,3,N,4,N,N,N,N,N,N,N,N,N,N
22,077,221///,J,277,J,8602,J,34160,9,3,N,4,N,N,N,N,N,N,N,N,N,N
22,077,2211//,J,272,J,8555,J,33963,8,N,N,4,N,N,N,N,N,N,N,N,N,N
22,077,22111/,J,232,J,7707,J,30941,7,N,N,4,N,N,N,N,N,N,N,N,N,N
22,077,221112,J,232,J,7707,J,30941,7,N,N,4,N,N,N,N,N,N,N,N,N,N
22,077,23----,G,153,G,1720,G,7269,37,29,5,N,N,N,N,N,N,N,N,N,N,N
22,077,236///,J,28,J,262,J,1060,6,4,N,N,N,N,N,N,N,N,N,N,N,N
22,077,2361//,J,28,J,262,J,1060,6,4,N,N,N,N,N,N,N,N,N,N,N,N
22,077,23611/,J,28,J,262,J,1060,6,4,N,N,N,N,N,N,N,N,N,N,N,N
22,077,236118,J,14,J,155,J,648,3,N,N,N,N,N,N,N,N,N,N,N,N,N
22,077,237///,J,16,G,128,H,562,5,4,N,N,N,N,N,N,N,N,N,N,N,N
22,077,2371//,G,3,J,45,G,175,3,3,N,N,N,N,N,N,N,N,N,N,N,N
22,077,238///,J,109,G,1330,G,5647,26,21,3,N,N,N,N,N,N,N,N,N,N,N
22,077,2381//,H,25,G,314,H,1303,3,N,N,N,N,N,N,N,N,N,N,N,N,N
22,077,2382//,J,36,G,375,G,1666,14,13,N,N,N,N,N,N,N,N,N,N,N,N
22,077,23821/,J,18,G,186,G,778,7,7,N,N,N,N,N,N,N,N,N,N,N,N
22,077,238210,J,18,G,186,G,778,7,7,N,N,N,N,N,N,N,N,N,N,N,N
22,077,23822/,J,18,G,189,G,888,7,6,N,N,N,N,N,N,N,N,N,N,N,N
22,077,238220,J,18,G,189,G,888,7,6,N,N,N,N,N,N,N,N,N,N,N,N
22,077,2383//,J,9,H,157,H,607,4,3,N,N,N,N,N,N,N,N,N,N,N,N
22,077,2389//,H,39,H,484,H,2071,5,3,N,N,N,N,N,N,N,N,N,N,N,N
22,077,23891/,H,38,H,480,H,2055,4,N,N,N,N,N,N,N,N,N,N,N,N,N
22,077,238910,H,38,H,480,H,2055,4,N,N,N,N,N,N,N,N,N,N,N,N,N
22,077,31----,J,303,J,4754,J,19981,5,N,N,N,N,N,N,N,N,N,N,N,N,N
22,077,42----,H,128,H,2174,H,8981,12,N,3,5,N,N,N,N,N,N,N,N,N,N
22,077,423///,J,32,J,785,J,3159,3,N,N,N,N,N,N,N,N,N,N,N,N,N
22,077,424///,G,96,G,1389,G,5822,9,N,N,3,N,N,N,N,N,N,N,N,N,N
22,077,4249//,J,63,G,897,H,3930,3,N,N,N,N,N,N,N,N,N,N,N,N,N
22,077,42491/,J,63,G,897,H,3930,3,N,N,N,N,N,N,N,N,N,N,N,N,N
22,077,424910,J,63,G,897,H,3930,3,N,N,N,N,N,N,N,N,N,N,N,N,N
22,077,44----,G,900,G,7313,G,28322,73,24,27,13,7,N,N,N,N,N,N,N,N,N
22,077,441///,G,86,H,1029,H,4753,8,N,N,3,N,N,N,N,N,N,N,N,N,N
22,077,4411//,H,45,H,663,H,3134,3,N,N,N,N,N,N,N,N,N,N,N,N,N
22,077,4413//,G,41,H,366,H,1619,5,N,N,N,N,N,N,N,N,N,N,N,N,N
22,077,44131/,H,26,H,179,H,790,3,N,N,N,N,N,N,N,N,N,N,N,N,N
22,077,441310,H,26,H,179,H,790,3,N,N,N,N,N,N,N,N,N,N,N,N,N
22,077,444///,H,85,G,776,H,3292,8,N,4,N,N,N,N,N,N,N,N,N,N,N
22,077,4441//,G,58,G,561,G,2260,6,N,3,N,N,N,N,N,N,N,N,N,N,N
22,077,44419/,G,58,G,561,G,2260,6,N,3,N,N,N,N,N,N,N,N,N,N,N
22,077,444190,G,58,G,561,G,2260,6,N,3,N,N,N,N,N,N,N,N,N,N,N
22,077,445///,H,237,H,1284,H,5194,14,6,3,N,3,N,N,N,N,N,N,N,N,N
22,077,4451//,H,211,J,1174,H,4960,12,5,3,N,N,N,N,N,N,N,N,N,N,N
22,077,44511/,J,189,J,1052,J,4340,6,N,N,N,N,N,N,N,N,N,N,N,N,N
22,077,445110,J,189,J,1052,J,4340,6,N,N,N,N,N,N,N,N,N,N,N,N,N
22,077,44512/,G,22,J,122,H,620,6,4,N,N,N,N,N,N,N,N,N,N,N,N
22,077,445120,G,22,J,122,H,620,6,4,N,N,N,N,N,N,N,N,N,N,N,N
22,077,446///,H,23,H,377,H,1439,7,4,3,N,N,N,N,N,N,N,N,N,N,N
22,077,4461//,H,23,H,377,H,1439,7,4,3,N,N,N,N,N,N,N,N,N,N,N
22,077,44611/,J,12,G,151,G,753,3,N,N,N,N,N,N,N,N,N,N,N,N,N
22,077,446110,J,12,G,151,G,753,3,N,N,N,N,N,N,N,N,N,N,N,N,N
22,077,447///,G,150,G,986,G,4500,16,3,7,4,N,N,N,N,N,N,N,N,N,N
22,077,4471//,G,150,G,986,G,4500,16,3,7,4,N,N,N,N,N,N,N,N,N,N
22,077,44711/,G,127,H,778,H,3410,15,3,7,4,N,N,N,N,N,N,N,N,N,N
22,077,447110,G,127,H,778,H,3410,15,3,7,4,N,N,N,N,N,N,N,N,N,N
22,077,452///,H,282,H,2651,H,8284,10,N,6,N,N,N,N,N,N,N,N,N,N,N
22,077,4523//,H,282,H,2651,H,8284,10,N,6,N,N,N,N,N,N,N,N,N,N,N
22,077,45231/,H,282,H,2651,H,8284,10,N,6,N,N,N,N,N,N,N,N,N,N,N
22,077,452319,H,64,H,280,G,1223,9,N,6,N,N,N,N,N,N,N,N,N,N,N
22,077,453///,J,10,J,39,J,147,5,5,N,N,N,N,N,N,N,N,N,N,N,N
22,077,48----,H,278,H,3850,H,12411,15,8,N,N,N,N,N,N,N,N,N,N,N,N
22,077,484///,J,75,H,790,H,3176,11,7,N,N,N,N,N,N,N,N,N,N,N,N
22,077,4841//,G,10,G,55,G,178,4,3,N,N,N,N,N,N,N,N,N,N,N,N
22,077,4842//,J,65,H,735,H,2998,7,4,N,N,N,N,N,N,N,N,N,N,N,N
22,077,48422/,J,32,G,441,G,1683,5,3,N,N,N,N,N,N,N,N,N,N,N,N
22,077,484220,J,32,G,441,G,1683,5,3,N,N,N,N,N,N,N,N,N,N,N,N
22,077,51----,H,31,G,308,G,1268,6,N,4,N,N,N,N,N,N,N,N,N,N,N
22,077,517///,H,25,H,262,H,1079,5,N,3,N,N,N,N,N,N,N,N,N,N,N
22,077,5173//,J,21,H,228,H,974,4,N,3,N,N,N,N,N,N,N,N,N,N,N
22,077,51731/,J,21,H,228,H,974,4,N,3,N,N,N,N,N,N,N,N,N,N,N
22,077,52----,H,193,H,4681,H,13553,18,12,N,N,N,N,N,N,N,N,N,N,N,N
22,077,522///,G,119,H,1553,H,5659,10,6,N,N,N,N,N,N,N,N,N,N,N,N
22,077,5221//,G,108,H,1463,H,5360,6,N,N,N,N,N,N,N,N,N,N,N,N,N
22,077,52211/,G,108,H,1463,H,5360,6,N,N,N,N,N,N,N,N,N,N,N,N,N
22,077,522110,G,108,H,1463,H,5360,6,N,N,N,N,N,N,N,N,N,N,N,N,N
22,077,524///,J,73,J,2936,H,7345,7,5,N,N,N,N,N,N,N,N,N,N,N,N
22,077,5242//,J,73,J,2936,H,7345,7,5,N,N,N,N,N,N,N,N,N,N,N,N
22,077,52421/,J,18,G,243,G,1212,6,5,N,N,N,N,N,N,N,N,N,N,N,N
22,077,524210,J,18,G,243,G,1212,6,5,N,N,N,N,N,N,N,N,N,N,N,N
22,077,53----,G,33,J,443,J,1998,12,10,N,N,N,N,N,N,N,N,N,N,N,N
22,077,531///,J,12,H,49,H,243,10,10,N,N,N,N,N,N,N,N,N,N,N,N
22,077,5311//,J,9,H,35,J,146,7,7,N,N,N,N,N,N,N,N,N,N,N,N
22,077,53111/,J,4,J,25,J,125,4,4,N,N,N,N,N,N,N,N,N,N,N,N
22,077,531110,J,4,J,25,J,125,4,4,N,N,N,N,N,N,N,N,N,N,N,N
22,077,54----,H,102,H,1250,H,5545,28,23,4,N,N,N,N,N,N,N,N,N,N,N
22,077,541///,H,102,H,1250,H,5545,28,23,4,N,N,N,N,N,N,N,N,N,N,N
22,077,5411//,G,17,H,139,H,622,8,6,N,N,N,N,N,N,N,N,N,N,N,N
22,077,54111/,G,17,H,139,H,622,8,6,N,N,N,N,N,N,N,N,N,N,N,N
22,077,541110,G,17,H,139,H,622,8,6,N,N,N,N,N,N,N,N,N,N,N,N
22,077,5412//,J,14,J,138,G,1213,8,7,N,N,N,N,N,N,N,N,N,N,N,N
22,077,54121/,J,14,J,138,G,1213,8,7,N,N,N,N,N,N,N,N,N,N,N,N
22,077,541211,J,11,J,115,G,1153,6,5,N,N,N,N,N,N,N,N,N,N,N,N
22,077,5413//,J,51,J,757,J,2710,3,N,N,N,N,N,N,N,N,N,N,N,N,N
22,077,5416//,G,3,J,37,J,246,3,3,N,N,N,N,N,N,N,N,N,N,N,N
22,077,5419//,J,15,J,146,H,640,4,3,N,N,N,N,N,N,N,N,N,N,N,N
22,077,54194/,G,13,H,120,H,521,3,N,N,N,N,N,N,N,N,N,N,N,N,N
22,077,541940,G,13,H,120,H,521,3,N,N,N,N,N,N,N,N,N,N,N,N,N
22,077,56----,H,64,H,506,G,2004,13,6,5,N,N,N,N,N,N,N,N,N,N,N
22,077,561///,G,52,H,336,G,1570,10,5,3,N,N,N,N,N,N,N,N,N,N,N
22,077,5617//,G,41,G,248,G,1155,7,3,N,N,N,N,N,N,N,N,N,N,N,N
22,077,56173/,G,24,G,218,G,976,3,N,N,N,N,N,N,N,N,N,N,N,N,N
22,077,561730,G,24,G,218,G,976,3,N,N,N,N,N,N,N,N,N,N,N,N,N
22,077,562///,J,12,H,170,G,434,3,N,N,N,N,N,N,N,N,N,N,N,N,N
22,077,61----,J,137,J,1209,J,4554,5,N,N,N,N,N,N,N,N,N,N,N,N,N
22,077,611///,J,137,J,1209,J,4554,5,N,N,N,N,N,N,N,N,N,N,N,N,N
22,077,62----,H,850,H,7963,H,34644,35,8,9,6,8,3,N,N,N,N,N,N,N,N
22,077,621///,H,172,H,2075,H,9495,18,5,7,4,N,N,N,N,N,N,N,N,N,N
22,077,6213//,H,41,G,465,G,1981,8,4,3,N,N,N,N,N,N,N,N,N,N,N
22,077,62134/,H,26,H,240,G,1137,3,N,N,N,N,N,N,N,N,N,N,N,N,N
22,077,621340,H,26,H,240,G,1137,3,N,N,N,N,N,N,N,N,N,N,N,N,N
22,077,6214//,J,103,J,1250,J,5851,7,N,N,N,N,N,N,N,N,N,N,N,N,N
22,077,62149/,J,103,J,1250,J,5633,6,N,N,N,N,N,N,N,N,N,N,N,N,N
22,077,621498,J,92,J,1146,J,5152,5,N,N,N,N,N,N,N,N,N,N,N,N,N
22,077,623///,G,241,G,2179,G,8854,4,N,N,N,N,N,N,N,N,N,N,N,N,N
22,077,624///,G,230,G,1263,G,5514,12,3,N,N,5,N,N,N,N,N,N,N,N,N
22,077,6244//,G,117,G,555,G,2362,9,3,N,N,3,N,N,N,N,N,N,N,N,N
22,077,62441/,G,117,G,555,G,2362,9,3,N,N,3,N,N,N,N,N,N,N,N,N
22,077,624410,G,117,G,555,G,2362,9,3,N,N,3,N,N,N,N,N,N,N,N,N
22,077,71----,G,18,H,74,J,414,6,4,N,N,N,N,N,N,N,N,N,N,N,N
22,077,713///,J,16,J,68,J,394,5,3,N,N,N,N,N,N,N,N,N,N,N,N
22,077,7139//,G,9,H,39,J,243,4,3,N,N,N,N,N,N,N,N,N,N,N,N
22,077,72----,G,437,G,1713,G,6697,49,28,3,11,6,N,N,N,N,N,N,N,N,N
22,077,721///,G,55,H,274,H,1081,8,5,N,3,N,N,N,N,N,N,N,N,N,N
22,077,7211//,J,38,G,181,G,720,6,4,N,N,N,N,N,N,N,N,N,N,N,N
22,077,72111/,J,38,G,181,G,720,6,4,N,N,N,N,N,N,N,N,N,N,N,N
22,077,721110,J,38,G,181,G,720,6,4,N,N,N,N,N,N,N,N,N,N,N,N
22,077,722///,G,382,G,1439,G,5616,41,23,3,8,6,N,N,N,N,N,N,N,N,N
22,077,7224//,G,17,H,56,H,248,7,7,N,N,N,N,N,N,N,N,N,N,N,N
22,077,72241/,G,17,H,56,H,248,7,7,N,N,N,N,N,N,N,N,N,N,N,N
22,077,722410,G,17,H,56,H,248,7,7,N,N,N,N,N,N,N,N,N,N,N,N
22,077,7225//,G,360,G,1377,G,5362,33,15,3,8,6,N,N,N,N,N,N,N,N,N
22,077,72251/,G,360,G,1377,G,5362,33,15,3,8,6,N,N,N,N,N,N,N,N,N
22,077,722511,G,165,G,674,G,2624,15,7,N,N,5,N,N,N,N,N,N,N,N,N
22,077,722513,G,184,G,645,G,2503,14,5,N,6,N,N,N,N,N,N,N,N,N,N
22,077,722515,J,4,H,24,H,113,3,3,N,N,N,N,N,N,N,N,N,N,N,N
22,077,81----,J,81,G,708,G,3275,25,20,4,N,N,N,N,N,N,N,N,N,N,N
22,077,811///,J,26,H,265,G,1499,7,5,N,N,N,N,N,N,N,N,N,N,N,N
22,077,8111//,G,17,H,177,H,851,4,3,N,N,N,N,N,N,N,N,N,N,N,N
22,077,81111/,J,6,G,53,G,253,3,3,N,N,N,N,N,N,N,N,N,N,N,N
22,077,812///,J,12,H,118,G,406,5,5,N,N,N,N,N,N,N,N,N,N,N,N
22,077,8122//,J,7,H,95,H,304,3,3,N,N,N,N,N,N,N,N,N,N,N,N
22,077,81221/,J,7,H,95,H,304,3,3,N,N,N,N,N,N,N,N,N,N,N,N
22,077,812210,J,7,H,95,H,304,3,3,N,N,N,N,N,N,N,N,N,N,N,N
22,077,813///,H,43,G,325,G,1370,13,10,3,N,N,N,N,N,N,N,N,N,N,N
22,077,8131//,H,39,G,298,G,1122,10,7,3,N,N,N,N,N,N,N,N,N,N,N
22,077,81311/,H,39,G,298,G,1122,10,7,3,N,N,N,N,N,N,N,N,N,N,N
22,077,813110,H,39,G,298,G,1122,10,7,3,N,N,N,N,N,N,N,N,N,N,N
22,091,------,H,1406,H,15672,H,69568,121,67,25,15,11,N,N,N,N,N,N,N,N,N
22,091,23----,J,100,H,1009,H,4693,12,8,N,N,3,N,N,N,N,N,N,N,N,N
22,091,236///,J,9,J,37,J,81,4,3,N,N,N,N,N,N,N,N,N,N,N,N
22,091,238///,G,63,G,635,G,2835,6,4,N,N,N,N,N,N,N,N,N,N,N,N
22,091,2382//,G,58,G,586,G,2615,4,N,N,N,N,N,N,N,N,N,N,N,N,N
22,091,23822/,G,58,G,586,G,2615,4,N,N,N,N,N,N,N,N,N,N,N,N,N
22,091,238220,G,58,G,586,G,2615,4,N,N,N,N,N,N,N,N,N,N,N,N,N
22,091,44----,G,207,H,1247,H,4792,20,3,10,5,N,N,N,N,N,N,N,N,N,N
22,091,445///,H,45,G,161,H,590,4,N,N,N,N,N,N,N,N,N,N,N,N,N
22,091,4451//,H,45,G,161,H,590,4,N,N,N,N,N,N,N,N,N,N,N,N,N
22,091,44511/,J,38,H,141,J,448,3,N,N,N,N,N,N,N,N,N,N,N,N,N
22,091,445110,J,38,H,141,J,448,3,N,N,N,N,N,N,N,N,N,N,N,N,N
22,091,447///,H,98,J,747,J,2738,8,N,N,4,N,N,N,N,N,N,N,N,N,N
22,091,4471//,H,98,J,747,J,2738,8,N,N,4,N,N,N,N,N,N,N,N,N,N
22,091,44711/,G,53,H,441,H,1755,5,N,N,N,N,N,N,N,N,N,N,N,N,N
22,091,447110,G,53,H,441,H,1755,5,N,N,N,N,N,N,N,N,N,N,N,N,N
22,091,44719/,J,45,J,306,J,983,3,N,N,N,N,N,N,N,N,N,N,N,N,N
22,091,447190,J,45,J,306,J,983,3,N,N,N,N,N,N,N,N,N,N,N,N,N
22,091,452///,J,30,J,152,H,760,5,N,5,N,N,N,N,N,N,N,N,N,N,N
22,091,4523//,J,30,J,152,H,760,5,N,5,N,N,N,N,N,N,N,N,N,N,N
22,091,45231/,J,30,J,152,H,760,5,N,5,N,N,N,N,N,N,N,N,N,N,N
22,091,452319,J,30,J,152,H,760,5,N,5,N,N,N,N,N,N,N,N,N,N,N
22,091,48----,J,27,G,496,G,1979,9,6,3,N,N,N,N,N,N,N,N,N,N,N
22,091,484///,G,11,J,112,J,703,6,5,N,N,N,N,N,N,N,N,N,N,N,N
22,091,4842//,J,7,J,51,H,378,4,4,N,N,N,N,N,N,N,N,N,N,N,N
22,091,48422/,J,6,H,34,G,249,3,3,N,N,N,N,N,N,N,N,N,N,N,N
22,091,484220,J,6,H,34,G,249,3,3,N,N,N,N,N,N,N,N,N,N,N,N
22,091,486///,J,16,G,384,G,1276,3,N,N,N,N,N,N,N,N,N,N,N,N,N
22,091,52----,J,19,H,241,H,1013,7,6,N,N,N,N,N,N,N,N,N,N,N,N
22,091,522///,J,17,H,227,H,959,5,4,N,N,N,N,N,N,N,N,N,N,N,N
22,091,5221//,J,16,H,213,H,901,4,3,N,N,N,N,N,N,N,N,N,N,N,N
22,091,52211/,J,13,J,193,J,820,3,N,N,N,N,N,N,N,N,N,N,N,N,N
22,091,522110,J,13,J,193,J,820,3,N,N,N,N,N,N,N,N,N,N,N,N,N
22,091,54----,J,18,H,175,H,782,11,11,N,N,N,N,N,N,N,N,N,N,N,N
22,091,541///,J,18,H,175,H,782,11,11,N,N,N,N,N,N,N,N,N,N,N,N
22,091,5411//,G,6,G,52,G,324,3,3,N,N,N,N,N,N,N,N,N,N,N,N
22,091,54111/,G,6,G,52,G,324,3,3,N,N,N,N,N,N,N,N,N,N,N,N
22,091,541110,G,6,G,52,G,324,3,3,N,N,N,N,N,N,N,N,N,N,N,N
22,091,5416//,G,1,J,15,J,60,3,3,N,N,N,N,N,N,N,N,N,N,N,N
22,091,54161/,G,1,J,15,J,60,3,3,N,N,N,N,N,N,N,N,N,N,N,N
22,091,61----,G,16,G,79,G,338,3,N,N,N,N,N,N,N,N,N,N,N,N,N
22,091,611///,G,16,G,79,G,338,3,N,N,N,N,N,N,N,N,N,N,N,N,N
22,091,62----,G,445,G,4171,G,17677,23,7,5,7,N,N,N,N,N,N,N,N,N,N
22,091,621///,J,149,J,1722,J,6742,13,3,4,5,N,N,N,N,N,N,N,N,N,N
22,091,6211//,J,11,G,56,G,251,3,N,N,N,N,N,N,N,N,N,N,N,N,N
22,091,62111/,J,11,G,56,G,251,3,N,N,N,N,N,N,N,N,N,N,N,N,N
22,091,621111,J,11,G,56,G,251,3,N,N,N,N,N,N,N,N,N,N,N,N,N
22,091,6214//,J,87,J,1340,J,5156,5,N,N,5,N,N,N,N,N,N,N,N,N,N
22,091,62149/,J,87,J,1340,J,5156,5,N,N,5,N,N,N,N,N,N,N,N,N,N
22,091,621498,J,87,J,1340,J,5156,5,N,N,5,N,N,N,N,N,N,N,N,N,N
22,091,624///,J,95,H,622,H,2646,8,4,N,N,N,N,N,N,N,N,N,N,N,N
22,091,6244//,J,35,H,262,H,996,6,3,N,N,N,N,N,N,N,N,N,N,N,N
22,091,62441/,J,35,H,262,H,996,6,3,N,N,N,N,N,N,N,N,N,N,N,N
22,091,624410,J,35,H,262,H,996,6,3,N,N,N,N,N,N,N,N,N,N,N,N
22,091,72----,J,18,H,58,H,246,5,3,N,N,N,N,N,N,N,N,N,N,N,N
22,091,722///,J,12,G,22,G,105,4,3,N,N,N,N,N,N,N,N,N,N,N,N
22,091,7225//,J,12,G,22,G,105,4,3,N,N,N,N,N,N,N,N,N,N,N,N
22,091,72251/,J,12,G,22,G,105,4,3,N,N,N,N,N,N,N,N,N,N,N,N
22,091,722511,J,12,G,22,G,105,4,3,N,N,N,N,N,N,N,N,N,N,N,N
22,091,81----,J,56,H,510,H,2054,19,17,N,N,N,N,N,N,N,N,N,N,N,N
22,091,811///,H,26,H,367,H,1537,5,3,N,N,N,N,N,N,N,N,N,N,N,N
22,091,8111//,G,18,H,272,H,1116,4,3,N,N,N,N,N,N,N,N,N,N,N,N
22,091,813///,J,30,G,143,G,517,14,14,N,N,N,N,N,N,N,N,N,N,N,N
22,091,8131//,J,29,G,130,G,461,13,13,N,N,N,N,N,N,N,N,N,N,N,N
22,091,81311/,J,29,G,130,G,461,13,13,N,N,N,N,N,N,N,N,N,N,N,N
22,091,813110,J,29,G,130,G,461,13,13,N,N,N,N,N,N,N,N,N,N,N,N
22,105,------,G,39823,G,430717,G,1754360,2617,1258,539,416,260,89,38,12,3,N,N,N,N,N
22,105,11----,J,7,J,45,G,267,6,6,N,N,N,N,N,N,N,N,N,N,N,N
22,105,115///,J,4,J,30,G,169,4,4,N,N,N,N,N,N,N,N,N,N,N,N
22,105,1153//,J,3,J,23,G,145,3,3,N,N,N,N,N,N,N,N,N,N,N,N
22,105,11531/,J,3,J,23,G,145,3,3,N,N,N,N,N,N,N,N,N,N,N,N
22,105,115310,J,3,J,23,G,145,3,3,N,N,N,N,N,N,N,N,N,N,N,N
22,105,21----,G,101,G,1942,G,8105,13,4,6,N,N,N,N,N,N,N,N,N,N,N
22,105,212///,G,65,G,1032,G,4105,10,3,5,N,N,N,N,N,N,N,N,N,N,N
22,105,2123//,G,65,G,1032,G,4105,10,3,5,N,N,N,N,N,N,N,N,N,N,N
22,105,21232/,G,57,H,850,H,3321,9,3,4,N,N,N,N,N,N,N,N,N,N,N
22,105,212321,H,43,H,528,G,2147,8,3,4,N,N,N,N,N,N,N,N,N,N,N
22,105,213///,J,36,H,910,H,4000,3,N,N,N,N,N,N,N,N,N,N,N,N,N
22,105,2131//,J,36,H,910,H,4000,3,N,N,N,N,N,N,N,N,N,N,N,N,N
22,105,21311/,J,36,H,910,H,4000,3,N,N,N,N,N,N,N,N,N,N,N,N,N
22,105,22----,J,282,J,8058,J,28806,11,4,N,3,N,N,N,N,N,N,N,N,N,N
22,105,221///,J,282,J,8058,J,28806,11,4,N,3,N,N,N,N,N,N,N,N,N,N
22,105,2211//,J,260,J,7692,J,26905,9,3,N,N,N,N,N,N,N,N,N,N,N,N
22,105,22112/,J,260,J,7692,J,26905,9,3,N,N,N,N,N,N,N,N,N,N,N,N
22,105,221121,J,78,J,2272,J,7639,3,N,N,N,N,N,N,N,N,N,N,N,N,N
22,105,221122,J,182,J,5420,J,19266,6,N,N,N,N,N,N,N,N,N,N,N,N,N
22,105,23----,G,1366,G,18269,G,78100,231,149,42,25,13,N,N,N,N,N,N,N,N,N
22,105,236///,G,264,H,3633,H,15397,45,32,6,4,N,N,N,N,N,N,N,N,N,N
22,105,2361//,H,176,H,2559,H,11434,33,26,4,N,N,N,N,N,N,N,N,N,N,N
22,105,23611/,H,176,H,2559,H,11434,33,26,4,N,N,N,N,N,N,N,N,N,N,N
22,105,236115,J,53,J,970,J,4377,7,6,N,N,N,N,N,N,N,N,N,N,N,N
22,105,236117,G,7,H,79,G,229,3,3,N,N,N,N,N,N,N,N,N,N,N,N
22,105,236118,G,81,G,720,G,2925,22,17,4,N,N,N,N,N,N,N,N,N,N,N
22,105,2362//,H,88,G,1074,G,3963,12,6,N,4,N,N,N,N,N,N,N,N,N,N
22,105,23622/,H,88,G,1074,G,3963,12,6,N,4,N,N,N,N,N,N,N,N,N,N
22,105,236220,H,88,G,1074,G,3963,12,6,N,4,N,N,N,N,N,N,N,N,N,N
22,105,237///,J,158,J,2690,J,10686,19,8,3,5,3,N,N,N,N,N,N,N,N,N
22,105,2371//,J,125,J,2194,J,8660,15,6,3,4,N,N,N,N,N,N,N,N,N,N
22,105,23711/,J,59,J,735,J,3144,11,6,N,3,N,N,N,N,N,N,N,N,N,N
22,105,237110,J,59,J,735,J,3144,11,6,N,3,N,N,N,N,N,N,N,N,N,N
22,105,23713/,J,66,J,1459,J,5516,4,N,N,N,N,N,N,N,N,N,N,N,N,N
22,105,237130,J,66,J,1459,J,5516,4,N,N,N,N,N,N,N,N,N,N,N,N,N
22,105,238///,G,944,G,11946,G,52017,167,109,33,16,8,N,N,N,N,N,N,N,N,N
22,105,2381//,G,194,G,2824,G,10907,37,27,4,4,N,N,N,N,N,N,N,N,N,N
22,105,23811/,J,37,G,506,G,2101,12,10,N,N,N,N,N,N,N,N,N,N,N,N
22,105,238110,J,37,G,506,G,2101,12,10,N,N,N,N,N,N,N,N,N,N,N,N
22,105,23813/,J,25,J,257,J,1039,5,3,N,N,N,N,N,N,N,N,N,N,N,N
22,105,238130,J,25,J,257,J,1039,5,3,N,N,N,N,N,N,N,N,N,N,N,N
22,105,23816/,H,98,G,1622,G,5959,11,7,N,N,N,N,N,N,N,N,N,N,N,N
22,105,238160,H,98,G,1622,G,5959,11,7,N,N,N,N,N,N,N,N,N,N,N,N
22,105,23817/,J,6,J,62,H,284,4,4,N,N,N,N,N,N,N,N,N,N,N,N
22,105,238170,J,6,J,62,H,284,4,4,N,N,N,N,N,N,N,N,N,N,N,N
22,105,2382//,G,452,G,5684,G,25187,74,51,11,8,3,N,N,N,N,N,N,N,N,N
22,105,23821/,H,117,G,1495,G,7527,28,20,6,N,N,N,N,N,N,N,N,N,N,N
22,105,238210,H,117,G,1495,G,7527,28,20,6,N,N,N,N,N,N,N,N,N,N,N
22,105,23822/,G,311,G,3969,G,16759,45,31,5,7,N,N,N,N,N,N,N,N,N,N
22,105,238220,G,311,G,3969,G,16759,45,31,5,7,N,N,N,N,N,N,N,N,N,N
22,105,2383//,G,92,G,1029,G,4474,22,14,7,N,N,N,N,N,N,N,N,N,N,N
22,105,23831/,J,13,H,63,H,265,3,N,N,N,N,N,N,N,N,N,N,N,N,N
22,105,238310,J,13,H,63,H,265,3,N,N,N,N,N,N,N,N,N,N,N,N,N
22,105,23832/,J,10,H,66,G,233,5,4,N,N,N,N,N,N,N,N,N,N,N,N
22,105,238320,J,10,H,66,G,233,5,4,N,N,N,N,N,N,N,N,N,N,N,N
22,105,23833/,J,6,H,74,H,310,3,3,N,N,N,N,N,N,N,N,N,N,N,N
22,105,238330,J,6,H,74,H,310,3,3,N,N,N,N,N,N,N,N,N,N,N,N
22,105,23835/,G,61,G,807,G,3593,10,5,4,N,N,N,N,N,N,N,N,N,N,N
22,105,238350,G,61,G,807,G,3593,10,5,4,N,N,N,N,N,N,N,N,N,N,N
22,105,2389//,G,206,G,2409,G,11449,34,17,11,4,N,N,N,N,N,N,N,N,N,N
22,105,23891/,G,147,G,1766,G,8126,18,6,8,N,N,N,N,N,N,N,N,N,N,N
22,105,238910,G,147,G,1766,G,8126,18,6,8,N,N,N,N,N,N,N,N,N,N,N
22,105,23899/,G,59,G,643,G,3323,16,11,3,N,N,N,N,N,N,N,N,N,N,N
22,105,238990,G,59,G,643,G,3323,16,11,3,N,N,N,N,N,N,N,N,N,N,N
22,105,31----,G,2742,H,37311,G,145838,82,32,17,9,13,5,3,N,N,N,N,N,N,N
22,105,311///,G,1310,H,16115,G,63797,8,N,N,N,4,N,N,N,N,N,N,N,N,N
22,105,3116//,H,607,H,5849,H,23343,3,N,N,N,N,N,N,N,N,N,N,N,N,N
22,105,31161/,H,607,H,5849,H,23343,3,N,N,N,N,N,N,N,N,N,N,N,N,N
22,105,312///,G,87,H,1624,H,5107,3,N,N,N,N,N,N,N,N,N,N,N,N,N
22,105,3121//,G,87,H,1624,H,5107,3,N,N,N,N,N,N,N,N,N,N,N,N,N
22,105,321///,G,123,G,1570,G,5853,7,N,N,N,3,N,N,N,N,N,N,N,N,N
22,105,3219//,J,71,H,723,H,3527,5,N,N,N,N,N,N,N,N,N,N,N,N,N
22,105,32192/,J,63,H,651,H,3232,4,N,N,N,N,N,N,N,N,N,N,N,N,N
22,105,321920,J,63,H,651,H,3232,4,N,N,N,N,N,N,N,N,N,N,N,N,N
22,105,323///,J,10,H,91,H,483,6,6,N,N,N,N,N,N,N,N,N,N,N,N
22,105,3231//,J,10,H,91,H,483,6,6,N,N,N,N,N,N,N,N,N,N,N,N
22,105,32311/,J,10,H,91,H,483,6,6,N,N,N,N,N,N,N,N,N,N,N,N
22,105,323111,J,8,H,74,H,333,3,3,N,N,N,N,N,N,N,N,N,N,N,N
22,105,323113,G,2,J,17,G,150,3,3,N,N,N,N,N,N,N,N,N,N,N,N
22,105,325///,H,38,H,428,H,3115,5,3,N,N,N,N,N,N,N,N,N,N,N,N
22,105,326///,G,216,G,4424,G,16604,3,N,N,N,N,N,N,N,N,N,N,N,N,N
22,105,3261//,G,216,G,4424,G,16604,3,N,N,N,N,N,N,N,N,N,N,N,N,N
22,105,327///,H,127,G,1098,G,4929,10,5,N,N,N,N,N,N,N,N,N,N,N,N
22,105,3273//,H,31,J,412,J,2341,5,N,N,N,N,N,N,N,N,N,N,N,N,N
22,105,32732/,H,30,J,411,J,2004,3,N,N,N,N,N,N,N,N,N,N,N,N,N
22,105,327320,H,30,J,411,J,2004,3,N,N,N,N,N,N,N,N,N,N,N,N,N
22,105,3279//,J,20,H,144,G,611,3,N,N,N,N,N,N,N,N,N,N,N,N,N
22,105,32799/,J,20,H,144,G,611,3,N,N,N,N,N,N,N,N,N,N,N,N,N
22,105,332///,H,309,G,3719,G,16596,15,6,5,N,N,N,N,N,N,N,N,N,N,N
22,105,3327//,G,104,H,1310,H,5530,9,4,N,N,N,N,N,N,N,N,N,N,N,N
22,105,33271/,H,51,G,392,G,1591,5,N,N,N,N,N,N,N,N,N,N,N,N,N
22,105,332710,H,51,G,392,G,1591,5,N,N,N,N,N,N,N,N,N,N,N,N,N
22,105,33272/,J,53,J,918,J,3939,4,N,N,N,N,N,N,N,N,N,N,N,N,N
22,105,332721,J,53,J,918,J,3939,4,N,N,N,N,N,N,N,N,N,N,N,N,N
22,105,3328//,G,20,H,200,H,839,3,N,3,N,N,N,N,N,N,N,N,N,N,N
22,105,33281/,G,20,H,200,H,839,3,N,3,N,N,N,N,N,N,N,N,N,N,N
22,105,332813,G,20,H,200,H,839,3,N,3,N,N,N,N,N,N,N,N,N,N,N
22,105,333///,H,72,G,1193,G,4651,4,N,N,N,N,N,N,N,N,N,N,N,N,N
22,105,334///,J,3,J,50,J,290,3,3,N,N,N,N,N,N,N,N,N,N,N,N
22,105,337///,J,16,G,141,G,582,4,3,N,N,N,N,N,N,N,N,N,N,N,N
22,105,3371//,J,16,G,141,G,582,4,3,N,N,N,N,N,N,N,N,N,N,N,N
22,105,33711/,J,16,G,141,G,582,4,3,N,N,N,N,N,N,N,N,N,N,N,N
22,105,337110,J,16,G,141,G,582,4,3,N,N,N,N,N,N,N,N,N,N,N,N
22,105,339///,J,27,J,176,J,750,4,N,N,N,N,N,N,N,N,N,N,N,N,N
22,105,42----,G,2177,G,30222,H,130521,103,42,18,24,12,N,3,N,N,N,N,N,N,N
22,105,423///,H,1060,H,14693,H,62386,60,24,10,16,7,N,N,N,N,N,N,N,N,N
22,105,4231//,H,106,G,1672,G,7876,7,N,N,3,N,N,N,N,N,N,N,N,N,N
22,105,42312/,J,32,H,375,H,1667,4,N,N,N,N,N,N,N,N,N,N,N,N,N
22,105,423120,J,32,H,375,H,1667,4,N,N,N,N,N,N,N,N,N,N,N,N,N
22,105,4233//,H,55,H,1122,H,4010,7,4,N,N,N,N,N,N,N,N,N,N,N,N
22,105,42331/,J,33,H,556,H,2242,3,N,N,N,N,N,N,N,N,N,N,N,N,N
22,105,423310,J,33,H,556,H,2242,3,N,N,N,N,N,N,N,N,N,N,N,N,N
22,105,4234//,J,424,J,5223,J,22976,8,4,N,N,N,N,N,N,N,N,N,N,N,N
22,105,42345/,J,396,J,4890,J,21635,6,4,N,N,N,N,N,N,N,N,N,N,N,N
22,105,423450,J,396,J,4890,J,21635,6,4,N,N,N,N,N,N,N,N,N,N,N,N
22,105,4236//,J,32,J,348,J,1178,3,N,N,N,N,N,N,N,N,N,N,N,N,N
22,105,42361/,J,32,J,348,J,1178,3,N,N,N,N,N,N,N,N,N,N,N,N,N
22,105,423610,J,32,J,348,J,1178,3,N,N,N,N,N,N,N,N,N,N,N,N,N
22,105,4237//,J,25,H,424,H,1664,8,7,N,N,N,N,N,N,N,N,N,N,N,N
22,105,42373/,J,11,G,146,G,618,4,4,N,N,N,N,N,N,N,N,N,N,N,N
22,105,423730,J,11,G,146,G,618,4,4,N,N,N,N,N,N,N,N,N,N,N,N
22,105,4238//,H,314,H,4674,H,20760,16,5,4,4,N,N,N,N,N,N,N,N,N,N
22,105,42381/,H,33,G,670,G,2776,3,N,N,N,N,N,N,N,N,N,N,N,N,N
22,105,423810,H,33,G,670,G,2776,3,N,N,N,N,N,N,N,N,N,N,N,N,N
22,105,42383/,J,62,H,1166,H,5696,5,N,N,N,N,N,N,N,N,N,N,N,N,N
22,105,423830,J,62,H,1166,H,5696,5,N,N,N,N,N,N,N,N,N,N,N,N,N
22,105,42385/,J,181,J,2351,J,10138,3,N,N,N,N,N,N,N,N,N,N,N,N,N
22,105,423850,J,181,J,2351,J,10138,3,N,N,N,N,N,N,N,N,N,N,N,N,N
22,105,4239//,H,88,H,1123,H,3454,9,3,N,N,N,N,N,N,N,N,N,N,N,N
22,105,42393/,H,29,J,371,H,1574,3,N,N,N,N,N,N,N,N,N,N,N,N,N
22,105,423930,H,29,J,371,H,1574,3,N,N,N,N,N,N,N,N,N,N,N,N,N
22,105,42399/,H,52,H,555,G,1215,5,N,N,N,N,N,N,N,N,N,N,N,N,N
22,105,423990,H,52,H,555,G,1215,5,N,N,N,N,N,N,N,N,N,N,N,N,N
22,105,424///,G,1103,G,15330,G,67032,34,9,8,8,5,N,N,N,N,N,N,N,N,N
22,105,4244//,H,766,G,10077,G,40414,17,4,3,5,3,N,N,N,N,N,N,N,N,N
22,105,42446/,J,30,H,188,H,747,3,N,N,N,N,N,N,N,N,N,N,N,N,N
22,105,424460,J,30,H,188,H,747,3,N,N,N,N,N,N,N,N,N,N,N,N,N
22,105,42449/,H,95,H,1473,H,6002,7,N,N,N,N,N,N,N,N,N,N,N,N,N
22,105,424490,H,95,H,1473,H,6002,7,N,N,N,N,N,N,N,N,N,N,N,N,N
22,105,4246//,J,15,H,297,G,1316,3,N,N,N,N,N,N,N,N,N,N,N,N,N
22,105,42469/,J,15,H,297,G,1316,3,N,N,N,N,N,N,N,N,N,N,N,N,N
22,105,424690,J,15,H,297,G,1316,3,N,N,N,N,N,N,N,N,N,N,N,N,N
22,105,4247//,J,21,J,359,J,1468,3,N,N,N,N,N,N,N,N,N,N,N,N,N
22,105,4249//,J,57,J,1737,J,11385,5,4,N,N,N,N,N,N,N,N,N,N,N,N
22,105,425///,J,14,G,199,G,1103,9,9,N,N,N,N,N,N,N,N,N,N,N,N
22,105,4251//,J,14,G,199,G,1103,9,9,N,N,N,N,N,N,N,N,N,N,N,N
22,105,42512/,J,14,G,199,G,1103,9,9,N,N,N,N,N,N,N,N,N,N,N,N
22,105,425120,J,14,G,199,G,1103,9,9,N,N,N,N,N,N,N,N,N,N,N,N
22,105,44----,G,6748,G,59948,G,233124,448,168,116,100,37,17,7,3,N,N,N,N,N,N
22,105,441///,G,1189,G,17390,G,74565,60,16,14,16,7,5,N,N,N,N,N,N,N,N
22,105,4411//,G,589,G,8872,G,38493,17,5,N,N,3,4,N,N,N,N,N,N,N,N
22,105,44111/,G,564,G,8713,G,37819,11,N,N,N,3,4,N,N,N,N,N,N,N,N
22,105,441110,G,564,G,8713,G,37819,11,N,N,N,3,4,N,N,N,N,N,N,N,N
22,105,44112/,G,25,G,159,G,674,6,4,N,N,N,N,N,N,N,N,N,N,N,N
22,105,441120,G,25,G,159,G,674,6,4,N,N,N,N,N,N,N,N,N,N,N,N
22,105,4412//,G,343,H,6567,G,27980,11,3,N,N,3,N,N,N,N,N,N,N,N,N
22,105,44121/,G,246,G,5596,G,23580,5,N,N,N,N,N,N,N,N,N,N,N,N,N
22,105,441210,G,246,G,5596,G,23580,5,N,N,N,N,N,N,N,N,N,N,N,N,N
22,105,44122/,G,97,H,971,H,4400,6,N,N,N,3,N,N,N,N,N,N,N,N,N
22,105,441222,J,42,J,398,J,1912,3,N,N,N,N,N,N,N,N,N,N,N,N,N
22,105,441228,J,55,J,573,J,2488,3,N,N,N,N,N,N,N,N,N,N,N,N,N
22,105,4413//,G,257,G,1951,G,8092,32,8,11,12,N,N,N,N,N,N,N,N,N,N
22,105,44131/,G,207,H,1433,H,6039,20,3,5,11,N,N,N,N,N,N,N,N,N,N
22,105,441310,G,207,H,1433,H,6039,20,3,5,11,N,N,N,N,N,N,N,N,N,N
22,105,44132/,J,50,H,518,H,2053,12,5,6,N,N,N,N,N,N,N,N,N,N,N
22,105,441320,J,50,H,518,H,2053,12,5,6,N,N,N,N,N,N,N,N,N,N,N
22,105,442///,G,48,H,566,H,2295,10,6,3,N,N,N,N,N,N,N,N,N,N,N
22,105,4421//,G,31,H,293,H,1147,7,5,N,N,N,N,N,N,N,N,N,N,N,N
22,105,44211/,G,31,H,293,H,1147,7,5,N,N,N,N,N,N,N,N,N,N,N,N
22,105,442110,G,31,H,293,H,1147,7,5,N,N,N,N,N,N,N,N,N,N,N,N
22,105,4422//,G,17,H,273,H,1148,3,N,N,N,N,N,N,N,N,N,N,N,N,N
22,105,443///,J,63,J,645,H,2409,5,N,3,N,N,N,N,N,N,N,N,N,N,N
22,105,4431//,J,63,J,645,H,2409,5,N,3,N,N,N,N,N,N,N,N,N,N,N
22,105,44314/,J,63,J,645,H,2409,5,N,3,N,N,N,N,N,N,N,N,N,N,N
22,105,443142,J,63,J,645,H,2409,5,N,3,N,N,N,N,N,N,N,N,N,N,N
22,105,444///,G,790,G,6974,G,27120,36,11,6,12,5,N,N,N,N,N,N,N,N,N
22,105,4441//,H,692,H,6284,H,23923,25,6,4,9,4,N,N,N,N,N,N,N,N,N
22,105,44411/,J,427,J,3282,J,11794,4,N,N,N,N,N,N,N,N,N,N,N,N,N
22,105,444110,J,427,J,3282,J,11794,4,N,N,N,N,N,N,N,N,N,N,N,N,N
22,105,44412/,G,52,G,678,G,2885,3,N,N,N,N,N,N,N,N,N,N,N,N,N
22,105,444120,G,52,G,678,G,2885,3,N,N,N,N,N,N,N,N,N,N,N,N,N
22,105,44413/,H,76,H,641,H,2557,8,N,N,5,N,N,N,N,N,N,N,N,N,N
22,105,444130,H,76,H,641,H,2557,8,N,N,5,N,N,N,N,N,N,N,N,N,N
22,105,44419/,H,137,H,1683,H,6687,10,3,N,3,3,N,N,N,N,N,N,N,N,N
22,105,444190,H,137,H,1683,H,6687,10,3,N,3,3,N,N,N,N,N,N,N,N,N
22,105,4442//,J,98,H,690,H,3197,11,5,N,3,N,N,N,N,N,N,N,N,N,N
22,105,44421/,H,24,G,253,G,1071,5,3,N,N,N,N,N,N,N,N,N,N,N,N
22,105,444210,H,24,G,253,G,1071,5,3,N,N,N,N,N,N,N,N,N,N,N,N
22,105,44422/,J,74,H,437,J,2126,6,N,N,3,N,N,N,N,N,N,N,N,N,N
22,105,444220,J,74,H,437,J,2126,6,N,N,3,N,N,N,N,N,N,N,N,N,N
22,105,445///,G,995,G,6266,G,25639,45,20,4,7,5,7,N,N,N,N,N,N,N,N
22,105,4451//,G,882,G,5605,G,22982,33,16,N,N,4,7,N,N,N,N,N,N,N,N
22,105,44511/,G,843,G,5391,G,22070,20,5,N,N,4,7,N,N,N,N,N,N,N,N
22,105,445110,G,843,G,5391,G,22070,20,5,N,N,4,7,N,N,N,N,N,N,N,N
22,105,44512/,H,39,H,214,H,912,13,11,N,N,N,N,N,N,N,N,N,N,N,N
22,105,445120,H,39,H,214,H,912,13,11,N,N,N,N,N,N,N,N,N,N,N,N
22,105,4452//,J,87,J,492,H,2026,8,N,N,4,N,N,N,N,N,N,N,N,N,N
22,105,4453//,J,26,H,169,H,631,4,N,N,N,N,N,N,N,N,N,N,N,N,N
22,105,44531/,J,26,H,169,H,631,4,N,N,N,N,N,N,N,N,N,N,N,N,N
22,105,445310,J,26,H,169,H,631,4,N,N,N,N,N,N,N,N,N,N,N,N,N
22,105,446///,G,445,G,3930,G,15990,39,10,13,8,8,N,N,N,N,N,N,N,N,N
22,105,4461//,G,445,G,3930,G,15990,39,10,13,8,8,N,N,N,N,N,N,N,N,N
22,105,44611/,G,340,G,3377,G,13774,24,N,9,7,7,N,N,N,N,N,N,N,N,N
22,105,446110,G,340,G,3377,G,13774,24,N,9,7,7,N,N,N,N,N,N,N,N,N
22,105,44612/,G,79,G,375,G,1490,9,5,N,N,N,N,N,N,N,N,N,N,N,N
22,105,446120,G,79,G,375,G,1490,9,5,N,N,N,N,N,N,N,N,N,N,N,N
22,105,44619/,G,16,J,99,J,421,5,4,N,N,N,N,N,N,N,N,N,N,N,N
22,105,446199,J,6,J,65,J,270,3,3,N,N,N,N,N,N,N,N,N,N,N,N
22,105,447///,G,702,G,4667,G,17571,80,35,17,23,3,N,N,N,N,N,N,N,N,N
22,105,4471//,G,702,G,4667,G,17571,80,35,17,23,3,N,N,N,N,N,N,N,N,N
22,105,44711/,G,514,G,3111,G,12489,73,34,15,22,N,N,N,N,N,N,N,N,N,N
22,105,447110,G,514,G,3111,G,12489,73,34,15,22,N,N,N,N,N,N,N,N,N,N
22,105,44719/,G,188,H,1556,H,5082,7,N,N,N,N,N,N,N,N,N,N,N,N,N
22,105,447190,G,188,H,1556,H,5082,7,N,N,N,N,N,N,N,N,N,N,N,N,N
22,105,448///,G,397,G,1846,G,7227,38,14,12,8,3,N,N,N,N,N,N,N,N,N
22,105,4481//,G,308,H,1448,H,5388,28,12,7,5,3,N,N,N,N,N,N,N,N,N
22,105,44812/,G,60,G,286,G,1116,8,N,4,N,N,N,N,N,N,N,N,N,N,N
22,105,448120,G,60,G,286,G,1116,8,N,4,N,N,N,N,N,N,N,N,N,N,N
22,105,44813/,J,17,H,52,J,189,3,N,N,N,N,N,N,N,N,N,N,N,N,N
22,105,448130,J,17,H,52,J,189,3,N,N,N,N,N,N,N,N,N,N,N,N,N
22,105,44814/,H,181,H,834,H,3155,9,4,N,N,3,N,N,N,N,N,N,N,N,N
22,105,448140,H,181,H,834,H,3155,9,4,N,N,3,N,N,N,N,N,N,N,N,N
22,105,44815/,J,9,J,50,J,188,3,N,N,N,N,N,N,N,N,N,N,N,N,N
22,105,448150,J,9,J,50,J,188,3,N,N,N,N,N,N,N,N,N,N,N,N,N
22,105,44819/,H,39,H,221,H,718,4,N,N,N,N,N,N,N,N,N,N,N,N,N
22,105,448190,H,39,H,221,H,718,4,N,N,N,N,N,N,N,N,N,N,N,N,N
22,105,4482//,G,65,G,220,G,944,6,N,N,3,N,N,N,N,N,N,N,N,N,N
22,105,44821/,G,65,G,220,G,944,6,N,N,3,N,N,N,N,N,N,N,N,N,N
22,105,448210,G,65,G,220,G,944,6,N,N,3,N,N,N,N,N,N,N,N,N,N
22,105,4483//,H,24,H,178,H,895,4,N,3,N,N,N,N,N,N,N,N,N,N,N
22,105,44831/,H,24,H,178,H,895,4,N,3,N,N,N,N,N,N,N,N,N,N,N
22,105,448310,H,24,H,178,H,895,4,N,3,N,N,N,N,N,N,N,N,N,N,N
22,105,451///,G,215,G,1475,G,5380,19,9,4,3,N,N,N,N,N,N,N,N,N,N
22,105,4511//,H,194,H,1362,G,4903,15,7,3,N,N,N,N,N,N,N,N,N,N,N
22,105,45111/,H,131,G,1004,G,3385,8,N,3,N,N,N,N,N,N,N,N,N,N,N
22,105,451110,H,131,G,1004,G,3385,8,N,3,N,N,N,N,N,N,N,N,N,N,N
22,105,45112/,G,61,H,347,H,1451,4,N,N,N,N,N,N,N,N,N,N,N,N,N
22,105,451120,G,61,H,347,H,1451,4,N,N,N,N,N,N,N,N,N,N,N,N,N
22,105,4512//,J,21,J,113,J,477,4,N,N,N,N,N,N,N,N,N,N,N,N,N
22,105,45121/,J,21,J,113,J,477,4,N,N,N,N,N,N,N,N,N,N,N,N,N
22,105,451211,J,21,J,113,J,477,4,N,N,N,N,N,N,N,N,N,N,N,N,N
22,105,452///,H,1598,J,13379,H,43701,48,N,27,13,N,N,N,3,N,N,N,N,N,N
22,105,4523//,H,1545,J,12958,H,42055,47,N,27,13,N,N,N,3,N,N,N,N,N,N
22,105,45231/,H,1545,J,12958,H,42055,47,N,27,13,N,N,N,3,N,N,N,N,N,N
22,105,452311,J,1176,J,11260,J,34815,4,N,N,N,N,N,N,3,N,N,N,N,N,N
22,105,452319,H,369,H,1698,H,7240,43,N,27,13,N,N,N,N,N,N,N,N,N,N
22,105,453///,H,249,G,2307,G,9201,52,32,11,7,N,N,N,N,N,N,N,N,N,N
22,105,4531//,G,13,H,61,H,228,6,5,N,N,N,N,N,N,N,N,N,N,N,N
22,105,45311/,G,13,H,61,H,228,6,5,N,N,N,N,N,N,N,N,N,N,N,N
22,105,453110,G,13,H,61,H,228,6,5,N,N,N,N,N,N,N,N,N,N,N,N
22,105,4532//,J,63,H,300,H,1129,9,6,N,N,N,N,N,N,N,N,N,N,N,N
22,105,45322/,J,40,J,192,J,731,7,6,N,N,N,N,N,N,N,N,N,N,N,N
22,105,453220,J,40,J,192,J,731,7,6,N,N,N,N,N,N,N,N,N,N,N,N
22,105,4533//,H,49,G,308,G,1170,7,3,N,N,N,N,N,N,N,N,N,N,N,N
22,105,45331/,H,49,G,308,G,1170,7,3,N,N,N,N,N,N,N,N,N,N,N,N
22,105,453310,H,49,G,308,G,1170,7,3,N,N,N,N,N,N,N,N,N,N,N,N
22,105,4539//,J,124,G,1638,G,6674,30,18,7,5,N,N,N,N,N,N,N,N,N,N
22,105,45391/,J,31,J,350,J,1356,3,N,N,N,N,N,N,N,N,N,N,N,N,N
22,105,453910,J,31,J,350,J,1356,3,N,N,N,N,N,N,N,N,N,N,N,N,N
22,105,45393/,H,44,G,973,H,3925,8,4,N,3,N,N,N,N,N,N,N,N,N,N
22,105,453930,H,44,G,973,H,3925,8,4,N,3,N,N,N,N,N,N,N,N,N,N
22,105,45399/,H,45,G,311,G,1372,18,13,5,N,N,N,N,N,N,N,N,N,N,N
22,105,453991,H,22,G,114,G,490,9,8,N,N,N,N,N,N,N,N,N,N,N,N
22,105,453998,H,23,G,197,G,882,9,5,4,N,N,N,N,N,N,N,N,N,N,N
22,105,454///,J,57,J,503,J,2026,16,13,N,N,N,N,N,N,N,N,N,N,N,N
22,105,4541//,J,5,J,13,J,27,4,4,N,N,N,N,N,N,N,N,N,N,N,N
22,105,45411/,J,5,J,13,J,27,4,4,N,N,N,N,N,N,N,N,N,N,N,N
22,105,454110,J,5,J,13,J,27,4,4,N,N,N,N,N,N,N,N,N,N,N,N
22,105,4543//,J,52,J,490,J,1999,12,9,N,N,N,N,N,N,N,N,N,N,N,N
22,105,45431/,J,32,J,349,J,1449,3,N,N,N,N,N,N,N,N,N,N,N,N,N
22,105,454310,J,32,J,349,J,1449,3,N,N,N,N,N,N,N,N,N,N,N,N,N
22,105,45439/,J,20,J,141,H,550,9,9,N,N,N,N,N,N,N,N,N,N,N,N
22,105,454390,J,20,J,141,H,550,9,9,N,N,N,N,N,N,N,N,N,N,N,N
22,105,48----,H,2215,H,30387,H,122558,100,51,15,20,6,6,N,N,N,N,N,N,N,N
22,105,483///,J,9,G,129,G,545,5,5,N,N,N,N,N,N,N,N,N,N,N,N
22,105,4832//,J,9,G,129,G,545,5,5,N,N,N,N,N,N,N,N,N,N,N,N
22,105,48321/,J,9,G,129,G,545,5,5,N,N,N,N,N,N,N,N,N,N,N,N
22,105,483212,G,6,H,75,G,332,3,3,N,N,N,N,N,N,N,N,N,N,N,N
22,105,484///,H,875,G,14198,G,58584,54,24,12,9,3,5,N,N,N,N,N,N,N,N
22,105,4841//,G,623,G,10046,G,41637,34,16,8,4,N,4,N,N,N,N,N,N,N,N
22,105,48411/,H,84,H,1056,H,4206,11,8,N,N,N,N,N,N,N,N,N,N,N,N
22,105,484110,H,84,H,1056,H,4206,11,8,N,N,N,N,N,N,N,N,N,N,N,N
22,105,48412/,G,539,G,8990,G,37431,23,8,7,3,N,3,N,N,N,N,N,N,N,N
22,105,484121,H,439,G,7368,H,30494,21,8,6,3,N,N,N,N,N,N,N,N,N,N
22,105,4842//,H,252,H,4152,H,16947,20,8,4,5,N,N,N,N,N,N,N,N,N,N
22,105,48422/,H,182,H,2746,H,11154,13,7,N,N,N,N,N,N,N,N,N,N,N,N
22,105,484220,H,182,H,2746,H,11154,13,7,N,N,N,N,N,N,N,N,N,N,N,N
22,105,48423/,J,51,H,1256,H,4812,6,N,3,N,N,N,N,N,N,N,N,N,N,N
22,105,484230,J,51,H,1256,H,4812,6,N,3,N,N,N,N,N,N,N,N,N,N,N
22,105,485///,G,4,H,53,G,260,3,3,N,N,N,N,N,N,N,N,N,N,N,N
22,105,488///,H,144,G,1616,G,7545,26,17,N,5,N,N,N,N,N,N,N,N,N,N
22,105,4881//,H,80,G,883,G,4110,7,N,N,3,N,N,N,N,N,N,N,N,N,N
22,105,48811/,J,21,J,184,J,829,3,N,N,N,N,N,N,N,N,N,N,N,N,N
22,105,488119,J,21,J,184,J,829,3,N,N,N,N,N,N,N,N,N,N,N,N,N
22,105,48819/,G,59,G,699,H,3281,4,N,N,N,N,N,N,N,N,N,N,N,N,N
22,105,488190,G,59,G,699,H,3281,4,N,N,N,N,N,N,N,N,N,N,N,N,N
22,105,4883//,G,11,J,142,J,889,4,3,N,N,N,N,N,N,N,N,N,N,N,N
22,105,4884//,J,38,G,399,G,1604,9,7,N,N,N,N,N,N,N,N,N,N,N,N
22,105,48841/,H,32,G,334,G,1342,8,7,N,N,N,N,N,N,N,N,N,N,N,N
22,105,488410,H,32,G,334,G,1342,8,7,N,N,N,N,N,N,N,N,N,N,N,N
22,105,4885//,J,11,J,164,H,795,4,3,N,N,N,N,N,N,N,N,N,N,N,N
22,105,48851/,J,11,J,164,H,795,4,3,N,N,N,N,N,N,N,N,N,N,N,N
22,105,488510,J,11,J,164,H,795,4,3,N,N,N,N,N,N,N,N,N,N,N,N
22,105,493///,H,1117,J,14040,J,53800,11,N,N,6,N,N,N,N,N,N,N,N,N,N
22,105,4931//,H,1117,J,14040,J,53800,11,N,N,6,N,N,N,N,N,N,N,N,N,N
22,105,49311/,H,1117,J,14040,J,53800,11,N,N,6,N,N,N,N,N,N,N,N,N,N
22,105,493110,H,1117,J,14040,J,53800,11,N,N,6,N,N,N,N,N,N,N,N,N,N
22,105,51----,H,451,G,6406,G,25307,31,14,4,7,3,3,N,N,N,N,N,N,N,N
22,105,517///,H,326,H,5313,G,20904,24,12,4,4,N,N,N,N,N,N,N,N,N,N
22,105,5173//,H,253,H,4223,H,16366,18,8,3,4,N,N,N,N,N,N,N,N,N,N
22,105,51731/,H,253,H,4223,H,16366,18,8,3,4,N,N,N,N,N,N,N,N,N,N
22,105,517311,J,198,H,3444,H,13209,9,4,N,N,N,N,N,N,N,N,N,N,N,N
22,105,517312,H,55,G,779,G,3157,9,4,3,N,N,N,N,N,N,N,N,N,N,N
22,105,5179//,G,73,H,1090,H,4538,6,4,N,N,N,N,N,N,N,N,N,N,N,N
22,105,51791/,G,73,H,1090,H,4538,6,4,N,N,N,N,N,N,N,N,N,N,N,N
22,105,517911,J,21,J,150,J,620,4,3,N,N,N,N,N,N,N,N,N,N,N,N
22,105,52----,G,1330,H,22171,H,91307,184,111,45,18,7,N,N,N,N,N,N,N,N,N
22,105,522///,H,846,H,14967,H,58884,103,58,30,11,N,N,N,N,N,N,N,N,N,N
22,105,5221//,H,460,H,9336,H,38344,41,11,19,9,N,N,N,N,N,N,N,N,N,N
22,105,52211/,J,406,H,8688,H,35816,32,8,14,8,N,N,N,N,N,N,N,N,N,N
22,105,522110,J,406,H,8688,H,35816,32,8,14,8,N,N,N,N,N,N,N,N,N,N
22,105,52213/,G,47,G,518,G,2037,8,3,4,N,N,N,N,N,N,N,N,N,N,N
22,105,522130,G,47,G,518,G,2037,8,3,4,N,N,N,N,N,N,N,N,N,N,N
22,105,5222//,H,358,H,5375,H,19577,46,31,11,N,N,N,N,N,N,N,N,N,N,N
22,105,52229/,H,358,H,5375,H,19577,46,31,11,N,N,N,N,N,N,N,N,N,N,N
22,105,522291,J,275,J,4299,H,15132,36,27,7,N,N,N,N,N,N,N,N,N,N,N
22,105,522292,H,21,G,374,G,1738,5,3,N,N,N,N,N,N,N,N,N,N,N,N
22,105,522298,G,62,G,702,G,2707,5,N,N,N,N,N,N,N,N,N,N,N,N,N
22,105,5223//,G,28,G,256,G,963,16,16,N,N,N,N,N,N,N,N,N,N,N,N
22,105,52231/,J,8,G,84,H,373,4,4,N,N,N,N,N,N,N,N,N,N,N,N
22,105,522310,J,8,G,84,H,373,4,4,N,N,N,N,N,N,N,N,N,N,N,N
22,105,52239/,J,20,H,172,H,590,12,12,N,N,N,N,N,N,N,N,N,N,N,N
22,105,522390,J,20,H,172,H,590,12,12,N,N,N,N,N,N,N,N,N,N,N,N
22,105,523///,J,43,J,996,J,4319,17,15,N,N,N,N,N,N,N,N,N,N,N,N
22,105,5231//,J,5,J,117,J,488,3,3,N,N,N,N,N,N,N,N,N,N,N,N
22,105,52312/,J,5,J,117,J,488,3,3,N,N,N,N,N,N,N,N,N,N,N,N
22,105,523120,J,5,J,117,J,488,3,3,N,N,N,N,N,N,N,N,N,N,N,N
22,105,5239//,J,38,J,879,J,3831,14,12,N,N,N,N,N,N,N,N,N,N,N,N
22,105,52392/,J,18,J,656,J,2711,7,6,N,N,N,N,N,N,N,N,N,N,N,N
22,105,523920,J,18,J,656,J,2711,7,6,N,N,N,N,N,N,N,N,N,N,N,N
22,105,52393/,J,16,J,203,J,1019,3,N,N,N,N,N,N,N,N,N,N,N,N,N
22,105,523930,J,16,J,203,J,1019,3,N,N,N,N,N,N,N,N,N,N,N,N,N
22,105,524///,G,441,G,6208,G,28104,64,38,14,6,5,N,N,N,N,N,N,N,N,N
22,105,5241//,J,65,H,616,H,2787,6,3,N,N,N,N,N,N,N,N,N,N,N,N
22,105,52411/,J,54,J,427,J,1985,3,N,N,N,N,N,N,N,N,N,N,N,N,N
22,105,52412/,J,11,J,189,J,802,3,N,N,N,N,N,N,N,N,N,N,N,N,N
22,105,524126,J,11,J,189,J,802,3,N,N,N,N,N,N,N,N,N,N,N,N,N
22,105,5242//,G,376,G,5592,G,25317,58,35,12,6,4,N,N,N,N,N,N,N,N,N
22,105,52421/,G,308,G,4434,G,20044,52,34,9,6,N,N,N,N,N,N,N,N,N,N
22,105,524210,G,308,G,4434,G,20044,52,34,9,6,N,N,N,N,N,N,N,N,N,N
22,105,52429/,G,68,G,1158,G,5273,6,N,3,N,N,N,N,N,N,N,N,N,N,N
22,105,524291,G,58,G,969,G,4540,4,N,N,N,N,N,N,N,N,N,N,N,N,N
22,105,53----,G,633,G,8507,G,30917,123,94,13,9,5,N,N,N,N,N,N,N,N,N
22,105,531///,H,294,H,2586,H,11941,101,89,7,3,N,N,N,N,N,N,N,N,N,N
22,105,5311//,G,137,G,908,G,4076,47,39,6,N,N,N,N,N,N,N,N,N,N,N
22,105,53111/,H,48,G,395,G,1528,27,26,N,N,N,N,N,N,N,N,N,N,N,N
22,105,531110,H,48,G,395,G,1528,27,26,N,N,N,N,N,N,N,N,N,N,N,N
22,105,53112/,H,51,G,347,G,1675,15,10,4,N,N,N,N,N,N,N,N,N,N,N
22,105,531120,H,51,G,347,G,1675,15,10,4,N,N,N,N,N,N,N,N,N,N,N
22,105,53113/,G,10,G,43,G,163,3,N,N,N,N,N,N,N,N,N,N,N,N,N
22,105,531130,G,10,G,43,G,163,3,N,N,N,N,N,N,N,N,N,N,N,N,N
22,105,5312//,G,51,G,412,G,1537,25,24,N,N,N,N,N,N,N,N,N,N,N,N
22,105,53121/,G,51,G,412,G,1537,25,24,N,N,N,N,N,N,N,N,N,N,N,N
22,105,531210,G,51,G,412,G,1537,25,24,N,N,N,N,N,N,N,N,N,N,N,N
22,105,5313//,H,106,H,1266,H,6328,29,26,N,N,N,N,N,N,N,N,N,N,N,N
22,105,53131/,H,92,H,1132,J,5514,16,13,N,N,N,N,N,N,N,N,N,N,N,N
22,105,531311,H,68,J,862,J,4388,10,9,N,N,N,N,N,N,N,N,N,N,N,N
22,105,531312,G,24,G,270,G,1126,6,4,N,N,N,N,N,N,N,N,N,N,N,N
22,105,53132/,G,9,G,82,G,387,8,8,N,N,N,N,N,N,N,N,N,N,N,N
22,105,531320,G,9,G,82,G,387,8,8,N,N,N,N,N,N,N,N,N,N,N,N
22,105,53139/,J,5,J,52,G,427,5,5,N,N,N,N,N,N,N,N,N,N,N,N
22,105,531390,J,5,J,52,G,427,5,5,N,N,N,N,N,N,N,N,N,N,N,N
22,105,532///,H,302,H,4958,G,14284,21,5,6,6,3,N,N,N,N,N,N,N,N,N
22,105,5321//,H,70,J,915,J,3129,6,N,N,N,N,N,N,N,N,N,N,N,N,N
22,105,53212/,G,55,J,594,H,2444,4,N,N,N,N,N,N,N,N,N,N,N,N,N
22,105,532120,G,55,J,594,H,2444,4,N,N,N,N,N,N,N,N,N,N,N,N,N
22,105,5322//,J,54,H,413,G,1306,5,N,N,N,N,N,N,N,N,N,N,N,N,N
22,105,53221/,J,26,H,268,H,959,3,N,N,N,N,N,N,N,N,N,N,N,N,N
22,105,532210,J,26,H,268,H,959,3,N,N,N,N,N,N,N,N,N,N,N,N,N
22,105,5324//,H,168,J,3528,H,9445,9,N,N,3,N,N,N,N,N,N,N,N,N,N
22,105,53249/,H,161,J,3421,J,8940,8,N,N,3,N,N,N,N,N,N,N,N,N,N
22,105,532490,H,161,J,3421,J,8940,8,N,N,3,N,N,N,N,N,N,N,N,N,N
22,105,54----,H,1257,G,19111,G,88176,207,152,19,24,9,N,N,N,N,N,N,N,N,N
22,105,541///,H,1257,G,19111,G,88176,207,152,19,24,9,N,N,N,N,N,N,N,N,N
22,105,5411//,J,236,H,3665,H,16435,64,52,7,3,N,N,N,N,N,N,N,N,N,N
22,105,54111/,H,206,H,3386,H,15216,48,38,5,3,N,N,N,N,N,N,N,N,N,N
22,105,541110,H,206,H,3386,H,15216,48,38,5,3,N,N,N,N,N,N,N,N,N,N
22,105,54119/,J,30,J,279,H,1219,16,14,N,N,N,N,N,N,N,N,N,N,N,N
22,105,541191,J,14,J,180,J,838,12,12,N,N,N,N,N,N,N,N,N,N,N,N
22,105,541199,J,16,G,99,G,381,4,N,N,N,N,N,N,N,N,N,N,N,N,N
22,105,5412//,H,143,G,1543,H,6742,37,29,5,N,N,N,N,N,N,N,N,N,N,N
22,105,54121/,H,143,G,1543,H,6742,37,29,5,N,N,N,N,N,N,N,N,N,N,N
22,105,541211,G,74,H,1132,H,4957,15,9,4,N,N,N,N,N,N,N,N,N,N,N
22,105,541213,J,31,J,129,H,333,6,5,N,N,N,N,N,N,N,N,N,N,N,N
22,105,541219,H,38,G,282,G,1170,15,14,N,N,N,N,N,N,N,N,N,N,N,N
22,105,5413//,H,191,H,3165,H,13703,23,16,N,4,N,N,N,N,N,N,N,N,N,N
22,105,54131/,G,51,H,853,H,3904,4,N,N,N,N,N,N,N,N,N,N,N,N,N
22,105,541310,G,51,H,853,H,3904,4,N,N,N,N,N,N,N,N,N,N,N,N,N
22,105,54133/,H,41,G,947,G,4312,8,5,N,3,N,N,N,N,N,N,N,N,N,N
22,105,541330,H,41,G,947,G,4312,8,5,N,3,N,N,N,N,N,N,N,N,N,N
22,105,54137/,J,27,J,307,J,1085,3,N,N,N,N,N,N,N,N,N,N,N,N,N
22,105,541370,J,27,J,307,J,1085,3,N,N,N,N,N,N,N,N,N,N,N,N,N
22,105,54138/,J,68,J,1023,J,4262,3,N,N,N,N,N,N,N,N,N,N,N,N,N
22,105,541380,J,68,J,1023,J,4262,3,N,N,N,N,N,N,N,N,N,N,N,N,N
22,105,5414//,G,6,J,80,J,285,3,3,N,N,N,N,N,N,N,N,N,N,N,N
22,105,5415//,H,77,H,1715,H,6145,16,10,N,4,N,N,N,N,N,N,N,N,N,N
22,105,54151/,H,77,H,1715,H,6145,16,10,N,4,N,N,N,N,N,N,N,N,N,N
22,105,541511,H,49,G,749,G,2990,9,4,N,3,N,N,N,N,N,N,N,N,N,N
22,105,541512,G,27,J,961,H,3103,6,5,N,N,N,N,N,N,N,N,N,N,N,N
22,105,5416//,G,320,H,5297,H,27187,25,20,N,3,N,N,N,N,N,N,N,N,N,N
22,105,54161/,H,222,J,3766,J,20023,13,9,N,3,N,N,N,N,N,N,N,N,N,N
22,105,541611,J,19,H,274,H,1451,5,4,N,N,N,N,N,N,N,N,N,N,N,N
22,105,541614,J,170,J,3039,J,16750,3,N,N,N,N,N,N,N,N,N,N,N,N,N
22,105,54162/,J,89,J,1382,J,6289,4,3,N,N,N,N,N,N,N,N,N,N,N,N
22,105,541620,J,89,J,1382,J,6289,4,3,N,N,N,N,N,N,N,N,N,N,N,N
22,105,54169/,J,9,G,149,G,875,8,8,N,N,N,N,N,N,N,N,N,N,N,N
22,105,541690,J,9,G,149,G,875,8,8,N,N,N,N,N,N,N,N,N,N,N,N
22,105,5418//,J,42,H,660,H,4616,7,4,N,N,N,N,N,N,N,N,N,N,N,N
22,105,54181/,J,18,J,374,J,3419,3,N,N,N,N,N,N,N,N,N,N,N,N,N
22,105,541810,J,18,J,374,J,3419,3,N,N,N,N,N,N,N,N,N,N,N,N,N
22,105,5419//,G,239,G,2904,H,12823,30,16,4,6,4,N,N,N,N,N,N,N,N,N
22,105,54194/,G,163,G,1629,G,6531,17,8,N,4,3,N,N,N,N,N,N,N,N,N
22,105,541940,G,163,G,1629,G,6531,17,8,N,4,3,N,N,N,N,N,N,N,N,N
22,105,54199/,G,67,H,1218,H,6122,11,7,N,N,N,N,N,N,N,N,N,N,N,N
22,105,541990,G,67,H,1218,H,6122,11,7,N,N,N,N,N,N,N,N,N,N,N,N
22,105,55----,J,513,J,14095,J,48680,9,3,N,N,N,N,N,N,N,N,N,N,N,N
22,105,551///,J,513,J,14095,J,48680,9,3,N,N,N,N,N,N,N,N,N,N,N,N
22,105,5511//,J,513,J,14095,J,48680,9,3,N,N,N,N,N,N,N,N,N,N,N,N
22,105,55111/,J,513,J,14095,J,48680,9,3,N,N,N,N,N,N,N,N,N,N,N,N
22,105,551114,J,512,J,14086,J,48588,7,N,N,N,N,N,N,N,N,N,N,N,N,N
22,105,56----,H,2083,H,16440,H,74686,92,51,18,7,12,N,N,N,N,N,N,N,N,N
22,105,561///,H,1892,H,13667,H,62507,82,46,17,6,10,N,N,N,N,N,N,N,N,N
22,105,5611//,J,65,J,933,J,4688,13,10,N,N,N,N,N,N,N,N,N,N,N,N
22,105,56111/,J,65,J,933,J,4688,13,10,N,N,N,N,N,N,N,N,N,N,N,N
22,105,561110,J,65,J,933,J,4688,13,10,N,N,N,N,N,N,N,N,N,N,N,N
22,105,5612//,J,33,J,223,J,796,5,4,N,N,N,N,N,N,N,N,N,N,N,N
22,105,56121/,J,33,J,223,J,796,5,4,N,N,N,N,N,N,N,N,N,N,N,N
22,105,561210,J,33,J,223,J,796,5,4,N,N,N,N,N,N,N,N,N,N,N,N
22,105,5613//,G,97,H,1242,H,4826,3,N,N,N,N,N,N,N,N,N,N,N,N,N
22,105,56132/,G,97,H,1242,H,4826,3,N,N,N,N,N,N,N,N,N,N,N,N,N
22,105,561320,G,97,H,1242,H,4826,3,N,N,N,N,N,N,N,N,N,N,N,N,N
22,105,5614//,J,41,J,325,J,1652,6,3,N,N,N,N,N,N,N,N,N,N,N,N
22,105,5616//,H,1268,J,7509,J,36220,7,N,3,N,N,N,N,N,N,N,N,N,N,N
22,105,56161/,H,1248,J,7300,J,35217,3,N,N,N,N,N,N,N,N,N,N,N,N,N
22,105,56162/,J,20,H,209,G,1003,4,N,N,N,N,N,N,N,N,N,N,N,N,N
22,105,5617//,G,341,G,2920,G,11890,42,24,9,4,4,N,N,N,N,N,N,N,N,N
22,105,56171/,H,72,G,794,H,2868,7,N,N,4,N,N,N,N,N,N,N,N,N,N
22,105,561710,H,72,G,794,H,2868,7,N,N,4,N,N,N,N,N,N,N,N,N,N
22,105,56172/,G,70,G,319,G,1386,9,4,3,N,N,N,N,N,N,N,N,N,N,N
22,105,561720,G,70,G,319,G,1386,9,4,3,N,N,N,N,N,N,N,N,N,N,N
22,105,56173/,G,186,G,1731,G,7330,21,14,5,N,N,N,N,N,N,N,N,N,N,N
22,105,561730,G,186,G,1731,G,7330,21,14,5,N,N,N,N,N,N,N,N,N,N,N
22,105,56179/,J,10,H,60,J,247,4,3,N,N,N,N,N,N,N,N,N,N,N,N
22,105,561790,J,10,H,60,J,247,4,3,N,N,N,N,N,N,N,N,N,N,N,N
22,105,5619//,G,47,G,515,G,2435,6,3,N,N,N,N,N,N,N,N,N,N,N,N
22,105,56199/,H,46,G,505,G,2400,5,N,N,N,N,N,N,N,N,N,N,N,N,N
22,105,561990,H,46,G,505,G,2400,5,N,N,N,N,N,N,N,N,N,N,N,N,N
22,105,562///,H,191,H,2773,H,12179,10,5,N,N,N,N,N,N,N,N,N,N,N,N
22,105,5621//,G,48,G,483,G,2745,5,3,N,N,N,N,N,N,N,N,N,N,N,N
22,105,56211/,G,48,G,483,G,2745,5,3,N,N,N,N,N,N,N,N,N,N,N,N
22,105,562111,G,48,G,483,G,2745,5,3,N,N,N,N,N,N,N,N,N,N,N,N
22,105,5629//,H,140,H,2248,H,9225,3,N,N,N,N,N,N,N,N,N,N,N,N,N
22,105,61----,G,567,G,4232,G,16716,36,14,5,8,6,3,N,N,N,N,N,N,N,N
22,105,611///,G,567,G,4232,G,16716,36,14,5,8,6,3,N,N,N,N,N,N,N,N
22,105,6111//,G,403,G,3297,G,12870,14,4,N,4,3,3,N,N,N,N,N,N,N,N
22,105,61111/,G,403,G,3297,G,12870,14,4,N,4,3,3,N,N,N,N,N,N,N,N
22,105,611110,G,403,G,3297,G,12870,14,4,N,4,3,3,N,N,N,N,N,N,N,N
22,105,6114//,J,29,J,227,J,919,3,N,N,N,N,N,N,N,N,N,N,N,N,N
22,105,61143/,J,29,J,227,J,919,3,N,N,N,N,N,N,N,N,N,N,N,N,N
22,105,611430,J,29,J,227,J,919,3,N,N,N,N,N,N,N,N,N,N,N,N,N
22,105,6115//,H,45,H,450,H,1789,7,4,N,N,N,N,N,N,N,N,N,N,N,N
22,105,61151/,H,45,H,450,H,1789,7,4,N,N,N,N,N,N,N,N,N,N,N,N
22,105,611519,G,19,G,162,H,665,4,N,N,N,N,N,N,N,N,N,N,N,N,N
22,105,6116//,H,90,H,258,H,1138,12,4,4,3,N,N,N,N,N,N,N,N,N,N
22,105,61162/,G,49,G,123,G,598,6,N,N,N,N,N,N,N,N,N,N,N,N,N
22,105,611620,G,49,G,123,G,598,6,N,N,N,N,N,N,N,N,N,N,N,N,N
22,105,61169/,J,32,H,125,H,495,4,N,N,N,N,N,N,N,N,N,N,N,N,N
22,105,611692,G,20,G,62,G,275,3,N,N,N,N,N,N,N,N,N,N,N,N,N
22,105,62----,G,9087,H,109445,H,445506,351,104,100,56,56,18,14,N,N,N,N,N,N,N
22,105,621///,G,2602,G,39760,G,161944,209,80,60,34,29,4,N,N,N,N,N,N,N,N
22,105,6211//,H,1014,G,23616,G,93833,55,19,14,10,10,N,N,N,N,N,N,N,N,N
22,105,62111/,H,1014,G,23616,G,93833,55,19,14,10,10,N,N,N,N,N,N,N,N,N
22,105,621111,H,1014,G,23616,G,93833,55,19,14,10,10,N,N,N,N,N,N,N,N,N
22,105,6212//,G,266,G,3214,G,14266,33,9,17,5,N,N,N,N,N,N,N,N,N,N
22,105,62121/,G,266,G,3214,G,14266,33,9,17,5,N,N,N,N,N,N,N,N,N,N
22,105,621210,G,266,G,3214,G,14266,33,9,17,5,N,N,N,N,N,N,N,N,N,N
22,105,6213//,G,566,G,4729,G,20470,64,30,16,10,7,N,N,N,N,N,N,N,N,N
22,105,62131/,H,41,G,393,G,1726,10,9,N,N,N,N,N,N,N,N,N,N,N,N
22,105,621310,H,41,G,393,G,1726,10,9,N,N,N,N,N,N,N,N,N,N,N,N
22,105,62132/,H,35,H,339,H,1354,7,3,N,N,N,N,N,N,N,N,N,N,N,N
22,105,621320,H,35,H,339,H,1354,7,3,N,N,N,N,N,N,N,N,N,N,N,N
22,105,62133/,G,127,H,907,H,4167,7,3,N,N,N,N,N,N,N,N,N,N,N,N
22,105,621330,G,127,H,907,H,4167,7,3,N,N,N,N,N,N,N,N,N,N,N,N
22,105,62134/,H,276,H,2244,H,9449,19,4,5,4,6,N,N,N,N,N,N,N,N,N
22,105,621340,H,276,H,2244,H,9449,19,4,5,4,6,N,N,N,N,N,N,N,N,N
22,105,62139/,H,87,G,846,G,3774,21,11,8,N,N,N,N,N,N,N,N,N,N,N
22,105,621391,G,5,J,89,H,470,3,3,N,N,N,N,N,N,N,N,N,N,N,N
22,105,621399,H,82,G,757,G,3304,18,8,8,N,N,N,N,N,N,N,N,N,N,N
22,105,6214//,J,200,H,3049,H,12908,24,7,8,7,N,N,N,N,N,N,N,N,N,N
22,105,62142/,G,8,G,75,G,257,4,4,N,N,N,N,N,N,N,N,N,N,N,N
22,105,621420,G,8,G,75,G,257,4,4,N,N,N,N,N,N,N,N,N,N,N,N
22,105,62149/,J,192,H,2974,H,12651,20,3,8,7,N,N,N,N,N,N,N,N,N,N
22,105,621492,J,75,J,1116,J,4382,9,N,5,N,N,N,N,N,N,N,N,N,N,N
22,105,621493,H,84,G,1458,G,6555,8,N,N,5,N,N,N,N,N,N,N,N,N,N
22,105,621498,G,33,H,400,G,1714,3,N,N,N,N,N,N,N,N,N,N,N,N,N
22,105,6215//,J,24,H,225,G,1013,9,7,N,N,N,N,N,N,N,N,N,N,N,N
22,105,62151/,J,24,H,225,G,1013,9,7,N,N,N,N,N,N,N,N,N,N,N,N
22,105,621511,J,20,G,175,G,759,7,5,N,N,N,N,N,N,N,N,N,N,N,N
22,105,6216//,G,384,G,3731,G,14951,17,5,N,N,7,N,N,N,N,N,N,N,N,N
22,105,62161/,G,384,G,3731,G,14951,17,5,N,N,7,N,N,N,N,N,N,N,N,N
22,105,621610,G,384,G,3731,G,14951,17,5,N,N,7,N,N,N,N,N,N,N,N,N
22,105,6219//,J,148,J,1196,J,4503,7,3,N,N,N,N,N,N,N,N,N,N,N,N
22,105,62199/,J,148,J,1196,J,4503,7,3,N,N,N,N,N,N,N,N,N,N,N,N
22,105,621999,J,16,J,277,J,1122,5,3,N,N,N,N,N,N,N,N,N,N,N,N
22,105,622///,J,2975,J,46914,J,186288,10,N,N,N,N,N,5,N,N,N,N,N,N,N
22,105,6221//,J,2460,J,40210,J,160101,4,N,N,N,N,N,N,N,N,N,N,N,N,N
22,105,62211/,J,2460,J,40210,J,160101,4,N,N,N,N,N,N,N,N,N,N,N,N,N
22,105,622110,J,2460,J,40210,J,160101,4,N,N,N,N,N,N,N,N,N,N,N,N,N
22,105,6223//,H,406,H,5296,H,20752,5,N,N,N,N,N,N,N,N,N,N,N,N,N
22,105,62231/,H,406,H,5296,H,20752,5,N,N,N,N,N,N,N,N,N,N,N,N,N
22,105,622310,H,406,H,5296,H,20752,5,N,N,N,N,N,N,N,N,N,N,N,N,N
22,105,623///,G,1544,G,11690,G,51323,51,5,20,8,9,4,5,N,N,N,N,N,N,N
22,105,6231//,G,766,G,6799,G,29537,10,N,N,N,N,N,4,N,N,N,N,N,N,N
22,105,62311/,G,766,G,6799,G,29537,10,N,N,N,N,N,4,N,N,N,N,N,N,N
22,105,623110,G,766,G,6799,G,29537,10,N,N,N,N,N,4,N,N,N,N,N,N,N
22,105,6232//,H,593,H,3800,H,16820,38,3,20,8,6,N,N,N,N,N,N,N,N,N
22,105,62321/,H,532,H,3225,H,14169,36,3,20,7,5,N,N,N,N,N,N,N,N,N
22,105,623210,H,532,H,3225,H,14169,36,3,20,7,5,N,N,N,N,N,N,N,N,N
22,105,624///,G,1966,G,11081,G,45951,81,19,20,13,17,9,3,N,N,N,N,N,N,N
22,105,6241//,G,1410,G,7333,G,31690,37,11,4,4,7,8,3,N,N,N,N,N,N,N
22,105,62411/,J,31,H,326,H,1500,5,N,N,N,N,N,N,N,N,N,N,N,N,N
22,105,624110,J,31,H,326,H,1500,5,N,N,N,N,N,N,N,N,N,N,N,N,N
22,105,62412/,G,1276,G,6222,G,27060,22,4,N,N,7,7,3,N,N,N,N,N,N,N
22,105,624120,G,1276,G,6222,G,27060,22,4,N,N,7,7,3,N,N,N,N,N,N,N
22,105,62419/,H,103,H,785,H,3130,10,5,N,N,N,N,N,N,N,N,N,N,N,N
22,105,624190,H,103,H,785,H,3130,10,5,N,N,N,N,N,N,N,N,N,N,N,N
22,105,6242//,J,14,J,126,J,519,3,N,N,N,N,N,N,N,N,N,N,N,N,N
22,105,6244//,H,532,G,3560,G,13469,40,6,15,8,10,N,N,N,N,N,N,N,N,N
22,105,62441/,H,532,G,3560,G,13469,40,6,15,8,10,N,N,N,N,N,N,N,N,N
22,105,624410,H,532,G,3560,G,13469,40,6,15,8,10,N,N,N,N,N,N,N,N,N
22,105,71----,G,446,G,1796,G,8018,40,20,8,5,5,N,N,N,N,N,N,N,N,N
22,105,711///,H,28,G,66,H,381,6,3,N,N,N,N,N,N,N,N,N,N,N,N
22,105,7115//,G,6,J,20,J,75,3,N,N,N,N,N,N,N,N,N,N,N,N,N
22,105,71151/,G,6,J,20,J,75,3,N,N,N,N,N,N,N,N,N,N,N,N,N
22,105,711510,G,6,J,20,J,75,3,N,N,N,N,N,N,N,N,N,N,N,N,N
22,105,712///,J,60,J,352,J,1613,4,N,N,N,N,N,N,N,N,N,N,N,N,N
22,105,7121//,J,60,J,352,J,1613,4,N,N,N,N,N,N,N,N,N,N,N,N,N
22,105,713///,G,358,H,1378,G,6024,30,15,6,3,4,N,N,N,N,N,N,N,N,N
22,105,7131//,J,15,G,68,H,280,3,N,N,N,N,N,N,N,N,N,N,N,N,N
22,105,71312/,J,15,G,68,H,280,3,N,N,N,N,N,N,N,N,N,N,N,N,N
22,105,713120,J,15,G,68,H,280,3,N,N,N,N,N,N,N,N,N,N,N,N,N
22,105,7132//,J,57,H,450,H,1806,4,N,N,N,N,N,N,N,N,N,N,N,N,N
22,105,71329/,J,57,H,450,H,1806,4,N,N,N,N,N,N,N,N,N,N,N,N,N
22,105,713290,J,57,H,450,H,1806,4,N,N,N,N,N,N,N,N,N,N,N,N,N
22,105,7139//,G,286,G,860,G,3938,23,13,4,N,N,N,N,N,N,N,N,N,N,N
22,105,71394/,H,218,H,528,H,2385,13,7,N,N,N,N,N,N,N,N,N,N,N,N
22,105,713940,H,218,H,528,H,2385,13,7,N,N,N,N,N,N,N,N,N,N,N,N
22,105,71399/,J,12,G,61,G,314,6,5,N,N,N,N,N,N,N,N,N,N,N,N
22,105,713990,J,12,G,61,G,314,6,5,N,N,N,N,N,N,N,N,N,N,N,N
22,105,72----,G,5953,G,26153,G,106584,292,74,54,72,63,24,4,N,N,N,N,N,N,N
22,105,721///,G,271,G,1545,G,6253,24,9,5,5,5,N,N,N,N,N,N,N,N,N
22,105,7211//,G,221,G,1160,G,4588,22,9,5,4,4,N,N,N,N,N,N,N,N,N
22,105,72111/,G,221,G,1160,G,4588,22,9,5,4,4,N,N,N,N,N,N,N,N,N
22,105,721110,G,221,G,1160,G,4588,22,9,5,4,4,N,N,N,N,N,N,N,N,N
22,105,722///,G,5682,G,24608,G,100331,268,65,49,67,58,24,4,N,N,N,N,N,N,N
22,105,7223//,H,533,H,2908,H,12030,16,9,N,N,N,N,N,N,N,N,N,N,N,N
22,105,72231/,H,447,H,2586,H,10667,4,N,N,N,N,N,N,N,N,N,N,N,N,N
22,105,722310,H,447,H,2586,H,10667,4,N,N,N,N,N,N,N,N,N,N,N,N,N
22,105,72232/,H,41,G,241,G,1032,8,6,N,N,N,N,N,N,N,N,N,N,N,N
22,105,722320,H,41,G,241,G,1032,8,6,N,N,N,N,N,N,N,N,N,N,N,N
22,105,72233/,H,45,J,81,H,331,4,N,N,N,N,N,N,N,N,N,N,N,N,N
22,105,722330,H,45,J,81,H,331,4,N,N,N,N,N,N,N,N,N,N,N,N,N
22,105,7224//,G,103,G,454,G,1983,16,9,5,N,N,N,N,N,N,N,N,N,N,N
22,105,72241/,G,103,G,454,G,1983,16,9,5,N,N,N,N,N,N,N,N,N,N,N
22,105,722410,G,103,G,454,G,1983,16,9,5,N,N,N,N,N,N,N,N,N,N,N
22,105,7225//,G,5046,G,21246,G,86318,236,47,42,65,55,24,3,N,N,N,N,N,N,N
22,105,72251/,G,5046,G,21246,G,86318,236,47,42,65,55,24,3,N,N,N,N,N,N,N
22,105,722511,G,2509,G,11815,G,46166,103,19,20,23,26,12,3,N,N,N,N,N,N,N
22,105,722513,H,2198,G,8125,H,34359,98,13,17,30,26,12,N,N,N,N,N,N,N,N
22,105,722514,H,64,H,307,H,1222,4,N,N,N,N,N,N,N,N,N,N,N,N,N
22,105,722515,G,275,G,999,G,4571,31,14,4,11,N,N,N,N,N,N,N,N,N,N
22,105,81----,G,1861,H,16168,H,71106,254,161,57,25,9,N,N,N,N,N,N,N,N,N
22,105,811///,H,514,G,4734,G,20997,87,51,22,7,6,N,N,N,N,N,N,N,N,N
22,105,8111//,H,445,G,4008,G,17130,64,35,15,7,6,N,N,N,N,N,N,N,N,N
22,105,81111/,G,105,G,1148,G,5099,27,17,8,N,N,N,N,N,N,N,N,N,N,N
22,105,811111,G,80,G,888,G,3941,20,12,6,N,N,N,N,N,N,N,N,N,N,N
22,105,811113,J,18,G,168,G,716,4,N,N,N,N,N,N,N,N,N,N,N,N,N
22,105,811118,J,7,G,92,G,442,3,3,N,N,N,N,N,N,N,N,N,N,N,N
22,105,81112/,G,137,G,1839,G,7473,19,10,4,N,3,N,N,N,N,N,N,N,N,N
22,105,811121,G,120,G,1660,G,6710,14,7,N,N,3,N,N,N,N,N,N,N,N,N
22,105,811122,J,17,J,179,H,763,5,3,N,N,N,N,N,N,N,N,N,N,N,N
22,105,81119/,J,203,J,1021,J,4558,18,8,3,3,3,N,N,N,N,N,N,N,N,N
22,105,811191,J,36,J,235,H,1228,4,N,N,N,N,N,N,N,N,N,N,N,N,N
22,105,811192,J,166,J,780,J,3308,13,6,N,N,3,N,N,N,N,N,N,N,N,N
22,105,8112//,H,20,H,312,H,1250,5,N,3,N,N,N,N,N,N,N,N,N,N,N
22,105,81121/,H,20,H,312,H,1250,5,N,3,N,N,N,N,N,N,N,N,N,N,N
22,105,8113//,G,29,G,256,H,2009,11,9,N,N,N,N,N,N,N,N,N,N,N,N
22,105,81131/,G,29,G,256,H,2009,11,9,N,N,N,N,N,N,N,N,N,N,N,N
22,105,811310,G,29,G,256,H,2009,11,9,N,N,N,N,N,N,N,N,N,N,N,N
22,105,8114//,J,20,J,158,H,608,7,5,N,N,N,N,N,N,N,N,N,N,N,N
22,105,81141/,J,16,H,121,H,527,4,N,N,N,N,N,N,N,N,N,N,N,N,N
22,105,812///,G,287,G,2271,G,9274,52,33,11,5,3,N,N,N,N,N,N,N,N,N
22,105,8121//,G,125,G,814,G,3511,30,19,7,4,N,N,N,N,N,N,N,N,N,N
22,105,81211/,G,101,G,681,G,2953,24,16,5,3,N,N,N,N,N,N,N,N,N,N
22,105,812112,G,44,G,365,G,1542,12,9,N,N,N,N,N,N,N,N,N,N,N,N
22,105,812113,G,46,G,242,G,1069,11,7,3,N,N,N,N,N,N,N,N,N,N,N
22,105,81219/,H,24,G,133,G,558,6,3,N,N,N,N,N,N,N,N,N,N,N,N
22,105,812199,H,20,G,92,G,395,5,N,N,N,N,N,N,N,N,N,N,N,N,N
22,105,8122//,G,69,H,694,H,2763,10,8,N,N,N,N,N,N,N,N,N,N,N,N
22,105,81221/,H,67,H,678,H,2699,9,7,N,N,N,N,N,N,N,N,N,N,N,N
22,105,812210,H,67,H,678,H,2699,9,7,N,N,N,N,N,N,N,N,N,N,N,N
22,105,8123//,H,70,J,647,J,2454,5,N,N,N,N,N,N,N,N,N,N,N,N,N
22,105,81231/,J,51,J,536,J,1987,3,N,N,N,N,N,N,N,N,N,N,N,N,N
22,105,812310,J,51,J,536,J,1987,3,N,N,N,N,N,N,N,N,N,N,N,N,N
22,105,8129//,G,23,G,116,H,546,7,5,N,N,N,N,N,N,N,N,N,N,N,N
22,105,81291/,G,17,H,95,H,479,4,N,N,N,N,N,N,N,N,N,N,N,N,N
22,105,812910,G,17,H,95,H,479,4,N,N,N,N,N,N,N,N,N,N,N,N,N
22,105,81299/,G,6,J,21,J,67,3,3,N,N,N,N,N,N,N,N,N,N,N,N
22,105,812990,G,6,J,21,J,67,3,3,N,N,N,N,N,N,N,N,N,N,N,N
22,105,813///,H,1060,H,9163,H,40835,115,77,24,13,N,N,N,N,N,N,N,N,N,N
22,105,8131//,G,423,G,2257,G,9231,92,59,20,13,N,N,N,N,N,N,N,N,N,N
22,105,81311/,G,423,G,2257,G,9231,92,59,20,13,N,N,N,N,N,N,N,N,N,N
22,105,813110,G,423,G,2257,G,9231,92,59,20,13,N,N,N,N,N,N,N,N,N,N
22,105,8132//,J,584,J,6492,J,30006,5,4,N,N,N,N,N,N,N,N,N,N,N,N
22,105,81321/,J,584,J,6492,J,30006,5,4,N,N,N,N,N,N,N,N,N,N,N,N
22,105,813212,J,582,J,6487,J,29928,3,N,N,N,N,N,N,N,N,N,N,N,N,N
22,105,8133//,H,29,H,262,H,1010,7,4,3,N,N,N,N,N,N,N,N,N,N,N
22,105,81331/,H,29,H,262,H,1010,7,4,3,N,N,N,N,N,N,N,N,N,N,N
22,105,813312,J,12,H,113,H,419,3,N,N,N,N,N,N,N,N,N,N,N,N,N
22,105,813319,J,9,J,47,J,179,3,N,N,N,N,N,N,N,N,N,N,N,N,N
22,105,8134//,J,10,G,25,G,94,4,4,N,N,N,N,N,N,N,N,N,N,N,N
22,105,81341/,J,10,G,25,G,94,4,4,N,N,N,N,N,N,N,N,N,N,N,N
22,105,813410,J,10,G,25,G,94,4,4,N,N,N,N,N,N,N,N,N,N,N,N
22,105,8139//,J,14,H,127,G,494,7,6,N,N,N,N,N,N,N,N,N,N,N,N
22,105,81391/,J,8,H,75,G,327,4,3,N,N,N,N,N,N,N,N,N,N,N,N
22,105,813910,J,8,H,75,G,327,4,3,N,N,N,N,N,N,N,N,N,N,N,N
22,105,99----,J,4,J,11,H,38,4,4,N,N,N,N,N,N,N,N,N,N,N,N
22,117,------,G,8133,G,88582,G,353466,655,319,165,91,53,16,7,3,N,N,N,N,N,N
22,117,21----,G,64,G,1058,G,4355,8,N,3,N,N,N,N,N,N,N,N,N,N,N
22,117,212///,G,59,G,982,G,4055,6,N,3,N,N,N,N,N,N,N,N,N,N,N
22,117,2123//,G,59,G,982,G,4055,6,N,3,N,N,N,N,N,N,N,N,N,N,N
22,117,21232/,G,59,G,982,G,4055,6,N,3,N,N,N,N,N,N,N,N,N,N,N
22,117,212321,G,59,G,982,G,4055,6,N,3,N,N,N,N,N,N,N,N,N,N,N
22,117,22----,J,102,J,2790,J,10029,9,4,3,N,N,N,N,N,N,N,N,N,N,N
22,117,221///,J,102,J,2790,J,10029,9,4,3,N,N,N,N,N,N,N,N,N,N,N
22,117,2211//,J,84,J,2428,J,8877,7,4,N,N,N,N,N,N,N,N,N,N,N,N
22,117,22111/,J,9,J,355,J,913,3,N,N,N,N,N,N,N,N,N,N,N,N,N
22,117,22112/,J,75,J,2073,J,7964,4,N,N,N,N,N,N,N,N,N,N,N,N,N
22,117,221122,J,75,J,2073,J,7964,4,N,N,N,N,N,N,N,N,N,N,N,N,N
22,117,23----,H,571,H,7226,G,31413,60,36,13,6,3,N,N,N,N,N,N,N,N,N
22,117,236///,G,165,G,1598,H,9059,20,13,4,N,N,N,N,N,N,N,N,N,N,N
22,117,2361//,H,45,H,390,H,2081,15,11,4,N,N,N,N,N,N,N,N,N,N,N
22,117,23611/,H,45,H,390,H,2081,15,11,4,N,N,N,N,N,N,N,N,N,N,N
22,117,236115,J,14,H,132,H,516,5,4,N,N,N,N,N,N,N,N,N,N,N,N
22,117,236118,H,31,G,258,G,1565,10,7,3,N,N,N,N,N,N,N,N,N,N,N
22,117,2362//,G,120,G,1208,H,6978,5,N,N,N,N,N,N,N,N,N,N,N,N,N
22,117,23622/,J,69,H,494,H,2035,4,N,N,N,N,N,N,N,N,N,N,N,N,N
22,117,236220,J,69,H,494,H,2035,4,N,N,N,N,N,N,N,N,N,N,N,N,N
22,117,237///,J,50,J,1011,J,4053,5,N,N,N,N,N,N,N,N,N,N,N,N,N
22,117,2371//,J,42,J,900,J,3582,3,N,N,N,N,N,N,N,N,N,N,N,N,N
22,117,238///,H,356,H,4617,H,18301,35,21,7,5,N,N,N,N,N,N,N,N,N,N
22,117,2381//,G,44,H,555,G,1802,8,4,3,N,N,N,N,N,N,N,N,N,N,N
22,117,23819/,G,27,G,412,G,1467,4,N,N,N,N,N,N,N,N,N,N,N,N,N
22,117,238190,G,27,G,412,G,1467,4,N,N,N,N,N,N,N,N,N,N,N,N,N
22,117,2382//,G,98,G,1203,G,4692,15,8,4,N,N,N,N,N,N,N,N,N,N,N
22,117,23821/,G,58,G,661,G,2363,8,5,N,N,N,N,N,N,N,N,N,N,N,N
22,117,238210,G,58,G,661,G,2363,8,5,N,N,N,N,N,N,N,N,N,N,N,N
22,117,23822/,H,20,H,286,H,1195,5,3,N,N,N,N,N,N,N,N,N,N,N,N
22,117,238220,H,20,H,286,H,1195,5,3,N,N,N,N,N,N,N,N,N,N,N,N
22,117,2383//,H,22,G,210,H,1127,5,4,N,N,N,N,N,N,N,N,N,N,N,N
22,117,2389//,H,192,H,2649,H,10680,7,5,N,N,N,N,N,N,N,N,N,N,N,N
22,117,23891/,H,189,H,2622,H,10521,5,3,N,N,N,N,N,N,N,N,N,N,N,N
22,117,238910,H,189,H,2622,H,10521,5,3,N,N,N,N,N,N,N,N,N,N,N,N
22,117,31----,J,1232,J,25370,J,95710,26,8,N,5,6,N,N,N,N,N,N,N,N,N
22,117,311///,H,83,H,1627,H,6667,4,N,N,N,N,N,N,N,N,N,N,N,N,N
22,117,321///,H,154,J,1899,J,6727,5,3,N,N,N,N,N,N,N,N,N,N,N,N
22,117,3211//,J,150,J,1888,J,6704,4,N,N,N,N,N,N,N,N,N,N,N,N,N
22,117,32111/,J,150,J,1888,J,6704,4,N,N,N,N,N,N,N,N,N,N,N,N,N
22,117,321113,J,150,J,1888,J,6704,4,N,N,N,N,N,N,N,N,N,N,N,N,N
22,117,322///,J,697,J,17664,J,65217,3,N,N,N,N,N,N,N,N,N,N,N,N,N
22,117,332///,J,54,J,717,J,3227,5,N,N,3,N,N,N,N,N,N,N,N,N,N
22,117,3327//,J,49,J,690,J,3088,4,N,N,3,N,N,N,N,N,N,N,N,N,N
22,117,33271/,J,49,J,690,J,3088,4,N,N,3,N,N,N,N,N,N,N,N,N,N
22,117,332710,J,49,J,690,J,3088,4,N,N,3,N,N,N,N,N,N,N,N,N,N
22,117,337///,J,32,H,352,H,1386,4,N,N,N,N,N,N,N,N,N,N,N,N,N
22,117,3371//,J,32,H,352,H,1386,4,N,N,N,N,N,N,N,N,N,N,N,N,N
22,117,33711/,J,32,H,352,H,1386,4,N,N,N,N,N,N,N,N,N,N,N,N,N
22,117,337110,J,32,H,352,H,1386,4,N,N,N,N,N,N,N,N,N,N,N,N,N
22,117,42----,H,147,G,1482,G,6015,17,4,5,8,N,N,N,N,N,N,N,N,N,N
22,117,423///,H,74,G,749,G,3273,9,N,3,4,N,N,N,N,N,N,N,N,N,N
22,117,4238//,G,49,G,523,G,2132,4,N,N,4,N,N,N,N,N,N,N,N,N,N
22,117,424///,G,73,G,733,G,2742,8,N,N,4,N,N,N,N,N,N,N,N,N,N
22,117,4249//,G,35,G,334,H,1140,4,N,N,N,N,N,N,N,N,N,N,N,N,N
22,117,42491/,H,26,G,248,G,780,3,N,N,N,N,N,N,N,N,N,N,N,N,N
22,117,424910,H,26,G,248,G,780,3,N,N,N,N,N,N,N,N,N,N,N,N,N
22,117,44----,H,1325,H,9310,H,36072,138,61,38,24,13,N,N,N,N,N,N,N,N,N
22,117,441///,H,95,G,695,G,2913,13,5,4,4,N,N,N,N,N,N,N,N,N,N
22,117,4413//,H,75,G,482,G,1974,11,5,3,3,N,N,N,N,N,N,N,N,N,N
22,117,44131/,H,68,G,418,G,1780,8,N,3,3,N,N,N,N,N,N,N,N,N,N
22,117,441310,H,68,G,418,G,1780,8,N,3,3,N,N,N,N,N,N,N,N,N,N
22,117,44132/,G,7,H,64,H,194,3,3,N,N,N,N,N,N,N,N,N,N,N,N
22,117,441320,G,7,H,64,H,194,3,3,N,N,N,N,N,N,N,N,N,N,N,N
22,117,444///,J,70,H,529,H,2147,10,6,N,4,N,N,N,N,N,N,N,N,N,N
22,117,4441//,H,34,G,326,G,1282,5,3,N,N,N,N,N,N,N,N,N,N,N,N
22,117,44413/,G,24,H,216,G,833,4,3,N,N,N,N,N,N,N,N,N,N,N,N
22,117,444130,G,24,H,216,G,833,4,3,N,N,N,N,N,N,N,N,N,N,N,N
22,117,4442//,J,36,J,203,J,865,5,3,N,N,N,N,N,N,N,N,N,N,N,N
22,117,44422/,J,35,J,195,J,832,4,N,N,N,N,N,N,N,N,N,N,N,N,N
22,117,444220,J,35,J,195,J,832,4,N,N,N,N,N,N,N,N,N,N,N,N,N
22,117,445///,G,368,G,1858,G,7459,22,10,N,3,8,N,N,N,N,N,N,N,N,N
22,117,4451//,G,329,G,1788,G,7102,20,9,N,3,7,N,N,N,N,N,N,N,N,N
22,117,44511/,G,309,G,1675,G,6662,13,N,N,3,7,N,N,N,N,N,N,N,N,N
22,117,445110,G,309,G,1675,G,6662,13,N,N,3,7,N,N,N,N,N,N,N,N,N
22,117,44512/,G,20,G,113,G,440,7,7,N,N,N,N,N,N,N,N,N,N,N,N
22,117,445120,G,20,G,113,G,440,7,7,N,N,N,N,N,N,N,N,N,N,N,N
22,117,446///,G,175,G,1809,G,7901,18,6,5,N,5,N,N,N,N,N,N,N,N,N
22,117,4461//,G,175,G,1809,G,7901,18,6,5,N,5,N,N,N,N,N,N,N,N,N
22,117,44611/,H,142,G,1570,G,6862,13,3,4,N,4,N,N,N,N,N,N,N,N,N
22,117,446110,H,142,G,1570,G,6862,13,3,4,N,4,N,N,N,N,N,N,N,N,N
22,117,447///,H,128,G,648,G,2664,27,15,8,4,N,N,N,N,N,N,N,N,N,N
22,117,4471//,H,128,G,648,G,2664,27,15,8,4,N,N,N,N,N,N,N,N,N,N
22,117,44711/,H,124,G,629,G,2578,26,14,8,4,N,N,N,N,N,N,N,N,N,N
22,117,447110,H,124,G,629,G,2578,26,14,8,4,N,N,N,N,N,N,N,N,N,N
22,117,448///,H,47,H,181,H,778,9,6,N,N,N,N,N,N,N,N,N,N,N,N
22,117,4481//,G,20,H,86,G,343,5,4,N,N,N,N,N,N,N,N,N,N,N,N
22,117,44812/,J,12,J,43,H,180,3,3,N,N,N,N,N,N,N,N,N,N,N,N
22,117,448120,J,12,J,43,H,180,3,3,N,N,N,N,N,N,N,N,N,N,N,N
22,117,452///,J,394,J,3207,J,10636,25,N,19,4,N,N,N,N,N,N,N,N,N,N
22,117,4523//,J,394,J,3207,J,10636,25,N,19,4,N,N,N,N,N,N,N,N,N,N
22,117,45231/,J,394,J,3207,J,10636,25,N,19,4,N,N,N,N,N,N,N,N,N,N
22,117,452319,H,184,H,856,H,3603,24,N,19,4,N,N,N,N,N,N,N,N,N,N
22,117,453///,J,9,J,41,J,241,5,5,N,N,N,N,N,N,N,N,N,N,N,N
22,117,4539//,J,9,J,41,J,206,4,4,N,N,N,N,N,N,N,N,N,N,N,N
22,117,45399/,J,9,J,41,J,206,4,4,N,N,N,N,N,N,N,N,N,N,N,N
22,117,454///,H,29,G,295,H,1184,5,3,N,N,N,N,N,N,N,N,N,N,N,N
22,117,4543//,H,29,G,295,H,1184,5,3,N,N,N,N,N,N,N,N,N,N,N,N
22,117,45431/,H,27,G,281,H,1164,4,N,N,N,N,N,N,N,N,N,N,N,N,N
22,117,454310,H,27,G,281,H,1164,4,N,N,N,N,N,N,N,N,N,N,N,N,N
22,117,48----,H,96,H,1683,H,6477,19,11,4,4,N,N,N,N,N,N,N,N,N,N
22,117,484///,G,59,G,685,G,2656,11,7,N,N,N,N,N,N,N,N,N,N,N,N
22,117,4842//,H,50,G,567,H,2152,9,6,N,N,N,N,N,N,N,N,N,N,N,N
22,117,48422/,G,47,G,549,H,2086,7,4,N,N,N,N,N,N,N,N,N,N,N,N
22,117,484220,G,47,G,549,H,2086,7,4,N,N,N,N,N,N,N,N,N,N,N,N
22,117,486///,J,28,H,921,H,3576,4,N,N,N,N,N,N,N,N,N,N,N,N,N
22,117,4862//,J,28,H,921,H,3576,4,N,N,N,N,N,N,N,N,N,N,N,N,N
22,117,48621/,J,28,H,921,H,3576,4,N,N,N,N,N,N,N,N,N,N,N,N,N
22,117,486210,J,28,H,921,H,3576,4,N,N,N,N,N,N,N,N,N,N,N,N,N
22,117,488///,J,9,G,77,G,228,3,N,N,N,N,N,N,N,N,N,N,N,N,N
22,117,51----,J,51,J,868,J,3367,10,5,4,N,N,N,N,N,N,N,N,N,N,N
22,117,517///,J,41,J,734,J,2908,8,4,3,N,N,N,N,N,N,N,N,N,N,N
22,117,5173//,J,31,J,659,J,2618,6,3,N,N,N,N,N,N,N,N,N,N,N,N
22,117,51731/,J,31,J,659,J,2618,6,3,N,N,N,N,N,N,N,N,N,N,N,N
22,117,517311,J,31,J,659,J,2618,6,3,N,N,N,N,N,N,N,N,N,N,N,N
22,117,52----,G,387,G,3432,G,15218,57,35,14,5,N,N,N,N,N,N,N,N,N,N
22,117,522///,G,321,G,2666,G,11589,41,25,9,4,N,N,N,N,N,N,N,N,N,N
22,117,5221//,G,230,H,1744,H,7475,16,5,5,3,N,N,N,N,N,N,N,N,N,N
22,117,52211/,J,136,G,707,G,3034,6,N,4,N,N,N,N,N,N,N,N,N,N,N
22,117,522110,J,136,G,707,G,3034,6,N,4,N,N,N,N,N,N,N,N,N,N,N
22,117,52212/,J,68,J,858,J,3538,4,N,N,N,N,N,N,N,N,N,N,N,N,N
22,117,522120,J,68,J,858,J,3538,4,N,N,N,N,N,N,N,N,N,N,N,N,N
22,117,52213/,J,26,J,179,J,903,6,4,N,N,N,N,N,N,N,N,N,N,N,N
22,117,522130,J,26,J,179,J,903,6,4,N,N,N,N,N,N,N,N,N,N,N,N
22,117,5222//,J,76,J,808,H,3654,17,12,4,N,N,N,N,N,N,N,N,N,N,N
22,117,52229/,J,76,J,808,H,3654,17,12,4,N,N,N,N,N,N,N,N,N,N,N
22,117,522291,J,76,J,808,H,3654,17,12,4,N,N,N,N,N,N,N,N,N,N,N
22,117,5223//,J,15,G,114,G,460,8,8,N,N,N,N,N,N,N,N,N,N,N,N
22,117,52239/,J,15,G,114,G,460,8,8,N,N,N,N,N,N,N,N,N,N,N,N
22,117,522390,J,15,G,114,G,460,8,8,N,N,N,N,N,N,N,N,N,N,N,N
22,117,524///,G,62,G,731,G,3397,15,9,5,N,N,N,N,N,N,N,N,N,N,N
22,117,5242//,G,62,G,731,G,3397,15,9,5,N,N,N,N,N,N,N,N,N,N,N
22,117,52421/,G,62,G,731,G,3397,15,9,5,N,N,N,N,N,N,N,N,N,N,N
22,117,524210,G,62,G,731,G,3397,15,9,5,N,N,N,N,N,N,N,N,N,N,N
22,117,53----,G,37,G,240,G,987,13,11,N,N,N,N,N,N,N,N,N,N,N,N
22,117,531///,H,24,H,148,H,648,11,10,N,N,N,N,N,N,N,N,N,N,N,N
22,117,5311//,H,21,H,115,H,453,7,6,N,N,N,N,N,N,N,N,N,N,N,N
22,117,53111/,J,18,J,108,J,421,6,5,N,N,N,N,N,N,N,N,N,N,N,N
22,117,531110,J,18,J,108,J,421,6,5,N,N,N,N,N,N,N,N,N,N,N,N
22,117,5313//,G,3,H,33,G,195,4,4,N,N,N,N,N,N,N,N,N,N,N,N
22,117,53131/,G,2,J,19,J,100,3,3,N,N,N,N,N,N,N,N,N,N,N,N
22,117,531311,G,2,J,19,J,100,3,3,N,N,N,N,N,N,N,N,N,N,N,N
22,117,54----,H,506,H,4000,H,17670,40,34,4,N,N,N,N,N,N,N,N,N,N,N
22,117,541///,H,506,H,4000,H,17670,40,34,4,N,N,N,N,N,N,N,N,N,N,N
22,117,5411//,J,18,H,169,H,673,9,9,N,N,N,N,N,N,N,N,N,N,N,N
22,117,54111/,J,17,H,162,H,636,7,7,N,N,N,N,N,N,N,N,N,N,N,N
22,117,541110,J,17,H,162,H,636,7,7,N,N,N,N,N,N,N,N,N,N,N,N
22,117,5412//,G,51,G,353,G,1212,14,12,N,N,N,N,N,N,N,N,N,N,N,N
22,117,54121/,G,51,G,353,G,1212,14,12,N,N,N,N,N,N,N,N,N,N,N,N
22,117,541211,G,22,G,232,G,960,6,5,N,N,N,N,N,N,N,N,N,N,N,N
22,117,541213,G,29,H,121,H,252,8,7,N,N,N,N,N,N,N,N,N,N,N,N
22,117,5413//,J,6,J,44,H,248,3,3,N,N,N,N,N,N,N,N,N,N,N,N
22,117,5416//,G,5,J,32,J,319,6,6,N,N,N,N,N,N,N,N,N,N,N,N
22,117,54161/,G,3,J,15,J,247,4,4,N,N,N,N,N,N,N,N,N,N,N,N
22,117,5419//,G,25,H,218,H,813,5,N,3,N,N,N,N,N,N,N,N,N,N,N
22,117,54194/,H,23,H,203,H,776,4,N,3,N,N,N,N,N,N,N,N,N,N,N
22,117,541940,H,23,H,203,H,776,4,N,3,N,N,N,N,N,N,N,N,N,N,N
22,117,56----,G,122,G,1111,G,4489,16,8,4,N,N,N,N,N,N,N,N,N,N,N
22,117,561///,H,116,H,1040,H,4196,14,7,3,N,N,N,N,N,N,N,N,N,N,N
22,117,5617//,J,34,G,285,G,1259,8,6,N,N,N,N,N,N,N,N,N,N,N,N
22,117,56173/,J,10,J,103,H,495,5,5,N,N,N,N,N,N,N,N,N,N,N,N
22,117,561730,J,10,J,103,H,495,5,5,N,N,N,N,N,N,N,N,N,N,N,N
22,117,5619//,J,23,H,121,H,490,3,N,N,N,N,N,N,N,N,N,N,N,N,N
22,117,56199/,J,23,H,121,H,490,3,N,N,N,N,N,N,N,N,N,N,N,N,N
22,117,561990,J,23,H,121,H,490,3,N,N,N,N,N,N,N,N,N,N,N,N,N
22,117,61----,H,145,H,1286,H,5493,6,3,N,N,N,N,N,N,N,N,N,N,N,N
22,117,611///,H,145,H,1286,H,5493,6,3,N,N,N,N,N,N,N,N,N,N,N,N
22,117,6116//,G,10,J,18,J,115,4,3,N,N,N,N,N,N,N,N,N,N,N,N
22,117,62----,G,2126,G,23246,G,94141,94,29,29,15,10,6,3,N,N,N,N,N,N,N
22,117,621///,G,445,G,4963,G,20446,56,24,17,10,5,N,N,N,N,N,N,N,N,N
22,117,6211//,J,55,H,722,H,2839,12,7,4,N,N,N,N,N,N,N,N,N,N,N
22,117,62111/,J,55,H,722,H,2839,12,7,4,N,N,N,N,N,N,N,N,N,N,N
22,117,621111,J,55,H,722,H,2839,12,7,4,N,N,N,N,N,N,N,N,N,N,N
22,117,6212//,J,75,H,721,G,3243,8,N,4,N,N,N,N,N,N,N,N,N,N,N
22,117,62121/,J,75,H,721,G,3243,8,N,4,N,N,N,N,N,N,N,N,N,N,N
22,117,621210,J,75,H,721,G,3243,8,N,4,N,N,N,N,N,N,N,N,N,N,N
22,117,6213//,G,62,G,614,G,2708,12,8,N,N,N,N,N,N,N,N,N,N,N,N
22,117,62134/,H,43,G,472,G,2097,6,N,N,N,N,N,N,N,N,N,N,N,N,N
22,117,621340,H,43,G,472,G,2097,6,N,N,N,N,N,N,N,N,N,N,N,N,N
22,117,62139/,J,14,J,118,J,505,4,4,N,N,N,N,N,N,N,N,N,N,N,N
22,117,621399,J,10,H,93,H,360,3,3,N,N,N,N,N,N,N,N,N,N,N,N
22,117,6214//,J,111,G,1434,G,5498,11,3,3,4,N,N,N,N,N,N,N,N,N,N
22,117,62142/,H,59,H,532,H,2202,3,N,N,N,N,N,N,N,N,N,N,N,N,N
22,117,621420,H,59,H,532,H,2202,3,N,N,N,N,N,N,N,N,N,N,N,N,N
22,117,62149/,J,52,G,902,G,3296,8,3,3,N,N,N,N,N,N,N,N,N,N,N
22,117,621492,J,26,J,323,J,1210,3,N,N,N,N,N,N,N,N,N,N,N,N,N
22,117,621498,G,26,H,579,H,2086,5,3,N,N,N,N,N,N,N,N,N,N,N,N
22,117,6216//,H,74,G,707,G,2872,8,N,3,N,N,N,N,N,N,N,N,N,N,N
22,117,62161/,H,74,G,707,G,2872,8,N,3,N,N,N,N,N,N,N,N,N,N,N
22,117,621610,H,74,G,707,G,2872,8,N,3,N,N,N,N,N,N,N,N,N,N,N
22,117,6219//,J,64,J,720,J,3135,3,N,N,N,N,N,N,N,N,N,N,N,N,N
22,117,622///,G,673,G,12212,G,46536,3,N,N,N,N,N,N,N,N,N,N,N,N,N
22,117,623///,H,352,H,2620,H,11620,7,N,4,N,N,N,N,N,N,N,N,N,N,N
22,117,6231//,H,327,H,2464,H,10943,3,N,N,N,N,N,N,N,N,N,N,N,N,N
22,117,62311/,H,327,H,2464,H,10943,3,N,N,N,N,N,N,N,N,N,N,N,N,N
22,117,623110,H,327,H,2464,H,10943,3,N,N,N,N,N,N,N,N,N,N,N,N,N
22,117,6232//,H,25,J,156,J,677,4,N,4,N,N,N,N,N,N,N,N,N,N,N
22,117,62321/,H,25,J,156,J,677,4,N,4,N,N,N,N,N,N,N,N,N,N,N
22,117,623210,H,25,J,156,J,677,4,N,4,N,N,N,N,N,N,N,N,N,N,N
22,117,624///,G,656,G,3451,G,15539,28,5,8,5,5,4,N,N,N,N,N,N,N,N
22,117,6241//,G,469,H,2289,H,11069,11,3,N,N,N,4,N,N,N,N,N,N,N,N
22,117,62412/,G,463,G,2217,G,10740,8,N,N,N,N,4,N,N,N,N,N,N,N,N
22,117,624120,G,463,G,2217,G,10740,8,N,N,N,N,4,N,N,N,N,N,N,N,N
22,117,6244//,G,185,G,1143,G,4383,16,N,7,5,3,N,N,N,N,N,N,N,N,N
22,117,62441/,G,185,G,1143,G,4383,16,N,7,5,3,N,N,N,N,N,N,N,N,N
22,117,624410,G,185,G,1143,G,4383,16,N,7,5,3,N,N,N,N,N,N,N,N,N
22,117,71----,H,23,G,136,G,695,9,7,N,N,N,N,N,N,N,N,N,N,N,N
22,117,713///,H,22,G,125,G,649,8,6,N,N,N,N,N,N,N,N,N,N,N,N
22,117,7139//,J,16,H,100,G,548,7,6,N,N,N,N,N,N,N,N,N,N,N,N
22,117,71399/,J,6,J,23,G,204,3,3,N,N,N,N,N,N,N,N,N,N,N,N
22,117,713990,J,6,J,23,G,204,3,3,N,N,N,N,N,N,N,N,N,N,N,N
22,117,72----,G,820,G,2905,G,11594,59,18,14,12,13,N,N,N,N,N,N,N,N,N
22,117,721///,J,6,J,29,J,149,4,4,N,N,N,N,N,N,N,N,N,N,N,N
22,117,7211//,J,6,J,29,J,149,4,4,N,N,N,N,N,N,N,N,N,N,N,N
22,117,72111/,J,6,J,29,J,149,4,4,N,N,N,N,N,N,N,N,N,N,N,N
22,117,721110,J,6,J,29,J,149,4,4,N,N,N,N,N,N,N,N,N,N,N,N
22,117,722///,H,814,G,2876,G,11445,55,14,14,12,13,N,N,N,N,N,N,N,N,N
22,117,7225//,H,799,G,2834,G,11314,53,14,12,12,13,N,N,N,N,N,N,N,N,N
22,117,72251/,H,799,G,2834,G,11314,53,14,12,12,13,N,N,N,N,N,N,N,N,N
22,117,722511,G,137,G,552,G,2171,16,6,5,3,N,N,N,N,N,N,N,N,N,N
22,117,722513,H,607,G,2061,H,8279,27,4,3,7,11,N,N,N,N,N,N,N,N,N
22,117,722514,H,42,G,191,G,748,6,N,3,N,N,N,N,N,N,N,N,N,N,N
22,117,722515,G,13,G,30,G,116,4,3,N,N,N,N,N,N,N,N,N,N,N,N
22,117,81----,G,365,G,2313,G,9187,69,39,23,4,3,N,N,N,N,N,N,N,N,N
22,117,811///,H,86,H,786,H,3238,13,6,4,N,N,N,N,N,N,N,N,N,N,N
22,117,8111//,J,24,H,228,H,933,6,3,3,N,N,N,N,N,N,N,N,N,N,N
22,117,81119/,G,8,G,44,G,196,3,N,N,N,N,N,N,N,N,N,N,N,N,N
22,117,8113//,H,41,G,363,H,1471,4,N,N,N,N,N,N,N,N,N,N,N,N,N
22,117,81131/,H,41,G,363,H,1471,4,N,N,N,N,N,N,N,N,N,N,N,N,N
22,117,811310,H,41,G,363,H,1471,4,N,N,N,N,N,N,N,N,N,N,N,N,N
22,117,812///,G,62,G,446,G,1834,13,5,8,N,N,N,N,N,N,N,N,N,N,N
22,117,8121//,G,24,G,112,H,492,3,N,3,N,N,N,N,N,N,N,N,N,N,N
22,117,8122//,H,29,G,259,G,1044,6,N,4,N,N,N,N,N,N,N,N,N,N,N
22,117,81221/,H,29,G,259,G,1044,6,N,4,N,N,N,N,N,N,N,N,N,N,N
22,117,812210,H,29,G,259,G,1044,6,N,4,N,N,N,N,N,N,N,N,N,N,N
22,117,8129//,J,4,J,57,J,221,3,3,N,N,N,N,N,N,N,N,N,N,N,N
22,117,813///,G,217,G,1081,G,4115,43,28,11,N,N,N,N,N,N,N,N,N,N,N
22,117,8131//,G,176,G,910,G,3475,34,21,10,N,N,N,N,N,N,N,N,N,N,N
22,117,81311/,G,176,G,910,G,3475,34,21,10,N,N,N,N,N,N,N,N,N,N,N
22,117,813110,G,176,G,910,G,3475,34,21,10,N,N,N,N,N,N,N,N,N,N,N
22,117,8139//,J,18,H,79,H,277,4,3,N,N,N,N,N,N,N,N,N,N,N,N
22,117,81393/,G,15,H,47,G,167,3,N,N,N,N,N,N,N,N,N,N,N,N,N
22,117,813930,G,15,H,47,G,167,3,N,N,N,N,N,N,N,N,N,N,N,N,N
22,121,------,G,11187,G,164126,G,684805,594,242,113,106,82,32,16,N,N,N,N,N,N,N
22,121,23----,G,1288,G,22437,G,103616,69,31,9,15,5,6,3,N,N,N,N,N,N,N
22,121,236///,H,50,J,739,J,4073,9,6,N,N,N,N,N,N,N,N,N,N,N,N
22,121,2361//,G,6,H,108,H,462,5,5,N,N,N,N,N,N,N,N,N,N,N,N
22,121,23611/,G,6,H,108,H,462,5,5,N,N,N,N,N,N,N,N,N,N,N,N
22,121,236118,G,5,H,86,H,376,4,4,N,N,N,N,N,N,N,N,N,N,N,N
22,121,2362//,H,44,J,631,J,3611,4,N,N,N,N,N,N,N,N,N,N,N,N,N
22,121,23622/,H,44,J,631,J,3611,4,N,N,N,N,N,N,N,N,N,N,N,N,N
22,121,236220,H,44,J,631,J,3611,4,N,N,N,N,N,N,N,N,N,N,N,N,N
22,121,237///,G,394,G,7311,G,31047,13,N,N,5,N,3,N,N,N,N,N,N,N,N
22,121,2371//,G,333,G,6619,G,27689,9,N,N,N,N,3,N,N,N,N,N,N,N,N
22,121,23712/,G,332,G,6614,G,27672,8,N,N,N,N,3,N,N,N,N,N,N,N,N
22,121,237120,G,332,G,6614,G,27672,8,N,N,N,N,3,N,N,N,N,N,N,N,N
22,121,238///,G,844,G,14387,G,68496,47,24,6,9,3,3,N,N,N,N,N,N,N,N
22,121,2381//,G,123,G,2417,H,8924,6,N,N,N,N,N,N,N,N,N,N,N,N,N
22,121,2382//,G,342,G,5770,H,30802,18,11,N,3,N,N,N,N,N,N,N,N,N,N
22,121,23821/,G,318,G,5499,H,29710,11,5,N,N,N,N,N,N,N,N,N,N,N,N
22,121,238210,G,318,G,5499,H,29710,11,5,N,N,N,N,N,N,N,N,N,N,N,N
22,121,23822/,G,24,G,271,G,1092,7,6,N,N,N,N,N,N,N,N,N,N,N,N
22,121,238220,G,24,G,271,G,1092,7,6,N,N,N,N,N,N,N,N,N,N,N,N
22,121,2383//,J,74,J,1041,H,4112,7,5,N,N,N,N,N,N,N,N,N,N,N,N
22,121,23831/,J,64,J,919,J,3556,3,N,N,N,N,N,N,N,N,N,N,N,N,N
22,121,238310,J,64,J,919,J,3556,3,N,N,N,N,N,N,N,N,N,N,N,N,N
22,121,2389//,H,305,H,5159,H,24658,16,6,N,6,N,N,N,N,N,N,N,N,N,N
22,121,23891/,J,213,J,3296,J,18150,7,N,N,4,N,N,N,N,N,N,N,N,N,N
22,121,238910,J,213,J,3296,J,18150,7,N,N,4,N,N,N,N,N,N,N,N,N,N
22,121,23899/,G,92,G,1863,G,6508,9,4,N,N,N,N,N,N,N,N,N,N,N,N
22,121,238990,G,92,G,1863,G,6508,9,4,N,N,N,N,N,N,N,N,N,N,N,N
22,121,31----,H,2323,G,46278,G,183039,39,8,5,N,11,8,4,N,N,N,N,N,N,N
22,121,311///,G,77,G,1482,G,5764,3,N,N,N,N,N,N,N,N,N,N,N,N,N
22,121,321///,J,258,J,2442,J,11022,3,N,N,N,N,N,N,N,N,N,N,N,N,N
22,121,3219//,J,258,J,2442,J,11022,3,N,N,N,N,N,N,N,N,N,N,N,N,N
22,121,324///,J,388,J,14440,J,64014,4,N,N,N,N,N,N,N,N,N,N,N,N,N
22,121,3241//,J,388,J,14440,J,64014,4,N,N,N,N,N,N,N,N,N,N,N,N,N
22,121,325///,G,334,G,8694,G,34473,6,N,N,N,N,4,N,N,N,N,N,N,N,N
22,121,3251//,G,196,G,5984,G,22391,4,N,N,N,N,N,N,N,N,N,N,N,N,N
22,121,32518/,H,189,G,5707,G,21282,3,N,N,N,N,N,N,N,N,N,N,N,N,N
22,121,325180,H,189,G,5707,G,21282,3,N,N,N,N,N,N,N,N,N,N,N,N,N
22,121,327///,J,11,J,239,H,701,4,3,N,N,N,N,N,N,N,N,N,N,N,N
22,121,332///,J,1134,J,17199,J,60111,14,N,N,N,6,3,N,N,N,N,N,N,N,N
22,121,3323//,H,86,H,1081,J,9279,3,N,N,N,3,N,N,N,N,N,N,N,N,N
22,121,33231/,H,86,H,1081,J,9279,3,N,N,N,3,N,N,N,N,N,N,N,N,N
22,121,332312,H,86,H,1081,J,9279,3,N,N,N,3,N,N,N,N,N,N,N,N,N
22,121,3327//,J,129,J,2307,J,9128,3,N,N,N,N,N,N,N,N,N,N,N,N,N
22,121,33271/,J,129,J,2307,J,9128,3,N,N,N,N,N,N,N,N,N,N,N,N,N
22,121,332710,J,129,J,2307,J,9128,3,N,N,N,N,N,N,N,N,N,N,N,N,N
22,121,3328//,H,64,H,748,J,3403,3,N,N,N,N,N,N,N,N,N,N,N,N,N
22,121,33281/,H,64,H,748,J,3403,3,N,N,N,N,N,N,N,N,N,N,N,N,N
22,121,3329//,J,809,J,12347,J,35532,3,N,N,N,N,N,N,N,N,N,N,N,N,N
22,121,42----,G,822,G,13557,G,60563,42,10,9,9,10,3,N,N,N,N,N,N,N,N
22,121,423///,G,477,G,8289,G,36656,28,7,5,8,6,N,N,N,N,N,N,N,N,N
22,121,4231//,H,123,H,2264,H,8513,4,N,N,N,N,N,N,N,N,N,N,N,N,N
22,121,4233//,H,88,H,1629,H,8715,6,N,3,N,N,N,N,N,N,N,N,N,N,N
22,121,42339/,J,53,J,1084,J,6225,3,N,N,N,N,N,N,N,N,N,N,N,N,N
22,121,423390,J,53,J,1084,J,6225,3,N,N,N,N,N,N,N,N,N,N,N,N,N
22,121,4238//,J,85,H,1295,H,5006,7,4,N,N,N,N,N,N,N,N,N,N,N,N
22,121,42383/,J,21,H,229,J,847,3,N,N,N,N,N,N,N,N,N,N,N,N,N
22,121,423830,J,21,H,229,J,847,3,N,N,N,N,N,N,N,N,N,N,N,N,N
22,121,4239//,J,111,J,1558,J,6360,4,N,N,N,N,N,N,N,N,N,N,N,N,N
22,121,424///,H,345,H,5268,G,23907,14,3,4,N,4,N,N,N,N,N,N,N,N,N
22,121,4244//,J,111,J,1855,J,6837,4,N,N,N,N,N,N,N,N,N,N,N,N,N
22,121,4246//,J,25,H,887,H,3342,4,N,N,N,N,N,N,N,N,N,N,N,N,N
22,121,4249//,J,143,J,1741,J,8046,4,N,N,N,N,N,N,N,N,N,N,N,N,N
22,121,44----,H,1084,H,8358,H,32005,89,31,27,22,6,N,N,N,N,N,N,N,N,N
22,121,441///,J,55,H,486,H,2077,8,3,3,N,N,N,N,N,N,N,N,N,N,N
22,121,4413//,J,33,H,228,H,1055,6,3,N,N,N,N,N,N,N,N,N,N,N,N
22,121,44131/,H,22,H,139,G,704,4,N,N,N,N,N,N,N,N,N,N,N,N,N
22,121,441310,H,22,H,139,G,704,4,N,N,N,N,N,N,N,N,N,N,N,N,N
22,121,444///,H,37,G,405,G,1761,6,N,3,N,N,N,N,N,N,N,N,N,N,N
22,121,4441//,H,35,G,389,G,1676,5,N,3,N,N,N,N,N,N,N,N,N,N,N
22,121,44413/,G,15,H,76,H,347,3,N,N,N,N,N,N,N,N,N,N,N,N,N
22,121,444130,G,15,H,76,H,347,3,N,N,N,N,N,N,N,N,N,N,N,N,N
22,121,445///,H,186,H,1194,H,4911,11,6,N,N,N,N,N,N,N,N,N,N,N,N
22,121,4451//,H,184,H,1181,H,4849,9,4,N,N,N,N,N,N,N,N,N,N,N,N
22,121,44511/,H,175,H,1148,H,4692,5,N,N,N,N,N,N,N,N,N,N,N,N,N
22,121,445110,H,175,H,1148,H,4692,5,N,N,N,N,N,N,N,N,N,N,N,N,N
22,121,44512/,J,9,J,33,J,157,4,3,N,N,N,N,N,N,N,N,N,N,N,N
22,121,445120,J,9,J,33,J,157,4,3,N,N,N,N,N,N,N,N,N,N,N,N
22,121,446///,H,47,H,473,J,1788,6,3,N,N,N,N,N,N,N,N,N,N,N,N
22,121,4461//,H,47,H,473,J,1788,6,3,N,N,N,N,N,N,N,N,N,N,N,N
22,121,44611/,H,44,H,462,J,1755,4,N,N,N,N,N,N,N,N,N,N,N,N,N
22,121,446110,H,44,H,462,J,1755,4,N,N,N,N,N,N,N,N,N,N,N,N,N
22,121,447///,G,327,G,1963,G,8445,26,5,5,13,3,N,N,N,N,N,N,N,N,N
22,121,4471//,G,327,G,1963,G,8445,26,5,5,13,3,N,N,N,N,N,N,N,N,N
22,121,44711/,H,118,H,699,H,2867,13,3,3,7,N,N,N,N,N,N,N,N,N,N
22,121,447110,H,118,H,699,H,2867,13,3,3,7,N,N,N,N,N,N,N,N,N,N
22,121,44719/,G,209,G,1264,G,5578,13,N,N,6,3,N,N,N,N,N,N,N,N,N
22,121,447190,G,209,G,1264,G,5578,13,N,N,6,3,N,N,N,N,N,N,N,N,N
22,121,448///,G,29,G,96,G,357,7,3,4,N,N,N,N,N,N,N,N,N,N,N
22,121,4481//,G,19,G,63,H,223,4,N,3,N,N,N,N,N,N,N,N,N,N,N
22,121,44812/,G,19,G,63,H,223,4,N,3,N,N,N,N,N,N,N,N,N,N,N
22,121,448120,G,19,G,63,H,223,4,N,3,N,N,N,N,N,N,N,N,N,N,N
22,121,451///,H,49,G,433,G,1757,4,N,N,N,N,N,N,N,N,N,N,N,N,N
22,121,4511//,H,49,G,433,G,1757,4,N,N,N,N,N,N,N,N,N,N,N,N,N
22,121,45111/,H,41,G,408,G,1619,3,N,N,N,N,N,N,N,N,N,N,N,N,N
22,121,451110,H,41,G,408,G,1619,3,N,N,N,N,N,N,N,N,N,N,N,N,N
22,121,452///,H,310,J,2958,J,9432,9,N,6,N,N,N,N,N,N,N,N,N,N,N
22,121,4523//,H,310,J,2958,J,9432,9,N,6,N,N,N,N,N,N,N,N,N,N,N
22,121,45231/,H,310,J,2958,J,9432,9,N,6,N,N,N,N,N,N,N,N,N,N,N
22,121,452319,J,66,G,262,G,1262,8,N,6,N,N,N,N,N,N,N,N,N,N,N
22,121,453///,J,15,G,107,G,444,7,6,N,N,N,N,N,N,N,N,N,N,N,N
22,121,4539//,G,5,J,36,J,213,4,4,N,N,N,N,N,N,N,N,N,N,N,N
22,121,45399/,G,5,J,36,J,213,4,4,N,N,N,N,N,N,N,N,N,N,N,N
22,121,454///,G,17,H,66,H,323,4,3,N,N,N,N,N,N,N,N,N,N,N,N
22,121,4543//,G,17,H,66,H,323,4,3,N,N,N,N,N,N,N,N,N,N,N,N
22,121,45439/,G,17,H,66,H,323,4,3,N,N,N,N,N,N,N,N,N,N,N,N
22,121,454390,G,17,H,66,H,323,4,3,N,N,N,N,N,N,N,N,N,N,N,N
22,121,48----,G,1501,G,21668,G,88113,59,22,8,11,11,3,4,N,N,N,N,N,N,N
22,121,484///,G,752,G,11557,G,48861,31,14,3,4,6,N,N,N,N,N,N,N,N,N
22,121,4841//,G,202,G,3836,H,15995,16,9,N,3,N,N,N,N,N,N,N,N,N,N
22,121,48411/,J,18,J,181,J,820,4,3,N,N,N,N,N,N,N,N,N,N,N,N
22,121,484110,J,18,J,181,J,820,4,3,N,N,N,N,N,N,N,N,N,N,N,N
22,121,48412/,G,184,H,3655,H,15175,12,6,N,N,N,N,N,N,N,N,N,N,N,N
22,121,484121,H,79,H,1717,H,7088,8,6,N,N,N,N,N,N,N,N,N,N,N,N
22,121,484122,G,105,G,1938,G,8087,4,N,N,N,N,N,N,N,N,N,N,N,N,N
22,121,4842//,G,550,G,7721,H,32866,15,5,N,N,5,N,N,N,N,N,N,N,N,N
22,121,48422/,H,234,G,2399,G,9675,9,4,N,N,N,N,N,N,N,N,N,N,N,N
22,121,484220,H,234,G,2399,G,9675,9,4,N,N,N,N,N,N,N,N,N,N,N,N
22,121,48423/,H,316,H,5322,H,23191,6,N,N,N,3,N,N,N,N,N,N,N,N,N
22,121,484230,H,316,H,5322,H,23191,6,N,N,N,3,N,N,N,N,N,N,N,N,N
22,121,486///,J,40,J,1245,J,4926,4,N,N,N,N,N,N,N,N,N,N,N,N,N
22,121,488///,H,126,H,2276,H,9035,12,5,N,5,N,N,N,N,N,N,N,N,N,N
22,121,4883//,J,35,J,597,J,2568,4,N,N,N,N,N,N,N,N,N,N,N,N,N
22,121,48832/,J,34,J,595,J,2554,3,N,N,N,N,N,N,N,N,N,N,N,N,N
22,121,488320,J,34,J,595,J,2554,3,N,N,N,N,N,N,N,N,N,N,N,N,N
22,121,4884//,H,25,G,371,G,1368,3,N,N,N,N,N,N,N,N,N,N,N,N,N
22,121,48841/,H,25,G,371,G,1368,3,N,N,N,N,N,N,N,N,N,N,N,N,N
22,121,488410,H,25,G,371,G,1368,3,N,N,N,N,N,N,N,N,N,N,N,N,N
22,121,4885//,J,45,J,963,J,3372,3,N,N,N,N,N,N,N,N,N,N,N,N,N
22,121,48851/,J,45,J,963,J,3372,3,N,N,N,N,N,N,N,N,N,N,N,N,N
22,121,488510,J,45,J,963,J,3372,3,N,N,N,N,N,N,N,N,N,N,N,N,N
22,121,493///,G,191,G,2239,G,8386,8,N,3,N,3,N,N,N,N,N,N,N,N,N
22,121,4931//,G,191,G,2239,G,8386,8,N,3,N,3,N,N,N,N,N,N,N,N,N
22,121,49311/,H,167,H,1872,H,7025,6,N,N,N,3,N,N,N,N,N,N,N,N,N
22,121,493110,H,167,H,1872,H,7025,6,N,N,N,3,N,N,N,N,N,N,N,N,N
22,121,51----,G,28,H,385,H,1355,7,4,3,N,N,N,N,N,N,N,N,N,N,N
22,121,517///,J,18,J,331,J,1149,6,4,N,N,N,N,N,N,N,N,N,N,N,N
22,121,5173//,J,17,H,329,J,1129,5,3,N,N,N,N,N,N,N,N,N,N,N,N
22,121,51731/,J,17,H,329,J,1129,5,3,N,N,N,N,N,N,N,N,N,N,N,N
22,121,517312,J,14,J,263,J,951,3,N,N,N,N,N,N,N,N,N,N,N,N,N
22,121,52----,H,111,G,1639,H,7219,27,19,5,N,N,N,N,N,N,N,N,N,N,N
22,121,522///,G,58,G,887,G,3296,12,7,3,N,N,N,N,N,N,N,N,N,N,N
22,121,5221//,J,39,G,415,G,1886,8,5,N,N,N,N,N,N,N,N,N,N,N,N
22,121,52211/,H,34,G,388,G,1791,6,3,N,N,N,N,N,N,N,N,N,N,N,N
22,121,522110,H,34,G,388,G,1791,6,3,N,N,N,N,N,N,N,N,N,N,N,N
22,121,523///,J,8,J,288,J,1585,3,N,N,N,N,N,N,N,N,N,N,N,N,N
22,121,5239//,J,8,J,288,J,1585,3,N,N,N,N,N,N,N,N,N,N,N,N,N
22,121,524///,J,45,H,464,H,2036,11,9,N,N,N,N,N,N,N,N,N,N,N,N
22,121,5242//,H,25,G,292,G,1181,9,8,N,N,N,N,N,N,N,N,N,N,N,N
22,121,52421/,H,25,G,292,G,1181,9,8,N,N,N,N,N,N,N,N,N,N,N,N
22,121,524210,H,25,G,292,G,1181,9,8,N,N,N,N,N,N,N,N,N,N,N,N
22,121,53----,H,150,H,3634,H,16435,17,9,4,N,N,N,N,N,N,N,N,N,N,N
22,121,531///,G,18,H,193,H,921,8,6,N,N,N,N,N,N,N,N,N,N,N,N
22,121,5311//,G,12,G,128,G,604,7,6,N,N,N,N,N,N,N,N,N,N,N,N
22,121,53111/,J,3,J,36,J,182,3,3,N,N,N,N,N,N,N,N,N,N,N,N
22,121,531110,J,3,J,36,J,182,3,3,N,N,N,N,N,N,N,N,N,N,N,N
22,121,532///,H,132,H,3441,H,15514,9,3,N,N,N,N,N,N,N,N,N,N,N,N
22,121,5324//,J,93,J,2792,J,12898,5,N,N,N,N,N,N,N,N,N,N,N,N,N
22,121,53249/,H,77,J,2479,J,12116,3,N,N,N,N,N,N,N,N,N,N,N,N,N
22,121,532490,H,77,J,2479,J,12116,3,N,N,N,N,N,N,N,N,N,N,N,N,N
22,121,54----,J,1173,J,20959,J,84067,39,27,N,4,N,N,N,N,N,N,N,N,N,N
22,121,541///,J,1173,J,20959,J,84067,39,27,N,4,N,N,N,N,N,N,N,N,N,N
22,121,5411//,G,30,H,436,H,2098,8,6,N,N,N,N,N,N,N,N,N,N,N,N
22,121,54111/,H,27,H,430,H,2072,7,5,N,N,N,N,N,N,N,N,N,N,N,N
22,121,541110,H,27,H,430,H,2072,7,5,N,N,N,N,N,N,N,N,N,N,N,N
22,121,5412//,J,11,J,43,J,135,6,5,N,N,N,N,N,N,N,N,N,N,N,N
22,121,54121/,J,11,J,43,J,135,6,5,N,N,N,N,N,N,N,N,N,N,N,N
22,121,541213,J,9,J,35,J,75,4,3,N,N,N,N,N,N,N,N,N,N,N,N
22,121,5413//,J,1083,J,19921,J,78989,13,6,N,N,N,N,N,N,N,N,N,N,N,N
22,121,54133/,J,934,J,15589,J,63439,8,4,N,N,N,N,N,N,N,N,N,N,N,N
22,121,541330,J,934,J,15589,J,63439,8,4,N,N,N,N,N,N,N,N,N,N,N,N
22,121,54138/,J,148,J,4315,J,15488,4,N,N,N,N,N,N,N,N,N,N,N,N,N
22,121,541380,J,148,J,4315,J,15488,4,N,N,N,N,N,N,N,N,N,N,N,N,N
22,121,5416//,H,27,H,455,H,2342,6,5,N,N,N,N,N,N,N,N,N,N,N,N
22,121,54161/,J,8,J,121,J,620,5,5,N,N,N,N,N,N,N,N,N,N,N,N
22,121,541611,G,1,J,8,G,80,3,3,N,N,N,N,N,N,N,N,N,N,N,N
22,121,5419//,J,21,J,100,H,485,5,4,N,N,N,N,N,N,N,N,N,N,N,N
22,121,54194/,J,19,J,94,H,375,3,N,N,N,N,N,N,N,N,N,N,N,N,N
22,121,541940,J,19,J,94,H,375,3,N,N,N,N,N,N,N,N,N,N,N,N,N
22,121,56----,H,295,H,4572,H,21791,25,12,6,3,3,N,N,N,N,N,N,N,N,N
22,121,561///,H,93,G,1063,G,5362,16,11,N,N,N,N,N,N,N,N,N,N,N,N
22,121,5617//,H,93,G,1063,G,4812,14,9,N,N,N,N,N,N,N,N,N,N,N,N
22,121,56172/,J,19,J,173,J,651,7,5,N,N,N,N,N,N,N,N,N,N,N,N
22,121,561720,J,19,J,173,J,651,7,5,N,N,N,N,N,N,N,N,N,N,N,N
22,121,56173/,H,66,G,824,G,3777,5,N,N,N,N,N,N,N,N,N,N,N,N,N
22,121,561730,H,66,G,824,G,3777,5,N,N,N,N,N,N,N,N,N,N,N,N,N
22,121,562///,H,202,H,3509,H,16429,9,N,4,N,N,N,N,N,N,N,N,N,N,N
22,121,5622//,J,29,H,691,H,2935,3,N,N,N,N,N,N,N,N,N,N,N,N,N
22,121,56221/,J,29,H,691,H,2935,3,N,N,N,N,N,N,N,N,N,N,N,N,N
22,121,5629//,J,170,J,2790,J,13398,5,N,N,N,N,N,N,N,N,N,N,N,N,N
22,121,56291/,J,149,J,2513,J,12294,4,N,N,N,N,N,N,N,N,N,N,N,N,N
22,121,562910,J,149,J,2513,J,12294,4,N,N,N,N,N,N,N,N,N,N,N,N,N
22,121,61----,H,121,H,663,H,2895,7,N,N,3,N,N,N,N,N,N,N,N,N,N
22,121,611///,H,121,H,663,H,2895,7,N,N,3,N,N,N,N,N,N,N,N,N,N
22,121,6116//,G,53,H,133,G,594,4,N,N,N,N,N,N,N,N,N,N,N,N,N
22,121,62----,H,596,J,8026,J,33639,32,9,5,6,10,N,N,N,N,N,N,N,N,N
22,121,621///,H,299,J,6121,J,25494,18,7,3,3,4,N,N,N,N,N,N,N,N,N
22,121,6211//,J,142,J,4450,J,18444,3,N,N,N,N,N,N,N,N,N,N,N,N,N
22,121,62111/,J,142,J,4450,J,18444,3,N,N,N,N,N,N,N,N,N,N,N,N,N
22,121,621111,J,142,J,4450,J,18444,3,N,N,N,N,N,N,N,N,N,N,N,N,N
22,121,6212//,H,69,G,617,G,2795,5,N,N,N,N,N,N,N,N,N,N,N,N,N
22,121,62121/,H,69,G,617,G,2795,5,N,N,N,N,N,N,N,N,N,N,N,N,N
22,121,621210,H,69,G,617,G,2795,5,N,N,N,N,N,N,N,N,N,N,N,N,N
22,121,6213//,J,38,H,392,H,1444,7,4,N,N,N,N,N,N,N,N,N,N,N,N
22,121,62134/,J,27,J,203,J,738,3,N,N,N,N,N,N,N,N,N,N,N,N,N
22,121,621340,J,27,J,203,J,738,3,N,N,N,N,N,N,N,N,N,N,N,N,N
22,121,6214//,G,50,G,662,G,2811,3,N,N,N,N,N,N,N,N,N,N,N,N,N
22,121,62149/,G,50,G,662,G,2811,3,N,N,N,N,N,N,N,N,N,N,N,N,N
22,121,623///,H,117,J,934,J,4207,3,N,N,N,N,N,N,N,N,N,N,N,N,N
22,121,624///,G,180,H,971,G,3938,11,N,N,N,5,N,N,N,N,N,N,N,N,N
22,121,6244//,J,129,H,785,H,3008,9,N,N,N,4,N,N,N,N,N,N,N,N,N
22,121,62441/,J,129,H,785,H,3008,9,N,N,N,4,N,N,N,N,N,N,N,N,N
22,121,624410,J,129,H,785,H,3008,9,N,N,N,4,N,N,N,N,N,N,N,N,N
22,121,71----,G,128,H,1707,G,6949,7,N,N,N,4,N,N,N,N,N,N,N,N,N
22,121,713///,G,127,H,1701,G,6889,6,N,N,N,4,N,N,N,N,N,N,N,N,N
22,121,7132//,G,97,H,1601,G,6376,4,N,N,N,3,N,N,N,N,N,N,N,N,N
22,121,71329/,G,97,H,1601,G,6376,4,N,N,N,3,N,N,N,N,N,N,N,N,N
22,121,713290,G,97,H,1601,G,6376,4,N,N,N,3,N,N,N,N,N,N,N,N,N
22,121,72----,G,1171,G,5126,G,20359,68,16,16,16,14,5,N,N,N,N,N,N,N,N
22,121,721///,G,169,G,926,G,3423,15,4,6,N,4,N,N,N,N,N,N,N,N,N
22,121,7211//,G,169,G,926,G,3423,15,4,6,N,4,N,N,N,N,N,N,N,N,N
22,121,72111/,G,169,G,926,G,3423,15,4,6,N,4,N,N,N,N,N,N,N,N,N
22,121,721110,G,169,G,926,G,3423,15,4,6,N,4,N,N,N,N,N,N,N,N,N
22,121,722///,G,1002,G,4200,G,16936,53,12,10,15,10,5,N,N,N,N,N,N,N,N
22,121,7224//,H,46,H,180,H,858,4,N,N,N,N,N,N,N,N,N,N,N,N,N
22,121,72241/,H,46,H,180,H,858,4,N,N,N,N,N,N,N,N,N,N,N,N,N
22,121,722410,H,46,H,180,H,858,4,N,N,N,N,N,N,N,N,N,N,N,N,N
22,121,7225//,G,942,G,3926,G,15763,47,10,9,13,9,5,N,N,N,N,N,N,N,N
22,121,72251/,G,942,G,3926,G,15763,47,10,9,13,9,5,N,N,N,N,N,N,N,N
22,121,722511,H,274,G,1457,H,5149,11,N,N,4,4,N,N,N,N,N,N,N,N,N
22,121,722513,G,624,G,2273,G,9931,30,6,7,7,5,5,N,N,N,N,N,N,N,N
22,121,722515,J,40,H,165,J,560,5,3,N,N,N,N,N,N,N,N,N,N,N,N
22,121,81----,G,342,H,3576,H,15880,61,37,13,9,N,N,N,N,N,N,N,N,N,N
22,121,811///,G,176,H,2569,H,11294,26,10,9,7,N,N,N,N,N,N,N,N,N,N
22,121,8111//,G,133,H,1630,H,6961,20,7,8,5,N,N,N,N,N,N,N,N,N,N
22,121,81111/,J,60,H,710,H,3172,10,4,4,N,N,N,N,N,N,N,N,N,N,N
22,121,811111,J,60,H,710,H,3172,10,4,4,N,N,N,N,N,N,N,N,N,N,N
22,121,81112/,H,48,G,718,G,3008,6,N,3,N,N,N,N,N,N,N,N,N,N,N
22,121,811121,H,48,G,718,G,3008,6,N,3,N,N,N,N,N,N,N,N,N,N,N
22,121,81119/,H,25,G,202,G,781,4,N,N,N,N,N,N,N,N,N,N,N,N,N
22,121,8113//,H,43,J,939,J,4333,6,3,N,N,N,N,N,N,N,N,N,N,N,N
22,121,81131/,H,43,J,939,J,4333,6,3,N,N,N,N,N,N,N,N,N,N,N,N
22,121,811310,H,43,J,939,J,4333,6,3,N,N,N,N,N,N,N,N,N,N,N,N
22,121,812///,G,74,H,559,H,2498,16,13,N,N,N,N,N,N,N,N,N,N,N,N
22,121,8121//,H,28,G,144,G,540,12,11,N,N,N,N,N,N,N,N,N,N,N,N
22,121,81211/,H,25,G,131,G,495,10,9,N,N,N,N,N,N,N,N,N,N,N,N
22,121,812112,G,5,J,28,J,96,3,3,N,N,N,N,N,N,N,N,N,N,N,N
22,121,812113,H,20,G,103,G,399,7,6,N,N,N,N,N,N,N,N,N,N,N,N
22,121,813///,J,92,H,448,H,2088,19,14,3,N,N,N,N,N,N,N,N,N,N,N
22,121,8131//,J,72,H,321,H,1525,11,7,N,N,N,N,N,N,N,N,N,N,N,N
22,121,81311/,J,72,H,321,H,1525,11,7,N,N,N,N,N,N,N,N,N,N,N,N
22,121,813110,J,72,H,321,H,1525,11,7,N,N,N,N,N,N,N,N,N,N,N,N
22,121,8139//,G,13,G,88,G,389,5,4,N,N,N,N,N,N,N,N,N,N,N,N
22,121,81391/,G,5,G,61,G,277,3,3,N,N,N,N,N,N,N,N,N,N,N,N
22,121,813910,G,5,G,61,G,277,3,3,N,N,N,N,N,N,N,N,N,N,N,N
22,125,------,G,3202,H,73071,H,231825,209,113,40,28,17,7,N,N,N,N,N,N,N,N
22,125,22----,J,878,J,46358,J,125003,3,N,N,N,N,N,N,N,N,N,N,N,N,N
22,125,221///,J,878,J,46358,J,125003,3,N,N,N,N,N,N,N,N,N,N,N,N,N
22,125,2211//,J,878,J,46358,J,125003,3,N,N,N,N,N,N,N,N,N,N,N,N,N
22,125,23----,J,96,H,1502,H,7832,21,14,4,N,N,N,N,N,N,N,N,N,N,N
22,125,236///,H,23,G,385,G,1765,6,4,N,N,N,N,N,N,N,N,N,N,N,N
22,125,2361//,J,6,G,72,G,403,3,3,N,N,N,N,N,N,N,N,N,N,N,N
22,125,23611/,J,6,G,72,G,403,3,3,N,N,N,N,N,N,N,N,N,N,N,N
22,125,2362//,G,17,G,313,G,1362,3,N,N,N,N,N,N,N,N,N,N,N,N,N
22,125,23622/,G,17,G,313,G,1362,3,N,N,N,N,N,N,N,N,N,N,N,N,N
22,125,236220,G,17,G,313,G,1362,3,N,N,N,N,N,N,N,N,N,N,N,N,N
22,125,237///,J,35,J,607,J,3891,3,N,N,N,N,N,N,N,N,N,N,N,N,N
22,125,238///,H,38,G,510,G,2176,12,9,3,N,N,N,N,N,N,N,N,N,N,N
22,125,2382//,J,17,G,225,G,883,6,5,N,N,N,N,N,N,N,N,N,N,N,N
22,125,23821/,G,11,G,178,G,704,3,N,N,N,N,N,N,N,N,N,N,N,N,N
22,125,238210,G,11,G,178,G,704,3,N,N,N,N,N,N,N,N,N,N,N,N,N
22,125,23822/,J,6,H,47,G,179,3,3,N,N,N,N,N,N,N,N,N,N,N,N
22,125,238220,J,6,H,47,G,179,3,3,N,N,N,N,N,N,N,N,N,N,N,N
22,125,2389//,G,21,H,285,H,1293,6,4,N,N,N,N,N,N,N,N,N,N,N,N
22,125,23891/,G,15,G,158,G,770,5,4,N,N,N,N,N,N,N,N,N,N,N,N
22,125,238910,G,15,G,158,G,770,5,4,N,N,N,N,N,N,N,N,N,N,N,N
22,125,31----,J,290,J,6654,J,26277,3,N,N,N,N,N,N,N,N,N,N,N,N,N
22,125,42----,J,14,H,380,H,1573,3,N,N,N,N,N,N,N,N,N,N,N,N,N
22,125,44----,H,283,H,2122,G,8859,29,13,7,6,N,N,N,N,N,N,N,N,N,N
22,125,441///,J,28,H,440,H,1900,3,N,N,N,N,N,N,N,N,N,N,N,N,N
22,125,445///,J,101,H,750,H,3266,4,N,N,N,N,N,N,N,N,N,N,N,N,N
22,125,4451//,J,98,H,745,H,3258,3,N,N,N,N,N,N,N,N,N,N,N,N,N
22,125,447///,H,49,H,246,H,1029,5,N,N,3,N,N,N,N,N,N,N,N,N,N
22,125,4471//,H,49,H,246,H,1029,5,N,N,3,N,N,N,N,N,N,N,N,N,N
22,125,44711/,G,34,G,171,G,735,4,N,N,N,N,N,N,N,N,N,N,N,N,N
22,125,447110,G,34,G,171,G,735,4,N,N,N,N,N,N,N,N,N,N,N,N,N
22,125,448///,J,28,J,241,J,827,4,N,N,N,N,N,N,N,N,N,N,N,N,N
22,125,4481//,J,11,J,81,J,137,3,N,N,N,N,N,N,N,N,N,N,N,N,N
22,125,452///,H,20,J,89,H,421,3,N,3,N,N,N,N,N,N,N,N,N,N,N
22,125,4523//,H,20,J,89,H,421,3,N,3,N,N,N,N,N,N,N,N,N,N,N
22,125,45231/,H,20,J,89,H,421,3,N,3,N,N,N,N,N,N,N,N,N,N,N
22,125,452319,H,20,J,89,H,421,3,N,3,N,N,N,N,N,N,N,N,N,N,N
22,125,453///,J,11,H,30,H,167,5,5,N,N,N,N,N,N,N,N,N,N,N,N
22,125,4532//,G,5,G,8,J,99,3,3,N,N,N,N,N,N,N,N,N,N,N,N
22,125,45322/,G,5,G,8,J,99,3,3,N,N,N,N,N,N,N,N,N,N,N,N
22,125,453220,G,5,G,8,J,99,3,3,N,N,N,N,N,N,N,N,N,N,N,N
22,125,48----,G,19,J,497,J,1614,5,3,N,N,N,N,N,N,N,N,N,N,N,N
22,125,51----,J,13,J,212,J,803,5,4,N,N,N,N,N,N,N,N,N,N,N,N
22,125,517///,J,11,J,202,J,770,4,3,N,N,N,N,N,N,N,N,N,N,N,N
22,125,5173//,J,8,J,185,J,682,3,N,N,N,N,N,N,N,N,N,N,N,N,N
22,125,51731/,J,8,J,185,J,682,3,N,N,N,N,N,N,N,N,N,N,N,N,N
22,125,52----,H,72,H,1242,H,5296,14,10,3,N,N,N,N,N,N,N,N,N,N,N
22,125,522///,J,55,J,922,H,3532,5,N,N,N,N,N,N,N,N,N,N,N,N,N
22,125,5221//,J,55,J,922,H,3532,5,N,N,N,N,N,N,N,N,N,N,N,N,N
22,125,52211/,H,48,J,865,H,3289,3,N,N,N,N,N,N,N,N,N,N,N,N,N
22,125,522110,H,48,J,865,H,3289,3,N,N,N,N,N,N,N,N,N,N,N,N,N
22,125,523///,J,7,H,195,H,1198,5,5,N,N,N,N,N,N,N,N,N,N,N,N
22,125,5239//,J,5,H,56,H,252,4,4,N,N,N,N,N,N,N,N,N,N,N,N
22,125,524///,G,10,G,125,H,566,4,3,N,N,N,N,N,N,N,N,N,N,N,N
22,125,5242//,G,10,G,125,H,566,4,3,N,N,N,N,N,N,N,N,N,N,N,N
22,125,52421/,G,10,G,125,G,525,3,N,N,N,N,N,N,N,N,N,N,N,N,N
22,125,524210,G,10,G,125,G,525,3,N,N,N,N,N,N,N,N,N,N,N,N,N
22,125,53----,H,46,G,421,G,2126,18,16,N,N,N,N,N,N,N,N,N,N,N,N
22,125,531///,J,21,G,196,G,753,15,15,N,N,N,N,N,N,N,N,N,N,N,N
22,125,5311//,G,9,G,75,G,311,4,4,N,N,N,N,N,N,N,N,N,N,N,N
22,125,5312//,G,5,H,48,G,194,6,6,N,N,N,N,N,N,N,N,N,N,N,N
22,125,53121/,G,5,H,48,G,194,6,6,N,N,N,N,N,N,N,N,N,N,N,N
22,125,531210,G,5,H,48,G,194,6,6,N,N,N,N,N,N,N,N,N,N,N,N
22,125,5313//,J,7,H,73,H,248,5,5,N,N,N,N,N,N,N,N,N,N,N,N
22,125,53132/,J,5,G,55,G,175,3,3,N,N,N,N,N,N,N,N,N,N,N,N
22,125,531320,J,5,G,55,G,175,3,3,N,N,N,N,N,N,N,N,N,N,N,N
22,125,532///,G,25,H,225,G,1373,3,N,N,N,N,N,N,N,N,N,N,N,N,N
22,125,54----,H,135,H,1847,H,5624,23,15,4,N,N,N,N,N,N,N,N,N,N,N
22,125,541///,H,135,H,1847,H,5624,23,15,4,N,N,N,N,N,N,N,N,N,N,N
22,125,5411//,J,9,H,134,G,538,6,6,N,N,N,N,N,N,N,N,N,N,N,N
22,125,54111/,J,9,H,134,G,538,6,6,N,N,N,N,N,N,N,N,N,N,N,N
22,125,541110,J,9,H,134,G,538,6,6,N,N,N,N,N,N,N,N,N,N,N,N
22,125,5413//,J,36,J,840,J,1737,3,N,N,N,N,N,N,N,N,N,N,N,N,N
22,125,5414//,J,8,G,71,G,278,3,N,N,N,N,N,N,N,N,N,N,N,N,N
22,125,5416//,H,41,H,480,H,1712,4,N,N,N,N,N,N,N,N,N,N,N,N,N
22,125,54161/,J,9,J,83,J,293,3,N,N,N,N,N,N,N,N,N,N,N,N,N
22,125,5419//,H,30,G,195,G,849,4,N,N,N,N,N,N,N,N,N,N,N,N,N
22,125,54194/,H,30,G,195,G,832,3,N,N,N,N,N,N,N,N,N,N,N,N,N
22,125,541940,H,30,G,195,G,832,3,N,N,N,N,N,N,N,N,N,N,N,N,N
22,125,56----,G,16,G,159,G,699,8,7,N,N,N,N,N,N,N,N,N,N,N,N
22,125,561///,G,15,G,151,G,683,7,6,N,N,N,N,N,N,N,N,N,N,N,N
22,125,5617//,J,6,J,64,J,294,3,3,N,N,N,N,N,N,N,N,N,N,N,N
22,125,56173/,J,6,J,64,J,294,3,3,N,N,N,N,N,N,N,N,N,N,N,N
22,125,561730,J,6,J,64,J,294,3,3,N,N,N,N,N,N,N,N,N,N,N,N
22,125,62----,G,471,H,5582,G,22320,24,8,5,7,N,N,N,N,N,N,N,N,N,N
22,125,621///,H,144,G,1733,G,6545,16,6,4,5,N,N,N,N,N,N,N,N,N,N
22,125,6211//,G,70,G,806,G,2699,6,N,N,N,N,N,N,N,N,N,N,N,N,N
22,125,62111/,G,70,G,806,G,2699,6,N,N,N,N,N,N,N,N,N,N,N,N,N
22,125,621111,G,70,G,806,G,2699,6,N,N,N,N,N,N,N,N,N,N,N,N,N
22,125,6212//,H,52,G,696,G,2777,6,N,N,N,N,N,N,N,N,N,N,N,N,N
22,125,62121/,H,52,G,696,G,2777,6,N,N,N,N,N,N,N,N,N,N,N,N,N
22,125,621210,H,52,G,696,G,2777,6,N,N,N,N,N,N,N,N,N,N,N,N,N
22,125,6213//,H,22,J,231,J,1069,4,N,N,N,N,N,N,N,N,N,N,N,N,N
22,125,624///,G,60,H,316,H,1445,6,N,N,N,N,N,N,N,N,N,N,N,N,N
22,125,6241//,J,34,J,219,J,1044,4,N,N,N,N,N,N,N,N,N,N,N,N,N
22,125,72----,G,685,G,3438,G,13636,30,6,6,6,7,4,N,N,N,N,N,N,N,N
22,125,721///,H,91,G,580,G,2621,6,N,N,N,N,N,N,N,N,N,N,N,N,N
22,125,7211//,H,81,H,552,G,2524,4,N,N,N,N,N,N,N,N,N,N,N,N,N
22,125,722///,H,594,G,2858,G,11015,24,4,5,5,5,4,N,N,N,N,N,N,N,N
22,125,7223//,J,25,J,155,J,397,4,N,N,N,N,N,N,N,N,N,N,N,N,N
22,125,72232/,J,13,H,71,H,277,3,N,N,N,N,N,N,N,N,N,N,N,N,N
22,125,722320,J,13,H,71,H,277,3,N,N,N,N,N,N,N,N,N,N,N,N,N
22,125,7225//,G,567,G,2693,G,10571,19,N,5,3,5,4,N,N,N,N,N,N,N,N
22,125,72251/,G,567,G,2693,G,10571,19,N,5,3,5,4,N,N,N,N,N,N,N,N
22,125,722511,G,429,G,2210,G,8807,11,N,N,N,3,3,N,N,N,N,N,N,N,N
22,125,722513,G,138,G,483,G,1764,8,N,3,N,N,N,N,N,N,N,N,N,N,N
22,125,81----,G,174,H,2498,H,9264,16,9,N,3,N,N,N,N,N,N,N,N,N,N
22,125,811///,H,83,J,1984,J,7175,3,N,N,N,N,N,N,N,N,N,N,N,N,N
22,125,813///,H,91,G,514,G,2089,13,8,N,3,N,N,N,N,N,N,N,N,N,N
22,125,8131//,H,84,G,445,G,1786,9,4,N,3,N,N,N,N,N,N,N,N,N,N
22,125,81311/,H,84,G,445,G,1786,9,4,N,3,N,N,N,N,N,N,N,N,N,N
22,125,813110,H,84,G,445,G,1786,9,4,N,3,N,N,N,N,N,N,N,N,N,N
22,125,8132//,G,6,J,67,J,271,3,3,N,N,N,N,N,N,N,N,N,N,N,N
22,125,81321/,G,6,J,67,J,271,3,3,N,N,N,N,N,N,N,N,N,N,N,N
